source,value
empirical,16.750128355098326
empirical,16.543209349683842
empirical,34.284325870242355
empirical,21.300170667880646
empirical,32.092724026514475
empirical,76.50136206719628
empirical,6.044478515578415
empirical,81.42979027107349
empirical,51.82060017845335
empirical,64.88799751986774
empirical,62.009930293551065
empirical,25.886283834425956
empirical,17.17296377084513
empirical,61.08303684412461
empirical,72.22235544685114
empirical,75.55577717546979
empirical,12.232454131994116
empirical,41.235918282076554
empirical,54.2778243237083
empirical,13.223232897846557
empirical,42.85473604911085
empirical,61.84620652772394
empirical,7.0407410805369395
empirical,12.08895703115683
empirical,16.75377382062457
empirical,44.98101040394084
empirical,6.5482142722602195
empirical,7.714444087643125
empirical,34.54859771553765
empirical,52.77881258954194
empirical,34.70734583110115
empirical,54.90446642989516
empirical,39.81999810212082
empirical,46.5834157387652
empirical,29.636219785697897
empirical,36.85841996322266
empirical,34.12520083767085
empirical,59.51641441743775
empirical,19.84271549863019
empirical,39.4112796629673
empirical,42.762862611470325
empirical,37.757734725486046
empirical,6.530830688885647
empirical,7.200019461162331
empirical,8.69630638306041
empirical,23.538019710272025
empirical,12.575309204464062
empirical,9.178539820127789
empirical,19.763362948869258
empirical,50.23272977152049
empirical,21.80049208641316
empirical,35.32266540393161
empirical,31.845206274473362
empirical,23.482604188163197
empirical,56.91390433948527
empirical,17.602274406655006
empirical,41.90228233107237
empirical,2.209297097449406
empirical,39.83314452813962
empirical,32.18621317035216
empirical,42.29190350550025
empirical,58.030812999232566
empirical,18.986146207069204
empirical,18.619787720042478
empirical,44.58847043063544
empirical,34.92214431869485
empirical,25.04578958376121
empirical,32.66372562155485
empirical,16.422129317520888
empirical,88.6445783114529
empirical,53.04660727062422
empirical,32.32799489342226
empirical,40.116403928932314
empirical,83.42507696132219
empirical,28.51014909593123
empirical,38.05866330179592
empirical,73.58152674615424
empirical,8.56795459814342
empirical,20.951557804349584
empirical,40.94014225908099
empirical,12.46403249208769
empirical,17.917029117054533
empirical,41.82843534456016
empirical,25.82403932928245
empirical,22.014582189136107
empirical,5.2987651308501835
empirical,22.59340504212387
empirical,32.34120540124413
empirical,44.615061349872164
empirical,7.714444087643125
empirical,32.13158654006524
empirical,58.04429068375477
empirical,80.09941764668278
empirical,25.04129852857221
empirical,9.438323607335441
empirical,22.84745767619423
empirical,102.78636125312633
empirical,29.224486755108458
empirical,134.25006493899298
empirical,23.77056716373694
empirical,107.84608025719592
empirical,25.7393109582593
empirical,13.127528421362715
empirical,33.75233614185939
empirical,117.98675070397461
empirical,22.648820564232693
empirical,46.20548215712351
empirical,23.070815017829123
empirical,13.747520939901959
empirical,173.37820798707435
empirical,28.861667333991342
empirical,10.520331884763982
empirical,93.03270764718083
empirical,53.47861643576491
empirical,24.9528894384884
empirical,32.15123265583287
empirical,49.48941857514521
empirical,14.385187002348978
empirical,10.978506208333899
empirical,13.313504181414253
empirical,19.029949506609615
empirical,0.0
empirical,45.044687494768816
empirical,124.43237887189106
empirical,40.59411667499935
empirical,11.864659982573018
empirical,18.27789065971944
empirical,44.25029839097222
empirical,29.46258665194785
empirical,45.61392045860743
empirical,43.541835183121236
empirical,16.335827123930457
empirical,71.84888118943005
empirical,48.164153159093814
empirical,23.14272382991362
empirical,29.48994204224051
empirical,31.396019897862022
empirical,60.333947861458704
empirical,37.924471277690444
empirical,26.896581128818934
empirical,116.18766402526983
empirical,52.7366571275755
empirical,49.01927862055145
empirical,26.60911853109711
empirical,29.503323627598036
empirical,15.246006047052356
empirical,55.00094004711821
empirical,13.662980643207316
empirical,35.33555900291509
empirical,24.963748999628947
empirical,42.49343477334439
empirical,40.376832208983956
empirical,19.20906790811199
empirical,33.61418360828262
empirical,5.229337929769933
empirical,43.16547211694701
empirical,75.41322710141093
empirical,18.595374058214013
empirical,32.633898034401554
empirical,27.538043983742764
empirical,25.096027049785683
empirical,210.02347489038237
empirical,63.27025803203385
empirical,25.353566656914694
empirical,9.438323607335441
empirical,31.457656485244158
empirical,66.09595234560665
empirical,79.74384484564631
empirical,14.37918232736256
empirical,7.853119676912579
empirical,93.59404043554763
empirical,17.510433067700156
empirical,4.04208312582216
empirical,22.064938581701192
empirical,21.32928391012981
empirical,23.24543565459993
empirical,29.23108022694239
empirical,52.61164551844558
empirical,63.83069316283597
empirical,46.79893955861133
empirical,54.9422723304959
empirical,17.989747879726714
empirical,26.33374209536547
empirical,33.50449602834727
empirical,15.602911276978016
empirical,52.65924954753949
empirical,22.15058585563871
empirical,4.295879940054407
empirical,28.49793730576226
empirical,28.0103914510498
empirical,37.481978846996306
empirical,49.726998190096865
empirical,70.83877962687721
empirical,28.97957299495108
empirical,65.83792558822906
empirical,43.86755645114798
empirical,54.29629922465085
empirical,62.88064491649187
empirical,7.200019461162331
empirical,2.117645581083474
empirical,21.076352574759134
empirical,34.77133162511295
empirical,28.40261247707437
empirical,32.041072324518346
empirical,9.046104482200601
empirical,29.55755256232569
empirical,27.64705145256248
empirical,37.38476349776902
empirical,36.54443266776687
empirical,69.76745435068602
empirical,87.75540454640705
empirical,28.137680951305743
empirical,67.56984998278983
empirical,2.117645581083474
empirical,34.39157408403818
empirical,83.6697216383157
empirical,85.60569057597817
empirical,12.696510907919738
empirical,46.91834260513808
empirical,54.12786520235885
empirical,53.625254527854615
empirical,8.364215512357134
empirical,22.50937355644436
empirical,12.56972728638773
empirical,25.120755152801127
empirical,38.31260611241314
empirical,7.37554377769517
empirical,23.34930042236703
empirical,44.83827977431606
empirical,7.217717345105499
empirical,18.34003438448664
empirical,35.807712675457495
empirical,32.95967882219386
empirical,72.60152340182961
empirical,37.42678508629639
empirical,54.58902911715827
empirical,51.37741800690891
empirical,0.0
empirical,86.89236640638636
empirical,24.100333047762277
empirical,74.62519553062717
empirical,7.379632364533473
empirical,31.743457908297138
empirical,41.31911031025582
empirical,15.706600933880633
empirical,34.40801339046178
empirical,54.12484054050337
empirical,34.079877929721356
empirical,32.099932718894905
empirical,79.8015226386618
empirical,158.36865989639026
empirical,59.74892670019847
empirical,15.995708954342573
empirical,45.62520096231232
empirical,11.962565237773294
empirical,15.71878585145639
empirical,38.97795034912733
empirical,98.93787156216685
empirical,12.318274080206725
empirical,20.50541599228112
empirical,25.66586517116854
empirical,18.46390616894289
empirical,38.08808459484029
empirical,26.58590510953688
empirical,6.514374131845283
empirical,25.155612312628737
empirical,9.770539663939982
empirical,0.0
empirical,0.0
empirical,35.54234546852416
empirical,40.901352538487295
empirical,60.03023558157028
empirical,70.3851824209952
empirical,20.974071929274047
empirical,13.197532127876567
empirical,49.04669438743303
empirical,20.187384689761764
empirical,88.89575891125553
empirical,22.393883272397414
empirical,22.76046287201764
empirical,27.362877805441425
empirical,33.814124795166464
empirical,47.3196262171774
empirical,58.710400013015295
empirical,9.920021679317628
empirical,5.419332653741056
empirical,54.83650688482922
empirical,19.007385373506857
empirical,26.157958845566927
empirical,36.82000901556739
empirical,43.65748858774099
empirical,23.991810476234235
empirical,30.569483599129722
empirical,26.846514988455286
empirical,12.687693336561875
empirical,68.51794389901114
empirical,30.799946335987087
empirical,29.336022962559632
empirical,32.73306402401157
empirical,34.93433727214423
empirical,18.12300980012515
empirical,65.39783779088302
empirical,41.069844170968125
empirical,24.81570510058863
empirical,25.012150245530762
empirical,37.661488279048626
empirical,58.19875319172812
empirical,7.460442711893745
empirical,11.542863606416487
empirical,6.725400952354537
empirical,75.06595311123124
empirical,115.45316590155566
empirical,65.83976164076739
empirical,5.2896183066574505
empirical,17.669889100377812
empirical,0.0
empirical,63.92759736133361
empirical,16.159322271492417
empirical,12.410458577963407
empirical,113.92588335555007
empirical,0.0
empirical,38.99630833047971
empirical,51.60471113789653
empirical,31.675803725463048
empirical,25.150618408928125
empirical,31.44513378920971
empirical,31.8871550411937
empirical,48.898836760896195
empirical,108.6613011155824
empirical,40.9459620193923
empirical,34.06688497056502
empirical,68.91941480176477
empirical,88.926299888939
empirical,56.38295308057576
empirical,51.49108906659153
empirical,51.0924757141838
empirical,23.222845123604095
empirical,64.85731192172013
empirical,61.86193702989207
empirical,13.65173556381627
empirical,41.2534602342399
empirical,20.53073373823043
empirical,76.3790165461537
empirical,71.16674828629269
empirical,5.229337929769933
empirical,27.414013507413486
empirical,41.32231995383618
empirical,27.596496263925474
empirical,19.673289819641514
empirical,53.132153280226404
empirical,27.743675337900637
empirical,77.7140898393612
empirical,2.9143644012641174
empirical,34.10029288350157
empirical,0.0
empirical,32.0276651847645
empirical,69.24592525286769
empirical,37.837010802135204
empirical,84.86088292408868
empirical,20.754436616348386
empirical,59.56291122168919
empirical,27.186582147967915
empirical,42.31295887844121
empirical,15.279957494419726
empirical,64.66132414952662
empirical,28.58263035557149
empirical,17.929883033583295
empirical,29.559016567107353
empirical,15.14168725508061
empirical,32.88146678472734
empirical,4.575658505274875
empirical,38.33836646481477
empirical,9.116940328850756
empirical,11.089793800639665
empirical,25.062621188118428
empirical,0.0
empirical,17.364465723850557
empirical,12.291886694981278
empirical,16.783538080249294
empirical,152.25960134361006
empirical,4.418594194898812
empirical,14.913239680882281
empirical,35.50630719868978
empirical,27.67839958383663
empirical,20.76151268132165
empirical,48.05607001103612
empirical,14.785075091711944
empirical,1.9510284956776276
empirical,14.936695848310004
empirical,12.615559275442944
empirical,26.794531137314053
empirical,53.4958838707456
empirical,49.81300387888338
empirical,92.722012297005
empirical,46.6643148572467
empirical,62.15408444825233
empirical,3.2290636986567964
empirical,21.94223310220705
empirical,26.74408616291011
empirical,41.10903007219272
empirical,46.61420277822944
empirical,82.4047391601682
empirical,60.652273645672445
empirical,30.723310534157463
empirical,35.97360773558673
empirical,81.05394651792494
empirical,112.78195242652217
empirical,39.754880945273065
empirical,39.27051662616503
empirical,42.46090940791242
empirical,13.623315361662623
empirical,7.4110462816715845
empirical,49.80444043937999
empirical,43.690424078003794
empirical,23.459873459671375
empirical,57.63400420237863
empirical,52.22437188046999
empirical,55.90304640084779
empirical,17.265316023668717
empirical,40.07432181421939
empirical,32.34249391198389
empirical,43.5831105606014
empirical,50.16279693371309
empirical,44.30569696996883
empirical,18.30641112920554
empirical,45.36268087570329
empirical,6.941564483119553
empirical,13.752765372340795
empirical,42.127899463986985
empirical,2.524241630437853
empirical,45.09464711143648
empirical,36.971768122635865
empirical,27.434908628515682
empirical,52.96820861401345
empirical,90.23040912952419
empirical,12.008787567601267
empirical,72.8467123170472
empirical,18.27044634225609
empirical,38.254976266481535
empirical,25.883057654765754
empirical,48.56954970573677
empirical,38.011496201046654
empirical,20.420041980104763
empirical,41.723188375650594
empirical,26.66516474203011
empirical,9.684091295579695
empirical,48.33684648024801
empirical,64.6466602065947
empirical,16.072136861675304
empirical,25.084781970394637
empirical,67.88403770744061
empirical,12.2177513616782
empirical,40.948144005431715
empirical,54.74844595669236
empirical,55.00138716414051
empirical,14.53442638461699
empirical,17.024696699880547
empirical,8.106916491144826
empirical,30.079242706225834
empirical,54.590606618459745
empirical,25.47055349160985
empirical,14.476078276167328
empirical,57.808016482691244
empirical,27.81803623846565
empirical,27.249523171897852
empirical,8.603252302940565
empirical,6.294514080163746
empirical,29.9228872855723
empirical,235.332140943813
empirical,27.95721910302264
empirical,16.037931224436175
empirical,43.670808817470885
empirical,32.96847885110326
empirical,23.033071658646197
empirical,45.4923952227869
empirical,17.614747593825033
empirical,40.00683954003218
empirical,17.20227897516882
empirical,37.784584616353875
empirical,25.842034583003034
empirical,49.76154538423814
empirical,31.98931114958657
empirical,43.65988204970283
empirical,70.66040438049959
empirical,56.03064203433068
empirical,32.309852055414524
empirical,22.179671947587376
empirical,38.76461881044464
empirical,7.934427459986176
empirical,19.818633552094724
empirical,4.295879940054407
empirical,16.471403113685888
empirical,115.05598388994909
empirical,20.629460797792106
empirical,51.303988968170785
empirical,36.9555669496597
empirical,39.02279662944994
empirical,46.88532896207545
empirical,51.78601116891244
empirical,37.778663267621425
empirical,55.41048428234439
empirical,43.15021131490673
empirical,37.55100219068877
empirical,12.135874233080923
empirical,2.4119594510180393
empirical,32.805778149707315
empirical,3.600009730581166
empirical,69.33349069300013
empirical,34.77850450352405
empirical,2.117645581083474
empirical,9.782551862831369
empirical,169.37856520146397
empirical,50.533263150764206
empirical,17.98281210206891
empirical,126.18655378942066
empirical,26.690882253164965
empirical,78.5484371371395
empirical,23.647821745090056
empirical,28.673915132533722
empirical,43.60598687129494
empirical,110.98779903369005
empirical,47.451166502305526
empirical,14.685562425782424
empirical,21.276525854922028
empirical,108.87633254852199
empirical,56.480248938471334
empirical,30.935870145415983
empirical,44.56788410829721
empirical,18.347228265529157
empirical,34.36092035315387
empirical,33.189686223316684
empirical,13.88567165067333
empirical,56.8462650725831
empirical,16.21197441951868
empirical,79.92783808086963
empirical,44.37536100009849
empirical,41.34502437594981
empirical,74.1682456651069
empirical,16.892044341864114
empirical,104.05034950878395
empirical,39.83467915407729
empirical,26.06513476618754
empirical,21.25017796626468
empirical,34.85864579478472
empirical,24.25318438833049
empirical,26.434370233959978
empirical,66.3770494037373
empirical,56.3984509876639
empirical,62.50653157347552
empirical,0.0
empirical,35.24124348455953
empirical,8.61449738233161
empirical,29.88763575277148
empirical,49.30506009115688
empirical,27.371270736368647
empirical,24.36675097864519
empirical,47.02740097449958
empirical,147.2490253846958
empirical,85.14434286382695
empirical,47.988007050802345
empirical,26.397464624048734
empirical,59.527316266359136
empirical,41.661561402389346
empirical,128.61902119635815
empirical,71.48327937351664
empirical,16.71191439018307
empirical,60.40205018042913
empirical,58.90638951996045
empirical,17.056232176198836
empirical,57.93296613781135
empirical,24.106667104401094
empirical,17.217749685272175
empirical,24.264924026290824
empirical,31.376055121883663
empirical,21.54761626788062
empirical,44.21718639066256
empirical,42.37590187971936
empirical,23.396521634842763
empirical,26.347650752393726
empirical,79.11597704017194
empirical,49.500821160443365
empirical,29.764655606395102
empirical,91.71008114861942
empirical,19.703477168383564
empirical,38.679826898902874
empirical,21.24879627824116
empirical,10.338101567533156
empirical,35.96864999323134
empirical,36.5650426474103
empirical,36.093806636080494
empirical,0.0
empirical,9.384666787250604
empirical,8.778110699481458
empirical,21.726003924654233
empirical,46.49892050321429
empirical,124.0637242027898
empirical,30.948909997342778
empirical,4.063429644322265
empirical,23.54823349472163
empirical,131.52833703961713
empirical,27.695895488293672
empirical,15.179452637233027
empirical,300.1734543240668
empirical,39.60257358575538
empirical,22.798019769720888
empirical,13.556350193465345
empirical,101.70789840368836
empirical,44.76541722826177
empirical,34.31416860615833
empirical,20.99269985667184
empirical,6.928458901117127
empirical,25.035044789737867
empirical,14.245274776528772
empirical,123.071904640307
empirical,29.54275631032214
empirical,55.26107751095138
empirical,24.336999980930855
empirical,22.98839570073038
empirical,24.306257069939917
empirical,24.186364938028547
empirical,17.108477974268972
empirical,62.6706327868759
empirical,68.40354128666687
empirical,52.95993911319391
empirical,34.61702436968008
empirical,22.20791112570219
empirical,33.3687477455175
empirical,72.53379603468814
empirical,28.64923272574455
empirical,30.543779905680385
empirical,83.03191034121497
empirical,17.0813122544792
empirical,6.181204294427411
empirical,19.611901867227644
empirical,27.165795952823764
empirical,32.418394723711764
empirical,38.69709128604188
empirical,14.507980150494149
empirical,22.203564792896756
empirical,34.818559478089604
empirical,27.169767901632717
empirical,41.03488848460434
empirical,71.68980328932501
empirical,58.49343513229898
empirical,28.510179241905725
empirical,17.077908784420387
empirical,52.64007465377297
empirical,35.45345711725081
empirical,131.0953939033805
empirical,62.11283598956072
empirical,19.87337107402916
empirical,18.808929308212658
empirical,45.30833435465294
empirical,52.767067294897544
empirical,3.83543984959298
empirical,32.931161715596794
empirical,13.19340013637191
empirical,22.923511549583345
empirical,42.146279855566455
empirical,16.344893768650238
empirical,172.0060067881961
empirical,57.39685135387995
empirical,14.437977393131382
empirical,45.75625248294528
empirical,40.5709152914983
empirical,47.52093949388519
empirical,102.76108108274053
empirical,44.19380877878749
empirical,34.72015972490716
empirical,56.95824230748786
empirical,30.204535675186634
empirical,16.02878791276862
empirical,19.26321141328068
empirical,76.8148869052292
empirical,67.62659891172648
empirical,28.32878325080322
empirical,42.59086006630976
empirical,53.738755962894004
empirical,36.43128665564952
empirical,20.218789073916
empirical,42.54492767483319
simulated,31.843850024023666
simulated,20.335400552926092
simulated,28.691497396341163
simulated,28.476908057045563
simulated,7.425134024896955
simulated,25.066681294536668
simulated,16.2636768517736
simulated,48.93371849930119
simulated,19.493880214899676
simulated,33.42346724310052
simulated,19.92441979248499
simulated,16.47669095002327
simulated,29.8211308275522
simulated,29.93317323667
simulated,40.01187559762236
simulated,37.49739612954108
simulated,58.637083308287785
simulated,43.683522286938576
simulated,42.584394721342306
simulated,51.38391401323767
simulated,44.350916972004164
simulated,24.027217571632967
simulated,57.118274761978405
simulated,74.9122547066828
simulated,28.738975268190885
simulated,62.56035409078471
simulated,49.00886024161318
simulated,58.82127769115104
simulated,40.07233821759363
simulated,24.67973354379327
simulated,31.516435949095964
simulated,24.247325244592023
simulated,63.4869263803735
simulated,34.78643662364091
simulated,31.698475286195425
simulated,23.195453959694035
simulated,70.56941471972942
simulated,19.410492266470236
simulated,31.177497400062634
simulated,20.641572607682022
simulated,17.754709407616325
simulated,53.310724795049055
simulated,9.2465619512378
simulated,49.73813608063119
simulated,58.38223245815908
simulated,42.60088107924953
simulated,47.954788986070696
simulated,56.60699812461146
simulated,66.26301436947712
simulated,18.933893521541464
simulated,32.55837143997774
simulated,40.542088802368426
simulated,44.52161163728299
simulated,18.956456180204153
simulated,26.09822054453761
simulated,28.710346624771116
simulated,40.85691415199634
simulated,17.3277239635165
simulated,53.90346120756662
simulated,35.38679299536474
simulated,98.77619144072048
simulated,19.014393355166565
simulated,46.04470767535864
simulated,63.665022461760906
simulated,37.149454546276516
simulated,14.761916318798038
simulated,30.4192577255628
simulated,24.923913346592293
simulated,84.46831855828827
simulated,71.50878333621698
simulated,60.244935449675914
simulated,43.67575315094837
simulated,78.71771580102227
simulated,49.97836485992637
simulated,58.1768003541536
simulated,28.138724985134054
simulated,45.829688413232
simulated,39.72857925419258
simulated,34.935539916251436
simulated,43.544267596016006
simulated,30.86781165730845
simulated,26.74881080559317
simulated,48.297165915587016
simulated,41.78003461743682
simulated,26.00520334128445
simulated,6.422874761661831
simulated,37.8364064062431
simulated,34.596012701740094
simulated,41.14644664699343
simulated,57.7490754218415
simulated,51.41689415916209
simulated,62.55217250258623
simulated,36.0466515709211
simulated,31.506801635904285
simulated,47.3615925597074
simulated,20.890075349675804
simulated,76.9690931157969
simulated,24.941822255684375
simulated,55.89997606298804
simulated,67.7030631966454
simulated,25.782974528580503
simulated,54.198703556159565
simulated,54.50096479379614
simulated,22.398412073366146
simulated,26.113838168480708
simulated,58.57462641405551
simulated,34.00265584866666
simulated,55.81216901417438
simulated,37.92816284594337
simulated,111.48773547259704
simulated,21.57302674074178
simulated,24.892671632873583
simulated,26.68789815055724
simulated,73.15701210916075
simulated,70.45031715085418
simulated,32.73772966108598
simulated,44.27054349443832
simulated,22.906167526790394
simulated,36.44396589042551
simulated,40.00416848378399
simulated,24.74893385852611
simulated,28.46004946580051
simulated,90.37795805667875
simulated,61.84463644042019
simulated,23.892550597325965
simulated,34.14399569485087
simulated,61.76830975321577
simulated,58.42023444863
simulated,30.586287594843704
simulated,120.9070208934696
simulated,11.844530842838308
simulated,49.04343296958669
simulated,30.24992832533593
simulated,67.3134796626493
simulated,28.506926234556442
simulated,32.36874007930788
simulated,21.39411660583208
simulated,29.465746233935832
simulated,22.127412944820744
simulated,46.44130178261415
simulated,25.281328236307345
simulated,10.567560958183122
simulated,54.69169402119896
simulated,74.16228201715927
simulated,65.28778736766245
simulated,27.580457554862328
simulated,31.205179801199613
simulated,24.50912670334811
simulated,22.98786389844266
simulated,50.67157563232533
simulated,20.669866378384818
simulated,94.03310877488848
simulated,14.775516975578931
simulated,20.509441240232956
simulated,13.216938087771394
simulated,51.21997296723666
simulated,27.986587235437177
simulated,36.31826253007863
simulated,39.12430738725992
simulated,69.51370069534136
simulated,37.51299134504343
simulated,6.038888622301684
simulated,24.822765251596717
simulated,22.302757118412945
simulated,35.837987068399805
simulated,33.50120106674038
simulated,19.55240118047553
simulated,20.49062620298163
simulated,39.42796848328485
simulated,18.378030701726853
simulated,51.26973132188152
simulated,14.310194644556525
simulated,27.243776581673103
simulated,56.4219442421132
simulated,34.61949313565945
simulated,29.301531383423864
simulated,33.132545587852555
simulated,23.158457897135154
simulated,17.04910918432722
simulated,36.48565267560207
simulated,40.33043898884999
simulated,54.98295100162876
simulated,38.41314176390915
simulated,29.092016949688226
simulated,16.10272404704181
simulated,26.90780769052759
simulated,56.217983854361464
simulated,75.44136952807278
simulated,18.722811819774822
simulated,8.763513499097604
simulated,31.163363711819244
simulated,64.79943982930403
simulated,31.673468935944886
simulated,42.51241243556498
simulated,29.674575550230298
simulated,53.438326258449656
simulated,39.92929138785286
simulated,43.81941052648762
simulated,13.591325260531661
simulated,21.91672582614069
simulated,10.84228570799658
simulated,49.13545716289891
simulated,26.579991356827485
simulated,19.764676754103856
simulated,17.83175679330222
simulated,21.869950000501245
simulated,13.9811267259282
simulated,4.8274143245394505
simulated,51.41706651582162
simulated,12.51680586280781
simulated,19.2217938469311
simulated,25.593889649777573
simulated,8.1092893321084
simulated,33.08301960947758
simulated,37.7665017174888
simulated,35.8404915339116
simulated,30.15799468715753
simulated,53.878073308267716
simulated,19.701749081234247
simulated,35.04881146217261
simulated,37.14872677913884
simulated,27.028684975795308
simulated,72.7821427855971
simulated,40.86692535412296
simulated,37.51852965702932
simulated,29.749972540864587
simulated,46.395624229758994
simulated,16.47448883455079
simulated,58.55150405354132
simulated,35.854660989040454
simulated,25.287615820382626
simulated,34.64205127456096
simulated,77.3799336242055
simulated,37.5654622728467
simulated,25.804466115313843
simulated,15.313743841516782
simulated,38.24450987675516
simulated,74.0930251575349
simulated,36.81715306184923
simulated,89.41649111512211
simulated,43.71783531453883
simulated,23.118534010653942
simulated,26.864240904237384
simulated,45.24759252801125
simulated,20.716510229952497
simulated,16.41180633535989
simulated,16.931525598030635
simulated,14.142888490200558
simulated,24.088646611279934
simulated,29.76346522550957
simulated,28.796283875709165
simulated,107.5320438165563
simulated,40.40775146445231
simulated,51.37035326615667
simulated,18.98425995457611
simulated,44.04460412741311
simulated,35.63033116292593
simulated,12.623001449395078
simulated,28.48682616477723
simulated,63.11440348215862
simulated,32.9025301219455
simulated,16.798866875327914
simulated,21.733074131585777
simulated,57.80439717283507
simulated,65.58401275147929
simulated,31.782786921066123
simulated,89.19030582618473
simulated,74.80138950338376
simulated,21.5825701302147
simulated,150.72904009985893
simulated,14.45505969216051
simulated,49.90207694486212
simulated,21.42666114184443
simulated,84.48759087076768
simulated,40.69112134778129
simulated,10.534640522193314
simulated,35.76576368102147
simulated,40.694573311467146
simulated,35.30090472191074
simulated,33.355439428102216
simulated,32.89131537032502
simulated,7.402257748520584
simulated,58.24251252567624
simulated,46.115601988339584
simulated,32.94826810489413
simulated,34.55661468649268
simulated,40.485457511045595
simulated,41.329664757407485
simulated,38.83092507502582
simulated,112.76308431244617
simulated,30.168720543796958
simulated,8.721565719304543
simulated,49.4657960831201
simulated,28.599198812580575
simulated,112.44771951331771
simulated,43.557255355361235
simulated,17.193400850285087
simulated,28.045421394993443
simulated,50.984012845241764
simulated,43.5968712117973
simulated,32.74447616718116
simulated,65.83036199529573
simulated,32.235781350388486
simulated,27.59111302725968
simulated,102.56647601284293
simulated,14.051758108201554
simulated,44.99332508189509
simulated,25.91862479064593
simulated,59.9306554259611
simulated,13.287282315571828
simulated,36.68469710889953
simulated,35.0188212047131
simulated,64.62161712635995
simulated,23.453824326772473
simulated,54.22594340318875
simulated,70.86473376862898
simulated,58.90698064304788
simulated,46.13834464023357
simulated,26.937615249879116
simulated,45.74751204644066
simulated,54.78904280992757
simulated,17.617163143927044
simulated,21.14756078063705
simulated,96.6118907305249
simulated,28.307327852353666
simulated,21.582272810148833
simulated,35.22151115822135
simulated,91.19099466956612
simulated,41.38818028829208
simulated,48.76362937968142
simulated,24.62365887481597
simulated,33.59582311672356
simulated,44.40704167526863
simulated,22.029665817995863
simulated,41.5683702109796
simulated,12.925303707153002
simulated,19.739628378425333
simulated,20.986326716965554
simulated,22.523933418660427
simulated,12.92080857441277
simulated,66.723097142647
simulated,43.707462699535675
simulated,43.83789129955407
simulated,23.177101335436717
simulated,102.62615693991354
simulated,11.39253837618547
simulated,17.731251959720474
simulated,22.048419292202983
simulated,23.970505547665205
simulated,24.803750123696002
simulated,27.906189793108812
simulated,28.911824251271216
simulated,34.68409098514339
simulated,37.088805476260816
simulated,4.536338375964731
simulated,51.859513457611286
simulated,81.5508808782969
simulated,23.451238645558867
simulated,51.086287507649516
simulated,39.51437029797981
simulated,47.88352212111967
simulated,50.46541095492727
simulated,16.990952438367653
simulated,32.518809622026495
simulated,30.23407545552154
simulated,46.35679318353405
simulated,15.098137908042574
simulated,38.15657956410424
simulated,56.37842429911479
simulated,31.686287520686225
simulated,35.164700234219524
simulated,31.10654459201737
simulated,34.82285158160024
simulated,45.72981325305543
simulated,35.102846663276765
simulated,28.92573315054893
simulated,54.46607595579776
simulated,32.004676862459824
simulated,50.725815017020594
simulated,22.24529622326728
simulated,16.77307026059702
simulated,62.257535632458456
simulated,29.06413717019637
simulated,20.486223213383415
simulated,39.36882084214089
simulated,25.953814846366726
simulated,28.3202635541846
simulated,21.12320615389614
simulated,29.119941173805906
simulated,58.4978430848689
simulated,33.894138201957205
simulated,90.67620259658169
simulated,35.94800667159041
simulated,61.592492183756136
simulated,67.10041997591965
simulated,116.17125222746223
simulated,34.79080227167263
simulated,37.21774358184719
simulated,32.183568956515245
simulated,71.6332203565178
simulated,15.83756172827231
simulated,44.6507725514979
simulated,34.02375684150455
simulated,23.27950457279887
simulated,13.71047927255559
simulated,15.212400178940921
simulated,35.71676397601674
simulated,34.55867765336152
simulated,19.58384597596256
simulated,29.947233348162246
simulated,23.695948596049796
simulated,12.77809431754024
simulated,34.58255416605187
simulated,51.18160330830361
simulated,26.491113698838213
simulated,20.322691575871204
simulated,41.31785066113771
simulated,48.90197401894298
simulated,15.170462783751951
simulated,55.41959001249138
simulated,50.379071077394684
simulated,23.519377179739834
simulated,46.31638514190118
simulated,35.15953701853583
simulated,54.09585236131897
simulated,72.58385957137945
simulated,37.59184555508554
simulated,22.893967247715164
simulated,29.0735388087969
simulated,63.152532980454346
simulated,108.3806989711336
simulated,21.903304728587656
simulated,38.69399829115112
simulated,8.946325092641466
simulated,86.71309220616033
simulated,26.116754110656274
simulated,29.661290102128458
simulated,32.99014461626735
simulated,71.33578561626895
simulated,12.501530564539372
simulated,62.49672120875745
simulated,27.328952246622027
simulated,50.47947054685682
simulated,25.165906695863907
simulated,79.46045982804962
simulated,31.502610589514717
simulated,36.67019210800375
simulated,23.17723256667574
simulated,17.829749656337636
simulated,25.61933348816995
simulated,69.82401939014323
simulated,35.79206004629485
simulated,17.605522683768715
simulated,72.40805585578904
simulated,23.06383973724089
simulated,27.038348843826057
simulated,26.71558097606864
simulated,58.670293359955146
simulated,47.8070335091067
simulated,24.57918802084098
simulated,33.02719889012789
simulated,69.14011866484955
simulated,38.49253696071108
simulated,9.736850048268566
simulated,56.46247219006685
simulated,64.12250649906257
simulated,57.363114118126404
simulated,19.839062469417726
simulated,52.53244498574798
simulated,44.00535173826927
simulated,33.174271406992105
simulated,22.302049978012242
simulated,43.21322147390012
simulated,58.951672908409286
simulated,22.81453510113034
simulated,61.75977810766764
simulated,24.630783235271444
simulated,25.13162691534933
simulated,85.96987663406726
simulated,24.98086629916461
simulated,98.49935167164469
simulated,24.31635589279808
simulated,48.9978768655248
simulated,35.33232385708233
simulated,73.94739464625683
simulated,116.10831395848365
simulated,38.163314366672324
simulated,18.385527442349687
simulated,71.27549524597447
simulated,81.6719755855085
simulated,67.89988144792328
simulated,39.60862241937743
simulated,36.57545014748359
simulated,47.15174260780427
simulated,25.014371268398797
simulated,33.1107042636433
simulated,44.9349328226825
simulated,43.11290093287979
simulated,13.303769933809306
simulated,24.590585444826484
simulated,17.323531958620634
simulated,16.54127378009768
simulated,35.92172385866906
simulated,65.63638009803675
simulated,5.60516275853419
simulated,47.067999044597755
simulated,11.238644827778636
simulated,48.42329268818612
simulated,28.897691446798397
simulated,39.21302816845457
simulated,11.612888897909432
simulated,27.998997666887693
simulated,70.55874891042106
simulated,68.54694030668453
simulated,38.083685580922776
simulated,46.53217055955098
simulated,51.46425991019975
simulated,50.7697727575248
simulated,28.198397022830417
simulated,67.05489103020173
simulated,57.4573507689678
simulated,63.46167385694889
simulated,21.32835679659697
simulated,71.58471706156077
simulated,34.52148333978726
simulated,35.038923608201216
simulated,55.20175666224597
simulated,24.924543122904247
simulated,8.813730835656076
simulated,32.65382723405429
simulated,11.259523961377942
simulated,16.212683801569625
simulated,19.26214938982228
simulated,32.28281120321565
simulated,27.487020230679548
simulated,20.717646286380084
simulated,53.69797325038511
simulated,23.418764986143156
simulated,47.49456757236864
simulated,11.455165700781041
simulated,70.25420603201619
simulated,30.18469198363415
simulated,50.78709074643468
simulated,82.87190992684964
simulated,60.914274471583944
simulated,49.74616199667342
simulated,18.773391742043312
simulated,84.36015429396842
simulated,29.16916848493657
simulated,15.394944057122817
simulated,17.092381137496755
simulated,111.29443158387662
simulated,54.22196925834853
simulated,50.81492067129763
simulated,43.02981914824689
simulated,39.5302598601983
simulated,51.2774681279255
simulated,30.498215349063816
simulated,46.172540148304286
simulated,63.71208149368254
simulated,27.816555848522952
simulated,45.570127057927934
simulated,76.72637272066274
simulated,34.794131820402676
simulated,30.8364297423672
simulated,46.26923970061673
simulated,20.125468333387843
simulated,35.177833282124
simulated,12.398096554703141
simulated,44.051853137317195
simulated,35.798920904960255
simulated,34.284133001385406
simulated,62.39559600064021
simulated,22.03963315861956
simulated,47.499277312389964
simulated,22.22286333854214
simulated,9.159043225244792
simulated,18.23657726086361
simulated,50.119336581897684
simulated,45.28624832427494
simulated,26.28561434954611
simulated,57.02095870309901
simulated,23.23344780423512
simulated,23.479540037616335
simulated,42.53420966926602
simulated,3.8641263954238223
simulated,50.12021114910895
simulated,42.629917903135535
simulated,45.40899691063714
simulated,48.81970699983108
simulated,50.523017354172595
simulated,31.052659707228454
simulated,28.410106225275136
simulated,35.013619391211876
simulated,23.22128986726111
simulated,28.627484503378295
simulated,27.929024019731223
simulated,33.573540386668824
simulated,54.440559559839066
simulated,24.663703237235666
simulated,15.684825387379679
simulated,27.990967475383037
simulated,19.31213796659786
simulated,96.48389769898927
simulated,130.7329128151596
simulated,32.35273134858537
simulated,38.559927165824746
simulated,30.75388786865959
simulated,24.404428918002647
simulated,28.162734746474154
simulated,26.13120439089331
simulated,23.22162210044942
simulated,8.446434081742806
simulated,17.127285167194483
simulated,28.558738107993666
simulated,49.34190663275432
simulated,32.39235083878797
simulated,86.2695073262931
simulated,56.16999928613752
simulated,39.78329458683806
simulated,54.007466755981476
simulated,35.31301164030707
simulated,55.79375398643569
simulated,90.52852946027159
simulated,25.805998653528047
simulated,37.78554352678724
simulated,24.322480516554286
simulated,52.84175490917338
simulated,51.600309512607154
simulated,47.99980477957933
simulated,21.593577328520077
simulated,22.791230647426556
simulated,16.64882318869017
simulated,57.175200630019326
simulated,97.43561263935607
simulated,38.05512819184466
simulated,43.258637239101674
simulated,36.655785843429
simulated,21.410783888743406
simulated,37.14673174861927
simulated,22.971670607963162
simulated,44.340053573784665
simulated,22.434576729513832
simulated,59.92152825810418
simulated,14.69935025642729
simulated,30.976830174258584
simulated,47.21016441806734
simulated,30.23991734734369
simulated,18.233902027678635
simulated,46.20971857711648
simulated,35.15764122596581
simulated,8.432286687538433
simulated,106.61349630836426
simulated,22.563900421137323
simulated,25.00224730843551
simulated,58.70424391920442
simulated,16.6231361214351
simulated,7.540625196059338
simulated,24.514463900191362
simulated,30.6303304961168
simulated,64.5947766201638
simulated,38.3478154874553
simulated,59.43329758150186
simulated,30.022491979142544
simulated,22.189158692639168
simulated,36.8791565464725
simulated,36.00095948120728
simulated,10.602465660952173
simulated,34.487233711123906
simulated,53.5819626913457
simulated,68.26863674916443
simulated,14.641369122156572
simulated,62.96767598151345
simulated,17.074387870011428
simulated,31.635973992737913
simulated,22.87242318436484
simulated,31.252311728081917
simulated,24.462707684900057
simulated,57.49148195995866
simulated,38.87690214129455
simulated,48.27430957982179
simulated,17.593661167195215
simulated,36.70648453476091
simulated,29.779777644957548
simulated,37.869070199286256
simulated,39.1211496399713
simulated,42.42986145495088
simulated,44.606044948898344
simulated,31.467913499494955
simulated,36.09702659769846
simulated,54.45761039783072
simulated,28.62606896555836
simulated,28.773663497760726
simulated,26.93769137099685
simulated,51.17235287190303
simulated,37.972147536207224
simulated,40.47296508904222
simulated,20.84369647983857
simulated,41.429092014365786
simulated,41.85157703784239
simulated,36.27010772405618
simulated,63.09740449576707
simulated,67.50307272893869
simulated,23.22690884710684
simulated,27.0645619585162
simulated,10.732397365709751
simulated,46.67464932488198
simulated,39.104549029766794
simulated,24.408164753062547
simulated,21.558137803840552
simulated,14.794042533073002
simulated,21.986672964281063
simulated,46.06363424080621
simulated,23.97608617907783
simulated,27.673251247236866
simulated,29.2407914792463
simulated,66.86379123360331
simulated,73.4004516452703
simulated,36.239685177944594
simulated,40.18853633086914
simulated,39.20667809693918
simulated,55.106340952815444
simulated,45.40166176388475
simulated,36.47217410491186
simulated,33.992018602568066
simulated,8.422468516772158
simulated,61.223319447615566
simulated,66.92943221978007
simulated,93.79370512348254
simulated,47.58541405786461
simulated,25.854932215308725
simulated,19.37835593517935
simulated,52.271080568350996
simulated,17.887473084502098
simulated,50.274024305278814
simulated,49.764669018075864
simulated,34.89322455826971
simulated,40.42165529702232
simulated,23.74335964968634
simulated,74.43699635060668
simulated,47.22292936020237
simulated,67.7001692599367
simulated,59.08815732415389
simulated,16.380109035454396
simulated,21.61219638799811
simulated,58.03131793105615
simulated,8.425346632235224
simulated,54.321577113230504
simulated,31.12054953941083
simulated,21.769046431872408
simulated,59.4501001277934
simulated,35.966775905863486
simulated,28.834383691793015
simulated,27.467638725848758
simulated,42.80985207853073
simulated,12.972040338582481
simulated,51.15488535527932
simulated,18.691634185084737
simulated,40.04673680503817
simulated,97.83555088084422
simulated,43.521900527682035
simulated,39.814714512389365
simulated,84.16364506774856
simulated,30.184219415580454
simulated,26.970831190296543
simulated,64.99014772280027
simulated,61.38306142723118
simulated,13.688074972834237
simulated,21.331717898787044
simulated,57.11429285352264
simulated,77.12053070120707
simulated,28.47311380391125
simulated,25.250602523391667
simulated,20.004961395566315
simulated,53.942973024228294
simulated,36.92922154454181
simulated,49.97154862430001
simulated,96.34899798294398
simulated,82.87952875838388
simulated,22.315513190940436
simulated,21.759278283033343
simulated,25.13661129118507
simulated,82.31506686273255
simulated,37.87079226651149
simulated,15.798318094365758
simulated,28.072286218629245
simulated,32.91671498129733
simulated,48.919912410453094
simulated,49.66476176787806
simulated,28.73493658990948
simulated,12.743587212317632
simulated,12.919789289733474
simulated,17.08225422558305
simulated,70.91938903189285
simulated,52.72270651462034
simulated,23.722218386840893
simulated,64.81711290174056
simulated,17.111463550633857
simulated,52.17814325438381
simulated,53.138229447166474
simulated,41.9632848610433
simulated,28.836831059819588
simulated,31.69220055882128
simulated,43.27754825493522
simulated,7.626506595498813
simulated,95.95285523460674
simulated,47.161905826115365
simulated,80.62182551267294
simulated,19.809013598902762
simulated,19.778303538787
simulated,33.4379829571626
simulated,23.50700555089686
simulated,39.76262539306117
simulated,51.7955602776331
simulated,74.739944847342
simulated,98.11926273175135
simulated,21.705155275003875
simulated,59.60405641412452
simulated,63.7842061956377
simulated,42.47120673661857
simulated,61.60366860099726
simulated,26.11636772549847
simulated,18.56882216760826
simulated,70.42471105216005
simulated,73.21997997703419
simulated,23.729168993501204
simulated,17.5158179469925
simulated,45.71742439972271
simulated,35.74075846578073
simulated,51.80712015571943
simulated,51.323204184141424
simulated,19.33065256913187
simulated,13.449526937291047
simulated,94.90166046470287
simulated,62.04718604300289
simulated,57.62106240681763
simulated,79.88337669203146
simulated,25.830078237361136
simulated,14.868734358867453
simulated,41.308285862479636
simulated,50.88895758460711
simulated,30.997889059526116
simulated,40.14529228554258
simulated,62.34737511870905
simulated,18.587428387426797
simulated,31.608211527842528
simulated,41.066799202281686
simulated,24.626761022197638
simulated,57.38209480409361
simulated,36.10078411008955
simulated,24.499169822301432
simulated,22.598842625462552
simulated,88.41930244634496
simulated,12.283487689203984
simulated,27.122144528679073
simulated,15.836044906094703
simulated,23.37041610778056
simulated,43.630827732370676
simulated,12.467434012605352
simulated,44.81829799560694
simulated,57.223706963916364
simulated,27.34982716346715
simulated,30.149073484859667
simulated,37.14466407381735
simulated,33.18103696170907
simulated,43.02764627920661
simulated,12.158161529642445
simulated,52.549356774237935
simulated,96.72811321355547
simulated,41.0061361122176
simulated,18.998048067647503
simulated,35.5666080143991
simulated,10.52915748154066
simulated,53.45716216862117
simulated,12.51414561065539
simulated,15.34210230792603
simulated,34.14893620733419
simulated,37.23945796094385
simulated,45.152137755618384
simulated,8.97619062078459
simulated,23.7359157003181
simulated,115.58319719308416
simulated,46.78193948009097
simulated,19.852465252062462
simulated,46.71103963363355
simulated,33.02445743791678
simulated,31.188198661659648
simulated,41.350985036071606
simulated,26.86831307152281
simulated,72.54629701900653
simulated,13.71822902949689
simulated,58.56733216030232
simulated,19.686787207150914
simulated,44.74949020873925
simulated,56.69510054884237
simulated,39.73586852944517
simulated,30.48485461595323
simulated,10.350879426427007
simulated,81.71866153662515
simulated,83.12930498800765
simulated,15.17542929475064
simulated,20.8637787742422
simulated,30.05609965178076
simulated,15.094202308161838
simulated,22.966238915321565
simulated,24.79141105405146
simulated,50.269774102003936
simulated,59.9214577549024
simulated,24.95963784296681
simulated,46.72374161343241
simulated,37.304115880351915
simulated,22.821972687735844
simulated,9.734305394329564
simulated,12.383357203380477
simulated,55.56356004175163
simulated,46.430486051854786
simulated,55.50023954002263
simulated,19.436370860905043
simulated,94.97142242756756
simulated,25.944477125437892
simulated,33.19145416847845
simulated,33.30387584516118
simulated,13.804676827358094
simulated,51.238702045572545
simulated,33.405215664487685
simulated,57.905593075714314
simulated,46.9088616377924
simulated,23.745528909808733
simulated,18.178627939718055
simulated,34.77897319112234
simulated,63.947769205068695
simulated,33.226009085383076
simulated,26.69942858706841
simulated,48.562715626021415
simulated,33.92218447430346
simulated,27.74703414652276
simulated,49.0771697394106
simulated,19.67559582217221
simulated,35.04641726256257
simulated,33.67008023391136
simulated,34.80570964230246
simulated,15.98012464733648
simulated,46.33099143729049
simulated,55.48198058294602
simulated,22.0595191483971
simulated,75.5830612444337
simulated,85.03476871761565
simulated,64.67265741063092
simulated,26.49810596981772
simulated,40.59655078168164
simulated,36.42368229637157
simulated,34.770439897852484
simulated,22.213894402027265
simulated,15.095341677890392
simulated,29.74997517677792
simulated,68.60186221901543
simulated,19.821960026171297
simulated,86.51954599161888
simulated,16.496005995873055
simulated,28.662469167911112
simulated,22.458176909081352
simulated,47.75703994469679
simulated,31.701010602491014
simulated,19.43698808493674
simulated,33.83226552860506
simulated,63.365925218730574
simulated,27.613113841768026
simulated,24.891215048821813
simulated,24.059994660149787
simulated,32.30477460044505
simulated,26.61342436392988
simulated,23.38323127969271
simulated,17.058311807343706
simulated,49.29413109793668
simulated,58.81527237579115
simulated,52.64642334379351
simulated,21.196155430239404
simulated,85.01021831518784
simulated,15.932782789624705
simulated,38.12815298777383
simulated,50.54628195903665
simulated,46.32404965756036
simulated,26.503627148326444
simulated,32.49245990476436
simulated,19.17941316883115
simulated,52.59701786426218
simulated,22.09773934395932
simulated,52.36905446055923
simulated,28.43013600853517
simulated,53.75719197815436
simulated,6.45158153959629
simulated,41.854465284742005
simulated,28.960043322335537
simulated,106.4971275033728
simulated,20.290212872938643
simulated,14.797513628470119
simulated,39.141036260251354
simulated,61.636771147780635
simulated,72.21839054343333
simulated,64.94176502597827
simulated,45.661753998006944
simulated,67.60922450253342
simulated,35.64720521791804
simulated,39.72363443578584
simulated,60.141870863585424
simulated,34.83681283948695
simulated,27.47308592336994
simulated,57.839254002169845
simulated,18.972654240673137
simulated,23.747827407921946
simulated,20.093149399621495
simulated,21.512390469089194
simulated,21.249404591644833
simulated,40.61240701375216
simulated,27.284611525285904
simulated,39.86622017945981
simulated,21.14080761192009
simulated,40.065198315326164
simulated,55.8523002546425
simulated,47.36472832288284
simulated,49.71967897825873
simulated,29.78551770958034
simulated,53.12942676870922
simulated,38.625989263980124
simulated,39.44879641589459
simulated,25.180352385040226
simulated,43.299633168342254
simulated,64.42518084007148
simulated,21.587713261425026
simulated,21.295592845378494
simulated,43.72325066707802
simulated,22.440200784608
simulated,24.365100832228816
simulated,40.131890987627635
simulated,31.758397788978225
simulated,48.428903154579864
simulated,28.454718209195157
simulated,45.11964281446047
simulated,39.2883834648612
simulated,54.41585111918129
simulated,45.121078901252034
simulated,37.514347620608845
simulated,42.37217913694418
simulated,53.104051810395916
simulated,32.136769846473356
simulated,18.70134180612778
simulated,16.980855076939605
simulated,81.55500242748731
simulated,22.236804389653344
simulated,28.08907221076847
simulated,35.16126327382836
simulated,14.84805657303185
simulated,21.781425903331023
simulated,72.33058120351049
simulated,33.31154154247697
simulated,85.48656661471499
simulated,47.87812443206614
simulated,51.1653573185793
simulated,37.84141091844636
simulated,31.993383537822453
simulated,50.38667809394177
simulated,44.41040291736589
simulated,23.631106850712463
simulated,31.130577107066514
simulated,46.905192486846786
simulated,64.1125507039402
simulated,125.09984753543281
simulated,35.936229153902666
simulated,37.386872953923486
simulated,52.77124948034649
simulated,66.33085773846453
simulated,27.695840578377613
simulated,44.973785676301056
simulated,26.160736027945667
simulated,43.78281795086123
simulated,41.885015402709556
simulated,28.834473894444248
simulated,24.445008842472344
simulated,23.050036566626797
simulated,36.7508313362362
simulated,34.98898993671006
simulated,26.491968277311493
simulated,34.28585292492918
simulated,26.05214850119647
simulated,21.106378231305026
simulated,17.30481424017112
simulated,38.787311730489606
simulated,25.86180123225102
simulated,85.75772713740193
simulated,69.54190672753653
simulated,27.626938762849868
simulated,33.334476069857125
simulated,75.85350880336676
simulated,30.95661011215934
simulated,39.69855403745543
simulated,64.4907222389109
simulated,20.204995981623632
simulated,62.1972939900132
simulated,78.44919971041237
simulated,83.59694663196814
simulated,22.354055701500606
simulated,34.38301951537417
simulated,17.76828922677165
simulated,39.751338811496204
simulated,42.72551806269037
simulated,57.15136616286032
simulated,17.15257555886839
simulated,31.296051763553336
simulated,44.326282368434995
simulated,37.24084085890829
simulated,31.767251433717533
simulated,42.88164419836562
simulated,24.039798755689706
simulated,16.77795271706876
simulated,23.90704183713487
simulated,41.86723983466145
simulated,32.50327682503301
simulated,23.097723795797506
simulated,26.460896738518493
simulated,12.58792788026169
simulated,58.0522507050278
simulated,47.1583060399019
simulated,46.220246228153435
simulated,50.58593722190199
simulated,26.803982911017542
simulated,51.02608221326092
simulated,42.33379629442739
simulated,20.89215497818509
simulated,65.53065426512768
simulated,57.36176066324377
simulated,90.63600149589607
simulated,8.640497068090792
simulated,38.22082473432735
simulated,62.72879816497008
simulated,20.477477581090838
simulated,46.42088397661361
simulated,51.267011968480176
simulated,45.1539584135738
simulated,63.500579327324594
simulated,32.90394216545805
simulated,4.172197035285491
simulated,25.238581701897857
simulated,24.807741818453405
simulated,25.839097043517786
simulated,44.38053265591684
simulated,9.914568048268157
simulated,31.718425891035622
simulated,33.76111185805378
simulated,71.1638312210559
simulated,90.70203743492628
simulated,80.48818917323182
simulated,74.51684535462319
simulated,41.39639983978547
simulated,23.739560821714445
simulated,47.98695242779087
simulated,24.44235692051658
simulated,55.531966506764384
simulated,9.983864491022743
simulated,64.72096585739621
simulated,26.523387676996194
simulated,19.046287098036466
simulated,15.490884898772421
simulated,32.059678953147476
simulated,34.22908337276282
simulated,11.162884719275294
simulated,33.960680877257005
simulated,17.901245936801153
simulated,59.93431744195848
simulated,41.313045356515985
simulated,9.370747882524395
simulated,19.47274323578959
simulated,31.907274013053478
simulated,20.950931685229794
simulated,44.44125357035402
simulated,32.66793940043907
simulated,72.26950188390487
simulated,40.98773490991537
simulated,28.481495048927627
simulated,55.34706789868709
simulated,22.314659076417556
simulated,32.37248729837935
simulated,55.204322851842306
simulated,35.3575290228399
simulated,22.357807207882892
simulated,26.180159744617246
simulated,44.4887053314588
simulated,34.925917423199635
simulated,51.97207247956845
simulated,93.39107187369237
simulated,56.8401543666852
simulated,28.81780678078275
simulated,34.736925074815474
simulated,22.432492568129906
simulated,18.317969215304892
simulated,76.51659403026588
simulated,46.226210530301785
simulated,58.0859647941675
simulated,74.81522124432067
simulated,33.639263361933445
simulated,18.646818923245718
simulated,114.48885407353924
simulated,11.08582549851608
simulated,43.04447118287507
simulated,27.140636649496887
simulated,18.86889721404714
simulated,55.698825031170884
simulated,37.9926582032191
simulated,12.785627502012458
simulated,37.044323573515705
simulated,19.3857123081853
simulated,20.252876362614792
simulated,25.21797695067306
simulated,38.36592922298678
simulated,40.80074510927993
simulated,23.294207256238725
simulated,52.376075302002526
simulated,35.68121189087735
simulated,31.091623169727782
simulated,24.488353157895048
simulated,63.78691371836257
simulated,44.0906731412076
simulated,25.095979200682965
simulated,20.757026529333295
simulated,46.09256788375571
simulated,49.20995288490991
simulated,34.57839510338643
simulated,60.38020769431664
simulated,43.89154045249706
simulated,44.740792401433
simulated,19.799364623068115
simulated,17.668732898622558
simulated,68.99157268433056
simulated,58.04331061977403
simulated,41.06976247725123
simulated,33.75676807570489
simulated,42.70175683978806
simulated,36.88338763680765
simulated,25.523543024636435
simulated,13.740919622277914
simulated,19.641381954980226
simulated,18.23489471671726
simulated,49.14402975946202
simulated,51.37171609892707
simulated,21.458257664696813
simulated,49.514884011719325
simulated,44.574160989331
simulated,29.07734802194457
simulated,18.79130767147356
simulated,35.56326865930665
simulated,57.97442636173332
simulated,57.81180848635461
simulated,54.825269636973246
simulated,21.339680143255766
simulated,42.51972718621032
simulated,22.739690603960653
simulated,47.00912023107415
simulated,21.26883439930099
simulated,37.90419027391174
simulated,13.627849976251047
simulated,70.19023498584262
simulated,22.442227762802773
simulated,32.766643243915276
simulated,28.788603449002384
simulated,16.274888597211426
simulated,41.17972360148916
simulated,28.17655688356943
simulated,26.196167093078618
simulated,33.61330929023251
simulated,32.15348506837512
simulated,40.13477150640278
simulated,62.45405395576228
simulated,53.737205706326
simulated,27.317210303713523
simulated,51.60308808210772
simulated,36.06621665545346
simulated,11.038841025953417
simulated,62.95939486976827
simulated,14.100254338606321
simulated,38.857157219528204
simulated,33.40637627870772
simulated,57.29757456692055
simulated,21.94791563269804
simulated,17.59777800005948
simulated,55.311156465933266
simulated,20.447912125745273
simulated,16.003434119145123
simulated,39.62094210321162
simulated,46.9165083594625
simulated,61.63030365999496
simulated,45.72385059839374
simulated,61.46446310450979
simulated,47.34661591170254
simulated,30.142019097595742
simulated,46.0628766020472
simulated,22.4006517226126
simulated,16.26077731412351
simulated,23.691831570036676
simulated,41.45403535392216
simulated,35.019400541899174
simulated,54.97958540564092
simulated,29.201892555289973
simulated,25.906624345893004
simulated,20.95335191554679
simulated,21.845702163150076
simulated,49.31177566264142
simulated,28.468209783333823
simulated,26.97449027786339
simulated,29.810310241721854
simulated,26.248966965614553
simulated,42.20449804175374
simulated,85.24272388039851
simulated,40.245933713656974
simulated,16.781322337589856
simulated,28.6481787194171
simulated,73.10124881837851
simulated,34.056747408792575
simulated,24.046588313349673
simulated,18.124973055936557
simulated,31.478703663888354
simulated,91.14503493681256
simulated,142.7109212571414
simulated,26.70207599808822
simulated,80.53803428582577
simulated,52.80032413058072
simulated,16.115704417016758
simulated,35.299447735793116
simulated,53.45039504657403
simulated,18.91002481488026
simulated,17.82077086698508
simulated,50.57372974577413
simulated,59.87487217360557
simulated,26.739746264068557
simulated,37.717194120768326
simulated,39.71526353960213
simulated,25.840658580343355
simulated,29.494998153054205
simulated,58.04541216852746
simulated,29.320356250380215
simulated,33.56036251340978
simulated,24.670871291108018
simulated,36.41857471550267
simulated,36.58505218503662
simulated,43.76835185206813
simulated,61.070651143002735
simulated,56.4180511766502
simulated,14.428760642414602
simulated,29.888554306663554
simulated,28.770679753717474
simulated,52.180072458741606
simulated,31.266122450965216
simulated,36.46277123909031
simulated,55.460460444984385
simulated,50.39510202052087
simulated,17.15500244125601
simulated,32.33035737803321
simulated,52.915599434591606
simulated,20.480853058108906
simulated,16.54319503432883
simulated,13.739626998080576
simulated,65.15692544714446
simulated,39.58963878889929
simulated,62.233485728468885
simulated,44.34043310050736
simulated,27.68794425746202
simulated,16.056423322618816
simulated,47.45246786894857
simulated,17.783280803116803
simulated,28.472650221559892
simulated,34.33652514038906
simulated,16.742986140909053
simulated,72.4138048091178
simulated,38.34026698813805
simulated,60.380877424721824
simulated,51.57930293709211
simulated,37.85141755527009
simulated,31.21485605276373
simulated,31.030898540628208
simulated,33.61012125166821
simulated,53.2249149461311
simulated,58.17011000669421
simulated,18.819951460026676
simulated,36.34004008934165
simulated,23.93202521437167
simulated,22.001525713790326
simulated,19.18794069293377
simulated,22.87732451237332
simulated,35.9645566365864
simulated,27.95608528314891
simulated,44.99569081544145
simulated,63.159165969227146
simulated,19.25602251160212
simulated,31.702008625136642
simulated,39.22002157040855
simulated,29.44552944755126
simulated,31.076583651725553
simulated,49.6582965476798
simulated,40.55799699970398
simulated,63.72990431523262
simulated,24.298638548424684
simulated,62.67030381988256
simulated,57.68381004385067
simulated,78.22955641164049
simulated,46.63101060895182
simulated,62.430028201635906
simulated,72.34799124857493
simulated,33.73127731765035
simulated,46.55049746477147
simulated,37.60309319500543
simulated,20.272231667695078
simulated,8.37375345314232
simulated,51.14340699713843
simulated,72.57314581050598
simulated,118.2566126677088
simulated,112.38980982743222
simulated,13.453001332394908
simulated,52.24579568610649
simulated,59.229806951288495
simulated,64.9613069836667
simulated,31.15411672086672
simulated,14.57690499852965
simulated,22.11231435008586
simulated,30.20366865300554
simulated,38.28901700091586
simulated,11.51680619807314
simulated,54.03225377417495
simulated,37.47196827434135
simulated,50.807542863113476
simulated,48.5166039171752
simulated,65.30541743549526
simulated,23.420369423346948
simulated,21.006193088909093
simulated,24.6977860752124
simulated,32.47489226971868
simulated,27.96971541451524
simulated,22.87669818151888
simulated,24.87857462038972
simulated,21.622413628617732
simulated,71.48802307707797
simulated,57.58835716482341
simulated,79.54012790937071
simulated,39.50763868893177
simulated,28.154863925090886
simulated,24.567786513464128
simulated,29.580515424462046
simulated,25.475240377871156
simulated,13.314455350264446
simulated,21.437399208147774
simulated,65.61239858198755
simulated,16.359580822214525
simulated,32.91308616152195
simulated,37.17414481603315
simulated,24.465450314583713
simulated,62.84374389424885
simulated,39.5010703155815
simulated,40.121493171260994
simulated,34.311311475506535
simulated,51.26218748478689
simulated,42.39704354318702
simulated,21.58607761803967
simulated,74.0636557580694
simulated,46.82320598615999
simulated,42.15852462022652
simulated,25.67602348109964
simulated,25.328536831768595
simulated,28.60206316300271
simulated,39.24967781452807
simulated,95.32280854929218
simulated,16.693221429392317
simulated,35.14344775955088
simulated,89.06918220386858
simulated,47.40597391455876
simulated,29.074881352051726
simulated,45.001998753568046
simulated,21.76148598409186
simulated,43.2536580197266
simulated,37.30928640491394
simulated,23.037263811049776
simulated,62.120085361143325
simulated,89.57996788210058
simulated,19.49065184027522
simulated,26.21050985565823
simulated,85.13477162588568
simulated,54.88832304356841
simulated,25.140213866845876
simulated,32.523834814775384
simulated,45.80653291021722
simulated,16.618896085731542
simulated,18.61603219070361
simulated,38.39250470876384
simulated,28.838997778044103
simulated,48.73156951339085
simulated,25.125465582098002
simulated,26.732891940015172
simulated,44.280853423955065
simulated,38.464718450042774
simulated,35.91850252195674
simulated,15.58746782406819
simulated,9.43315365234032
simulated,33.15665951103444
simulated,28.211157047625203
simulated,49.08745262012031
simulated,38.623731239878886
simulated,95.54884351864024
simulated,59.742109062906735
simulated,19.779922995766164
simulated,10.599406970267964
simulated,26.833909184681765
simulated,33.17268111542106
simulated,32.028718274098
simulated,37.45901500951109
simulated,20.04258114207243
simulated,21.533308720432025
simulated,10.90125298227761
simulated,20.624918903574745
simulated,47.84502665240451
simulated,53.78124154670499
simulated,35.36637293844241
simulated,51.226376429105144
simulated,11.606560914594377
simulated,11.730546392113707
simulated,17.74634780239193
simulated,107.49421220740982
simulated,27.083044266290337
simulated,26.302928302375747
simulated,84.7257556046255
simulated,21.699255700534756
simulated,51.733368984208305
simulated,45.9036354843184
simulated,49.741218997484935
simulated,20.957672371553027
simulated,93.8561591744004
simulated,70.80684348270043
simulated,19.27601028296012
simulated,21.462242739336997
simulated,64.03147769790382
simulated,49.390519500719925
simulated,35.93450156785759
simulated,25.315350603676713
simulated,85.31750840203395
simulated,28.117166512942262
simulated,22.930355546027876
simulated,71.07694845148215
simulated,25.61421629026897
simulated,19.00767989290493
simulated,20.25428698133406
simulated,28.058468636453377
simulated,18.92673575195539
simulated,40.33531955653778
simulated,59.114273163198156
simulated,26.53444657375712
simulated,37.180718836784116
simulated,26.777091797731487
simulated,18.704760894565233
simulated,56.526476853333
simulated,44.18249879072832
simulated,28.670895414545225
simulated,40.81785161275078
simulated,23.46838044666493
simulated,18.274666337334985
simulated,37.32292261931238
simulated,11.577511937649813
simulated,52.217269427601614
simulated,27.443381890979396
simulated,28.184069069354162
simulated,13.232451784377716
simulated,31.36440056271872
simulated,22.041521511370902
simulated,53.21557661125223
simulated,38.01507352313615
simulated,18.69059270963098
simulated,23.116806868626426
simulated,20.4317063580328
simulated,16.74442771945266
simulated,44.26708596221725
simulated,41.132071516061835
simulated,37.522255752163474
simulated,89.82326114299951
simulated,32.952998697303414
simulated,35.88666383106099
simulated,67.700104276767
simulated,23.697657071144764
simulated,95.88010975318677
simulated,28.928694289330195
simulated,33.27043639225942
simulated,34.31835289312995
simulated,41.13034929434152
simulated,42.063896152100725
simulated,70.85020832257703
simulated,48.3028159559334
simulated,33.37180191129056
simulated,28.00692687444204
simulated,49.797409989538565
simulated,10.66826184305837
simulated,38.03437361370432
simulated,69.47541898189637
simulated,27.774194729697903
simulated,36.63394035019844
simulated,67.52339026944048
simulated,55.77723830595832
simulated,62.52455292947127
simulated,66.2378730239236
simulated,21.40715373071576
simulated,37.30875024501595
simulated,48.679663233016825
simulated,74.10331986079446
simulated,30.339010161807188
simulated,48.12206201688275
simulated,42.79979288953818
simulated,57.88638801147782
simulated,59.0044776173812
simulated,40.139624797849564
simulated,48.5044138511233
simulated,31.52359501201763
simulated,8.76952018086972
simulated,56.72184884038473
simulated,33.303647036272494
simulated,49.64305308960761
simulated,21.10658788371022
simulated,28.86113737042706
simulated,24.37670430950851
simulated,34.53218968209052
simulated,86.41183586244705
simulated,13.4433508754732
simulated,55.38650020631367
simulated,25.337653828857682
simulated,19.58761529988823
simulated,26.381119628847223
simulated,16.740437357069776
simulated,33.590836394148624
simulated,15.045290161335537
simulated,42.671488837788324
simulated,37.791434366216166
simulated,59.279873095589885
simulated,55.54140889337792
simulated,34.386251791181216
simulated,46.4655903976902
simulated,23.262187196082245
simulated,57.96521509120146
simulated,37.098163831515976
simulated,26.640757819831023
simulated,32.94329846827346
simulated,18.734171649861477
simulated,49.607013282741825
simulated,38.89697275640311
simulated,54.48057275599032
simulated,15.293717821759612
simulated,70.68550142966176
simulated,62.69724375523225
simulated,95.49466377429721
simulated,37.5865844680095
simulated,48.7022641904634
simulated,36.02819442631194
simulated,29.404525788072327
simulated,59.815087974579555
simulated,46.008086748591026
simulated,49.86276157060647
simulated,46.889398284338974
simulated,45.25641408994608
simulated,30.058714339815864
simulated,60.001769226334346
simulated,39.82820088426085
simulated,29.698727741722323
simulated,54.166809664218164
simulated,7.927157521857727
simulated,31.27588274864759
simulated,49.36416068220943
simulated,44.62367348542856
simulated,50.34389418640441
simulated,68.95076502172749
simulated,34.29524830595882
simulated,25.168739495153332
simulated,70.65865829256961
simulated,38.12640194659795
simulated,93.03952340734809
simulated,20.601061335255867
simulated,90.3829703514904
simulated,41.0670444602751
simulated,51.35702244359678
simulated,26.263363648256355
simulated,23.329920549226053
simulated,25.97857672952598
simulated,19.098398639943753
simulated,41.68121923805725
simulated,34.02635680340637
simulated,62.156485603397286
simulated,28.98643164467058
simulated,65.28015130757825
simulated,24.118978602768863
simulated,77.89828196669299
simulated,33.38342521031223
simulated,52.30169830608271
simulated,47.18634074997708
simulated,26.674813021452206
simulated,23.79147879575841
simulated,65.23525671812246
simulated,40.99894365984914
simulated,20.002843290990974
simulated,57.174538698335866
simulated,41.51012668280145
simulated,40.40937913560642
simulated,30.038024819859025
simulated,42.51619991754282
simulated,20.7540270211994
simulated,7.9342707570507525
simulated,21.241184280258196
simulated,28.333836868519395
simulated,49.60844919029576
simulated,55.04238897318698
simulated,54.745572304927066
simulated,63.052610199803134
simulated,20.056591867829734
simulated,70.90381912991944
simulated,27.46598197827206
simulated,32.77460222757129
simulated,30.990681880713776
simulated,40.28437952983317
simulated,49.15293854835137
simulated,26.4395101469483
simulated,40.34580398690427
simulated,21.626705196187043
simulated,17.367835964631006
simulated,23.586198004439815
simulated,97.29196559996927
simulated,22.02923631945854
simulated,21.40298576058092
simulated,22.237987758618438
simulated,16.71018605794609
simulated,30.87935665579193
simulated,35.60515164364855
simulated,26.45520499529704
simulated,20.29962608687234
simulated,32.59125470303895
simulated,34.15477503172193
simulated,42.958088372634656
simulated,30.749069171908953
simulated,46.806731586477134
simulated,28.28979343998568
simulated,28.459442412439792
simulated,21.092823300141063
simulated,54.43531549102647
simulated,66.8360027562423
simulated,36.15306402092657
simulated,50.840951131626056
simulated,16.005109887442234
simulated,55.35300926580199
simulated,33.46297281807827
simulated,28.005356305460964
simulated,26.268226165835074
simulated,26.818940724360676
simulated,41.44289754435901
simulated,25.159450746864906
simulated,19.444631753386197
simulated,26.18367398813158
simulated,51.76649908892198
simulated,21.72558709010228
simulated,41.29973691486478
simulated,28.13127267531845
simulated,46.263088887336195
simulated,73.22045782331
simulated,43.17592675861191
simulated,82.61547046860656
simulated,42.53604562300222
simulated,39.69613539210044
simulated,14.645973971112241
simulated,32.133161894261654
simulated,66.72595502263121
simulated,32.36746796477129
simulated,33.37395867453118
simulated,69.34321490393583
simulated,18.63225672413708
simulated,41.97916349296142
simulated,9.571028348993941
simulated,50.966411643630096
simulated,22.23198534510839
simulated,55.176220920183965
simulated,35.338739458751164
simulated,22.839681742114045
simulated,56.149815124374506
simulated,22.514780968405603
simulated,16.401309787521733
simulated,32.219078627977154
simulated,16.311670638332416
simulated,20.88690487107446
simulated,21.322808637750725
simulated,35.351468647855626
simulated,72.49106655601712
simulated,33.181670775749694
simulated,30.543306791687968
simulated,22.530837818092447
simulated,54.600397342411505
simulated,60.50182355064889
simulated,20.802100359575967
simulated,59.25421875822519
simulated,35.33686183931739
simulated,24.38857525536931
simulated,34.9230917416546
simulated,51.440912220866295
simulated,17.54668274589182
simulated,22.355900159938905
simulated,23.785801068541495
simulated,49.261872445707326
simulated,20.912834357369782
simulated,26.885820775011737
simulated,38.35883172201223
simulated,28.034381070494515
simulated,16.134128816056815
simulated,44.025187571874724
simulated,33.24851097346017
simulated,55.742876787622755
simulated,29.772310055824086
simulated,26.321617927798354
simulated,84.18758395887323
simulated,12.579060906731879
simulated,48.948513654792286
simulated,48.901058935706175
simulated,27.11810561120819
simulated,46.82581515472543
simulated,50.0952416911219
simulated,32.334709299200945
simulated,60.03231733678639
simulated,41.80424790781512
simulated,36.062377882518405
simulated,40.060627229931015
simulated,40.25024915664552
simulated,25.718451971631552
simulated,69.06622502739742
simulated,25.630241321441858
simulated,11.223292873561295
simulated,12.624104566756008
simulated,49.63841876197663
simulated,18.68722838283707
simulated,26.910733903387893
simulated,23.32183871306638
simulated,15.643766132489759
simulated,28.934242393366006
simulated,26.976742575959403
simulated,51.94550270767406
simulated,63.57937188394964
simulated,24.955205532920285
simulated,61.9866606145842
simulated,31.621692084856406
simulated,10.148846825312901
simulated,29.193447990960173
simulated,54.99656440710558
simulated,80.84171502834853
simulated,41.48000487139828
simulated,8.22043684633201
simulated,15.118654360387946
simulated,35.716936822263
simulated,46.31268623450346
simulated,18.357219289356
simulated,50.83320210604842
simulated,31.786259156563318
simulated,61.766944361554096
simulated,8.599748212544133
simulated,15.168285101491158
simulated,14.382963660452184
simulated,85.27118954147704
simulated,29.165390978929953
simulated,22.63528875106632
simulated,29.138363945211832
simulated,28.3002172289594
simulated,49.63225536888143
simulated,64.02279087534252
simulated,44.45895457823836
simulated,34.52904817889119
simulated,32.35194566209512
simulated,37.37149431095821
simulated,43.10985374820307
simulated,26.91716488719956
simulated,39.25701367372084
simulated,26.76025327038643
simulated,79.27771597171454
simulated,61.979778762172295
simulated,114.9419237562974
simulated,12.8514485252984
simulated,61.67415253431544
simulated,42.071455964740075
simulated,32.50188887426112
simulated,17.31418814717967
simulated,39.6418323975278
simulated,42.09030551236565
simulated,47.41954674287883
simulated,20.27746784826273
simulated,78.2590370120846
simulated,28.735160631057127
simulated,30.07001881950853
simulated,31.646957388195162
simulated,36.548925835729555
simulated,22.291372327107947
simulated,125.27811737716041
simulated,51.82725476428598
simulated,25.8161866194589
simulated,67.33619702331755
simulated,63.225169730583275
simulated,86.39022670389394
simulated,33.22694144851554
simulated,73.10728081134106
simulated,15.051368838158535
simulated,36.38239944733801
simulated,16.79356835972649
simulated,33.382177469399366
simulated,31.11103955284382
simulated,17.88564836665968
simulated,52.71945063694959
simulated,27.62592082146386
simulated,41.40312527539876
simulated,20.70017674703267
simulated,66.47174269683676
simulated,82.01970394379002
simulated,14.21768069600407
simulated,105.22371764821065
simulated,5.650261157644416
simulated,99.8698102637153
simulated,35.4834723333026
simulated,15.038160848469833
simulated,7.243070444651662
simulated,38.861872004878975
simulated,70.90182662985718
simulated,126.67960413333226
simulated,68.45578433494725
simulated,39.46877262481542
simulated,45.308071255091164
simulated,39.3909866965326
simulated,121.75141868377453
simulated,43.8335609329019
simulated,31.915653668903495
simulated,81.15352242090225
simulated,63.14414989613606
simulated,36.84689862583266
simulated,135.02990120801363
simulated,29.49733733353327
simulated,31.412290369299356
simulated,16.29743407489292
simulated,61.4616661572931
simulated,65.40771107391888
simulated,35.64444381063133
simulated,27.531684260113504
simulated,53.66592966306674
simulated,40.12252445617044
simulated,48.852624976732145
simulated,28.926705688741762
simulated,129.27374211078362
simulated,24.701732427710873
simulated,60.089425099160934
simulated,41.638452260645195
simulated,42.96482347595764
simulated,18.511543428780776
simulated,23.812215324008182
simulated,45.65884650843544
simulated,87.26331195244892
simulated,39.016175301987104
simulated,51.947899593520354
simulated,48.704917164973544
simulated,35.4716414074338
simulated,40.61119038093433
simulated,25.84050945731797
simulated,78.9610553406884
simulated,30.912199253559358
simulated,40.823662029540195
simulated,16.211310666952667
simulated,54.75248929921858
simulated,10.46130675298395
simulated,45.02884063541107
simulated,142.8323976304754
simulated,31.764693497032148
simulated,90.95090426849849
simulated,41.97297184176174
simulated,32.015460264043746
simulated,63.04676426079216
simulated,42.18966192170478
simulated,22.249337016639135
simulated,72.44858880356416
simulated,28.07623585400428
simulated,32.90033205513175
simulated,44.29390928662496
simulated,22.879839914669386
simulated,44.19075336463362
simulated,40.88578074314194
simulated,133.95612731463075
simulated,13.344616804802252
simulated,44.55760489025485
simulated,15.115680394565295
simulated,11.613626081591153
simulated,35.87763253105092
simulated,50.82147464969452
simulated,33.044870889841064
simulated,17.616659103360572
simulated,52.248377633794426
simulated,65.86458526283718
simulated,31.31151143968792
simulated,55.774554945957426
simulated,19.310058005064516
simulated,84.14894093137124
simulated,74.57594700717202
simulated,49.122034179335564
simulated,19.79066160597199
simulated,17.012996758018744
simulated,8.790683638194626
simulated,64.22011978224393
simulated,16.46254046933696
simulated,31.889349178410285
simulated,42.2954083995119
simulated,114.90935049291059
simulated,24.84576512694151
simulated,33.671179415731395
simulated,35.89356763354999
simulated,15.388440132449178
simulated,22.21326717326591
simulated,16.766034424447678
simulated,19.129144745660934
simulated,27.92054062936409
simulated,9.599245140901278
simulated,62.51195857329708
simulated,38.28624253550203
simulated,18.08708756316075
simulated,10.605206885282
simulated,22.271552689698993
simulated,33.45273177548799
simulated,37.69641839236549
simulated,32.43822923040542
simulated,25.421451697802205
simulated,40.131481327180055
simulated,35.07781751567465
simulated,14.121144292073172
simulated,34.48985068244643
simulated,37.441973586084316
simulated,25.42046793939743
simulated,49.50774048053024
simulated,63.15389974256327
simulated,22.288455947799157
simulated,39.1672391825261
simulated,33.152247117688965
simulated,22.54564071993142
simulated,35.705552159642295
simulated,25.94296078351071
simulated,48.30052888865581
simulated,70.20263470942314
simulated,42.11734773605389
simulated,24.497590409156953
simulated,36.08211077879342
simulated,22.166682718602935
simulated,17.888957640647455
simulated,65.30615489825232
simulated,62.17833230228101
simulated,51.53286526861566
simulated,80.60316649660832
simulated,17.738622809177947
simulated,41.64347183407421
simulated,15.51062172927552
simulated,59.14798111542276
simulated,24.454350133168234
simulated,47.87498020707667
simulated,40.03751586389126
simulated,44.07429354788319
simulated,26.583480718046076
simulated,21.23795743148371
simulated,12.199778933311851
simulated,52.38359865784288
simulated,51.587689612194715
simulated,34.98095249907434
simulated,44.73124638511337
simulated,25.887909378178364
simulated,36.12469114459548
simulated,25.15107844689242
simulated,26.375307140631662
simulated,16.4497634115126
simulated,15.771123272869385
simulated,46.22045411562557
simulated,39.04292585205511
simulated,12.810268279775254
simulated,33.56676064210573
simulated,17.708042006778186
simulated,40.46743434402287
simulated,67.03475141179742
simulated,31.54298486967074
simulated,43.0142033051839
simulated,4.221596983633064
simulated,41.97079041859165
simulated,34.684558526223825
simulated,33.21443867405474
simulated,54.5359588773203
simulated,23.551495515046927
simulated,68.58512964269565
simulated,7.9803130972281195
simulated,25.520060960414813
simulated,31.18586694418758
simulated,51.413130370148814
simulated,29.60165420058725
simulated,33.48372176881661
simulated,98.24165208161698
simulated,114.59469018067216
simulated,35.06475617973436
simulated,49.650023070947576
simulated,26.175451863032798
simulated,28.511488652975544
simulated,22.087006459323987
simulated,158.40251981732564
simulated,38.55776158942195
simulated,35.351904159315026
simulated,95.46279422718743
simulated,68.10995696708538
simulated,52.23108519293196
simulated,20.262764390371622
simulated,64.92561516747564
simulated,13.62865729397159
simulated,43.45243291832363
simulated,17.441482020382455
simulated,28.077409334039565
simulated,20.6896776718485
simulated,29.28708246009429
simulated,9.528582527725234
simulated,47.34398867435845
simulated,23.850144482372713
simulated,31.126249385029773
simulated,12.04794717184149
simulated,58.48034305036266
simulated,67.56022656782662
simulated,32.22308126820946
simulated,36.79456358216481
simulated,47.80416859344766
simulated,25.84165139111221
simulated,44.214129402958676
simulated,124.02951306213667
simulated,17.553006766361996
simulated,25.434224845357985
simulated,11.897684887214124
simulated,37.82631429627587
simulated,61.837056287155775
simulated,23.338521308722502
simulated,10.896018004004747
simulated,78.50567622843157
simulated,65.94397303694103
simulated,17.2585985101611
simulated,27.03951646861916
simulated,74.09771771863028
simulated,39.032690649903216
simulated,38.24247654333928
simulated,56.528940613841996
simulated,71.5488351177524
simulated,9.03439696065653
simulated,60.23188854705711
simulated,38.862076563452845
simulated,35.77380148904905
simulated,36.35140940046163
simulated,20.106249088567733
simulated,20.687113227613505
simulated,22.593916431325624
simulated,31.158566344024575
simulated,29.534820494546643
simulated,19.985635175018892
simulated,49.165102259143296
simulated,25.122228510743124
simulated,56.88756210591414
simulated,28.13768332270177
simulated,27.823342200773173
simulated,49.887959178760006
simulated,79.5753128926675
simulated,40.56351093640769
simulated,125.93979366197601
simulated,53.92930505405529
simulated,29.755001107382174
simulated,89.64432777774564
simulated,14.318962752161394
simulated,27.677672298637667
simulated,40.048772696661906
simulated,56.94095394759796
simulated,86.33396654289879
simulated,75.37128387044676
simulated,37.12480823141121
simulated,23.08936671899172
simulated,39.17711781073917
simulated,78.75977871955536
simulated,51.00463757524457
simulated,32.408502993753565
simulated,39.46831173798378
simulated,34.51439483723128
simulated,32.599801959844584
simulated,72.42842808873573
simulated,31.643491419807464
simulated,16.903546860245566
simulated,60.77633704748057
simulated,17.914788039840914
simulated,29.2556603129313
simulated,27.88367908682094
simulated,40.00704293509497
simulated,35.74669079042043
simulated,29.701714523626976
simulated,32.61306201345891
simulated,28.819169723466263
simulated,29.15626342462507
simulated,40.479210490960625
simulated,22.849700298160307
simulated,29.505902577605962
simulated,14.834353471327677
simulated,23.52896364563216
simulated,29.357739119358605
simulated,52.72715425445001
simulated,15.022795883206264
simulated,26.453596045893782
simulated,29.454321607203998
simulated,16.75339324428097
simulated,26.867019403378062
simulated,15.969930192309366
simulated,32.45277113380213
simulated,34.55308813252777
simulated,19.96289414565126
simulated,20.147537006744262
simulated,80.93023857758378
simulated,31.419659678371136
simulated,34.59563350808661
simulated,25.32380348708029
simulated,45.09476860231369
simulated,17.653379138818874
simulated,64.00824278113033
simulated,34.28350867144814
simulated,34.17518352251654
simulated,20.503413807530634
simulated,58.03166520452908
simulated,59.79402293360809
simulated,79.47847865505483
simulated,26.113829312907196
simulated,28.491828291437137
simulated,57.205756502350525
simulated,37.74520188353689
simulated,54.6980312522199
simulated,45.72551300843628
simulated,20.060913906044842
simulated,55.9135632740117
simulated,39.49503770406238
simulated,15.4795203699793
simulated,17.097434117039395
simulated,83.0181545316866
simulated,31.48259001053319
simulated,37.756081162810794
simulated,22.757450247021826
simulated,77.09758796882889
simulated,48.4882866094041
simulated,55.027828544175335
simulated,33.051629359100524
simulated,34.18855978227235
simulated,28.49420102861324
simulated,16.764365288570932
simulated,31.338743332427214
simulated,55.20024380155291
simulated,39.810056263981856
simulated,32.598946311497215
simulated,30.15889335442968
simulated,34.98948955760425
simulated,50.95872072313928
simulated,41.24325024212237
simulated,14.734768236574535
simulated,62.16634093256614
simulated,34.792676407907535
simulated,34.33982654395324
simulated,25.34079761304066
simulated,12.039178617366996
simulated,42.09634360241914
simulated,29.495842927885906
simulated,38.22771203190064
simulated,36.688627265358065
simulated,54.2601558310684
simulated,32.800765450187846
simulated,40.98377795174242
simulated,79.90254395272176
simulated,43.2901046823299
simulated,32.355384725503946
simulated,49.19819187555649
simulated,26.6437374778008
simulated,44.8050414329447
simulated,65.19918520823606
simulated,46.708624547483765
simulated,29.839029605966427
simulated,19.3644677821844
simulated,52.74257680901666
simulated,37.3317942967929
simulated,46.53598043486291
simulated,23.16905071264256
simulated,13.844771105634212
simulated,36.25447947250076
simulated,22.027046437692086
simulated,50.398257535786044
simulated,55.330448363450984
simulated,30.40039048949353
simulated,36.161586017775335
simulated,40.89373431506753
simulated,17.967091378446106
simulated,53.064663985186385
simulated,32.845824445227116
simulated,65.75744990532073
simulated,25.276311788547574
simulated,31.08144426234515
simulated,70.62467778058029
simulated,34.47303458533018
simulated,18.28481437593193
simulated,39.958427933716095
simulated,38.84466502771571
simulated,27.674896531292134
simulated,69.86878376010193
simulated,90.15220833200712
simulated,42.8195866557632
simulated,52.24749300078656
simulated,13.704534562468108
simulated,79.05499478407629
simulated,68.82314216955805
simulated,72.05661724095988
simulated,21.46809667341897
simulated,18.94916826842416
simulated,13.678962486460907
simulated,47.120192399062944
simulated,27.24905968725241
simulated,43.23036005877629
simulated,41.28138150284728
simulated,12.104199136269862
simulated,22.53325580813732
simulated,51.63738292888325
simulated,26.89523592623692
simulated,27.843754991793407
simulated,57.11353447274889
simulated,28.873674505367656
simulated,7.618113018000578
simulated,19.642307293110598
simulated,21.849586307603523
simulated,31.37181238652766
simulated,82.72617530082485
simulated,59.689146937628095
simulated,36.302962504427214
simulated,16.902736641734993
simulated,32.81988897853093
simulated,21.362508786222335
simulated,20.716271727934558
simulated,16.70699233202688
simulated,28.188722743263327
simulated,13.625489588856531
simulated,35.67392934653496
simulated,62.48014737047355
simulated,38.178810576841684
simulated,30.23090037436597
simulated,53.540952134043614
simulated,34.3275010455986
simulated,23.365862240054376
simulated,49.113483518301976
simulated,55.42132511372607
simulated,41.36854609343034
simulated,18.81086761629264
simulated,16.943064605088008
simulated,32.19871938068582
simulated,23.99765416325416
simulated,73.43066266475755
simulated,13.510616656716266
simulated,12.387852718942932
simulated,27.089488670376987
simulated,46.949345860856155
simulated,43.13995656834612
simulated,50.94856457297644
simulated,40.97651296873975
simulated,23.17946498328716
simulated,70.49904085061948
simulated,5.67621465872886
simulated,39.484053053708095
simulated,89.58430618375952
simulated,29.160748973777526
simulated,27.719165149217094
simulated,52.72184626523745
simulated,17.734788302431646
simulated,42.911294966446924
simulated,88.94960439442161
simulated,49.80077301345091
simulated,43.16622650966495
simulated,15.201440492653784
simulated,43.99183150759854
simulated,43.49259435942631
simulated,18.6655101597145
simulated,52.1624636445507
simulated,57.471179778990304
simulated,8.392976953484169
simulated,45.30911124020651
simulated,27.880149951405645
simulated,65.14064078117396
simulated,22.325242876618525
simulated,51.66073025485258
simulated,31.152495967223324
simulated,26.031319048746486
simulated,9.435925364789437
simulated,28.88212844800428
simulated,31.023800663168444
simulated,28.87474099402783
simulated,42.76361334993287
simulated,64.75837961946763
simulated,49.60416195591077
simulated,92.07707436128246
simulated,25.427432685320923
simulated,32.911241259606875
simulated,45.00267713098588
simulated,24.748987208355707
simulated,59.33957547039297
simulated,47.05349118753614
simulated,41.41584407115746
simulated,12.406940352333763
simulated,42.96655163847602
simulated,45.54155123042198
simulated,42.080427070777915
simulated,36.10961339516935
simulated,16.17189112084485
simulated,21.616072121190363
simulated,78.73735799232857
simulated,53.691238105928335
simulated,53.27252148559758
simulated,80.78349593741805
simulated,27.64117597184852
simulated,50.091467403498505
simulated,22.83603969149707
simulated,42.29586669539083
simulated,47.02398314336368
simulated,32.91896726318507
simulated,12.574561456848393
simulated,23.799748742276012
simulated,23.507019431408427
simulated,32.24775652605259
simulated,13.185681228226422
simulated,65.39215807624313
simulated,53.82121029842233
simulated,12.33582265796194
simulated,26.698020693565393
simulated,60.60623644119737
simulated,71.27885729664905
simulated,80.93530824558025
simulated,75.76550782963056
simulated,54.11336658299106
simulated,21.795544898190588
simulated,42.401579701672034
simulated,49.65512932973888
simulated,20.68023687361874
simulated,15.863794837699855
simulated,42.52538078425689
simulated,26.1559860464726
simulated,20.68156149821221
simulated,79.00716140970016
simulated,29.800105184219703
simulated,38.735530379899586
simulated,20.5401025370351
simulated,39.726206624714294
simulated,19.294808746413597
simulated,43.769048184386854
simulated,8.806820443202245
simulated,16.215286329129054
simulated,99.0478983007673
simulated,36.627000359401954
simulated,42.35363405135894
simulated,45.71481790279564
simulated,40.084836349110645
simulated,23.981831916629613
simulated,32.89998551616877
simulated,38.82155256509929
simulated,75.99002473117869
simulated,38.33399350637811
simulated,25.752711314549437
simulated,20.92415795569399
simulated,60.63202668703373
simulated,53.338345837186964
simulated,21.75083178937819
simulated,56.567910090415864
simulated,11.77458393442112
simulated,30.211865103889167
simulated,36.32916247682758
simulated,26.659729103195385
simulated,50.53071185123739
simulated,31.13880153011382
simulated,31.164262575676013
simulated,66.47386945048237
simulated,40.48520346972744
simulated,24.008673179958947
simulated,18.531425805329995
simulated,17.6543985811878
simulated,33.171215054652684
simulated,31.6080585371715
simulated,43.4278454300522
simulated,65.14418659510775
simulated,43.63423193393689
simulated,121.91140975601837
simulated,29.447655354418956
simulated,26.34277793597542
simulated,38.988656958908535
simulated,42.33963659677416
simulated,19.029837578872762
simulated,50.73431923542296
simulated,70.84043341529198
simulated,44.412214641399544
simulated,27.93608500353156
simulated,79.92328762658327
simulated,58.76219332220244
simulated,90.43525748591907
simulated,52.454797257298985
simulated,21.417738671706772
simulated,50.34585244095329
simulated,54.98563873660703
simulated,52.32672970780902
simulated,34.68602023084918
simulated,11.344078587241492
simulated,20.427932948742065
simulated,41.939033618819174
simulated,62.91055014681072
simulated,31.12217597329424
simulated,14.827401403298456
simulated,43.29343328196832
simulated,49.41319507068061
simulated,19.041821770334156
simulated,23.2367291817743
simulated,22.576775238370182
simulated,79.87621807537249
simulated,22.565913750126374
simulated,36.889736960503285
simulated,22.159459220759228
simulated,41.27945465590581
simulated,115.37159980544875
simulated,36.5140965063206
simulated,10.11094806507717
simulated,58.590028827406776
simulated,16.660195590193183
simulated,53.97964860684473
simulated,70.577074685155
simulated,18.703210880899466
simulated,41.333355221942924
simulated,75.39010641535239
simulated,28.447092944891935
simulated,39.284187031368546
simulated,55.10515295523403
simulated,35.717848553212484
simulated,41.288057551833404
simulated,30.57422368597213
simulated,39.69325159880512
simulated,24.3731972261068
simulated,36.58734012884192
simulated,29.503201467818535
simulated,43.1726019070419
simulated,30.79052321501907
simulated,27.76907504407736
simulated,32.563303345756054
simulated,54.91638537274785
simulated,30.893076607544607
simulated,16.759567261778088
simulated,74.20148901534732
simulated,16.71147668764509
simulated,23.044325074133287
simulated,44.72127985039499
simulated,34.49597626310175
simulated,26.85873112167326
simulated,113.98299595777553
simulated,95.41640814389382
simulated,12.725656101412024
simulated,59.04742672345788
simulated,19.128117913031943
simulated,56.607260008315464
simulated,56.167320766261135
simulated,45.833161273212866
simulated,26.106135416535437
simulated,23.59027992208734
simulated,21.56212137526532
simulated,114.26059753270654
simulated,81.54754567266355
simulated,69.49737137080254
simulated,30.94456239481074
simulated,46.27393282789524
simulated,25.709480040389955
simulated,70.47435367085514
simulated,45.36573529659489
simulated,42.183814782028634
simulated,48.8849514916799
simulated,42.50584515823646
simulated,30.117206037477445
simulated,30.825914943070874
simulated,11.965123642683297
simulated,33.525659599882786
simulated,23.696127081818062
simulated,40.5441328946386
simulated,36.6274879192049
simulated,47.92295409072708
simulated,38.84916689272471
simulated,7.193769587126054
simulated,44.652823560360446
simulated,21.200221491976798
simulated,49.38711471752789
simulated,131.48975173517383
simulated,24.921057769114412
simulated,60.91204168528777
simulated,22.546374158471544
simulated,34.16325661455126
simulated,21.974167894254933
simulated,17.550929509773745
simulated,29.38585240286009
simulated,58.5540614157904
simulated,20.831211030407704
simulated,31.153253019468945
simulated,35.188139114083874
simulated,22.24507179429233
simulated,43.89684537908645
simulated,113.93268300198322
simulated,15.480678219500266
simulated,34.594324506200564
simulated,20.749247524092922
simulated,103.39097564999186
simulated,18.44725449148102
simulated,37.92993555739842
simulated,29.432030521304476
simulated,19.41111118763653
simulated,39.00507495964031
simulated,24.973245775699887
simulated,39.03515493386012
simulated,61.157505096561295
simulated,7.952221613055691
simulated,29.458739904422437
simulated,44.008365698828044
simulated,80.52117479218857
simulated,34.88203198635346
simulated,16.902778576383678
simulated,76.6244163124579
simulated,67.48781106128816
simulated,35.24014444034058
simulated,26.077899956862073
simulated,93.31511180213404
simulated,25.14378371429489
simulated,58.34060397180568
simulated,112.13585775029247
simulated,20.617212367411504
simulated,34.05441416715743
simulated,41.93246063458578
simulated,16.01792888285469
simulated,19.286257355620982
simulated,44.491777638639824
simulated,30.52086182693807
simulated,35.463352807505416
simulated,56.20162013919719
simulated,79.46770475253781
simulated,46.111212108891294
simulated,41.38572285324415
simulated,49.20033471762112
simulated,55.75309571402267
simulated,44.0877324795904
simulated,20.252189904031766
simulated,35.56251599972918
simulated,98.8713432393542
simulated,21.06357102557875
simulated,53.06666523988884
simulated,42.5745836704678
simulated,64.58692373299044
simulated,24.643647253938894
simulated,61.376678154151186
simulated,33.03687300274371
simulated,33.47741948720039
simulated,57.61186036829152
simulated,20.219063878582055
simulated,40.172983584936254
simulated,15.152017695044387
simulated,54.14744528409471
simulated,41.3915529877781
simulated,19.434132792271775
simulated,20.130048730505848
simulated,44.45104159063383
simulated,32.389932605229376
simulated,41.66647944015819
simulated,12.704237450668717
simulated,71.90443430757514
simulated,46.23385822998729
simulated,20.380774303656626
simulated,8.467963208691026
simulated,18.650536353296673
simulated,28.90606895776738
simulated,43.10237876354241
simulated,48.443628058626274
simulated,40.485699197282514
simulated,42.24668279285832
simulated,45.934411529582775
simulated,23.78821848721995
simulated,55.42679351199648
simulated,24.32703157467678
simulated,16.931312327219956
simulated,27.285318817216048
simulated,19.188677971856
simulated,18.425876827940563
simulated,29.324711517233773
simulated,63.05132662608929
simulated,42.901158350783106
simulated,60.58093384366832
simulated,67.51077449947482
simulated,54.37252594023995
simulated,70.9690721063403
simulated,26.076055675965776
simulated,12.901099096929782
simulated,44.07874704131633
simulated,53.44065767590713
simulated,27.508025290129453
simulated,30.871327769743623
simulated,46.85075193804475
simulated,19.113551589678295
simulated,45.67091594453055
simulated,31.50752024619592
simulated,97.46129060617498
simulated,34.156584152546536
simulated,40.641694477070516
simulated,15.655870404719295
simulated,38.2260903376134
simulated,36.318387030195886
simulated,70.39107727727226
simulated,46.00068799354434
simulated,59.545234660557604
simulated,59.26644810647434
simulated,18.75837736451535
simulated,24.814435349373817
simulated,17.936853579949478
simulated,47.636536564728104
simulated,70.8970160460442
simulated,41.067295558797866
simulated,36.693529675763884
simulated,34.074339379040886
simulated,32.53636309721118
simulated,16.973601203455946
simulated,50.87419085380938
simulated,20.379662927168702
simulated,133.92257796484196
simulated,44.45425483665076
simulated,43.324588647843015
simulated,47.02002383973378
simulated,55.53363371912272
simulated,70.11068732708202
simulated,24.775214759252474
simulated,30.902249542816122
simulated,32.50036405845283
simulated,34.342103180460875
simulated,37.14949624448908
simulated,27.55735816888732
simulated,22.412932216415776
simulated,27.505310561792236
simulated,23.21241804936888
simulated,38.258892617507335
simulated,39.697264444242975
simulated,42.93406630284105
simulated,30.47176020777411
simulated,24.185056370205118
simulated,12.89220391309391
simulated,21.473926136642255
simulated,12.018600244344048
simulated,97.44442748270303
simulated,34.71968353945613
simulated,52.553238930011
simulated,16.205805565699936
simulated,88.3765135246799
simulated,35.903440086027615
simulated,21.22598270280176
simulated,27.56852510651289
simulated,10.496344293480885
simulated,27.698688977451553
simulated,50.99902737090606
simulated,34.668854747866924
simulated,49.09837045207049
simulated,59.99809404002755
simulated,30.053099310924352
simulated,28.349596458211575
simulated,34.77306811198609
simulated,27.028908867582622
simulated,59.309238922092405
simulated,95.87638902002263
simulated,59.030364601890696
simulated,31.654365727271895
simulated,36.48114851977441
simulated,29.944675459718425
simulated,56.10029471059005
simulated,35.488141828210686
simulated,88.0470210365323
simulated,16.403462182315177
simulated,26.26515681847739
simulated,32.00587784457258
simulated,31.525799548328347
simulated,13.715258855529848
simulated,50.92455584954898
simulated,27.350528403202045
simulated,66.22531840785895
simulated,30.09082293072335
simulated,53.93552980002616
simulated,32.34240642209038
simulated,11.240474113653438
simulated,32.59341761830591
simulated,26.805700740548914
simulated,28.512119773910136
simulated,46.21272551272129
simulated,14.130855127221052
simulated,12.149144852760827
simulated,50.54559598013748
simulated,64.86558512781862
simulated,49.59745516082887
simulated,17.978529092984147
simulated,22.70874026691539
simulated,25.680475810399322
simulated,43.24474914466047
simulated,26.582056012414604
simulated,9.253851018250598
simulated,49.878260216254084
simulated,34.4362437449548
simulated,29.81457489139717
simulated,68.54584435808728
simulated,22.649582444128633
simulated,23.063867361099685
simulated,21.445039485576793
simulated,31.029376629629727
simulated,37.56921501829284
simulated,25.977920554240498
simulated,36.414551139184375
simulated,13.639206433441068
simulated,18.211134503723677
simulated,17.944351659437352
simulated,37.06095502030263
simulated,22.484995940742145
simulated,23.49209001350579
simulated,63.579943376485005
simulated,25.63680868305152
simulated,96.44014106534651
simulated,24.41522283839806
simulated,11.528968235315931
simulated,22.92876009745549
simulated,50.61298527795185
simulated,66.45850798652354
simulated,19.367070534688658
simulated,19.804827330007427
simulated,36.53984026267654
simulated,29.66316608829121
simulated,34.451728668669006
simulated,26.51577543936878
simulated,9.248675380614308
simulated,35.68633536328073
simulated,20.01773734140987
simulated,39.284682299245226
simulated,26.242168063877312
simulated,35.434096203554446
simulated,35.28375531902677
simulated,49.28422749319573
simulated,51.14548640015851
simulated,25.714805962979074
simulated,59.21895195432481
simulated,35.27738748620075
simulated,26.998553167077063
simulated,33.14217636200849
simulated,61.781423362587915
simulated,23.179928719082405
simulated,115.31646667118457
simulated,52.25396102058123
simulated,42.14472712818881
simulated,136.05976213502458
simulated,56.8228431832294
simulated,58.541520973728225
simulated,60.17283763420987
simulated,37.38056311350911
simulated,40.27594134218758
simulated,36.100697409291215
simulated,89.87521093988539
simulated,134.08567159187348
simulated,42.884860138378514
simulated,7.207616469162252
simulated,44.56282951397699
simulated,26.864769359498492
simulated,60.6154804404463
simulated,40.215957405103595
simulated,28.601536198900156
simulated,27.384851415802768
simulated,9.606674438874474
simulated,25.63732793416938
simulated,19.099524327863413
simulated,14.321498560520302
simulated,36.50194857783514
simulated,47.10927427058178
simulated,36.952660562176135
simulated,14.270167298767443
simulated,48.436313854091914
simulated,28.43375953209689
simulated,39.51697772650674
simulated,28.5133222702411
simulated,33.0522605546705
simulated,51.613802389390784
simulated,68.62131787511258
simulated,27.967939858577285
simulated,14.682812602997688
simulated,16.840363878995948
simulated,39.75174139337803
simulated,29.762904165448163
simulated,15.162532199135866
simulated,50.42409025226134
simulated,39.611308497817916
simulated,53.607149569000285
simulated,46.638147953632796
simulated,18.31481316379419
simulated,9.59130255212952
simulated,68.10612747392003
simulated,25.96345707313735
simulated,31.435310757624816
simulated,35.706834613593976
simulated,27.42346092424027
simulated,27.867518807996507
simulated,30.528555637784173
simulated,27.115257360165383
simulated,18.590972665010124
simulated,30.822532873087052
simulated,20.061743405917696
simulated,64.74589811771884
simulated,23.064393742369028
simulated,71.36641862042298
simulated,37.90614711180556
simulated,32.232783604211306
simulated,41.72257595499226
simulated,31.341944145652533
simulated,33.869859612220466
simulated,31.438329730844853
simulated,34.70418421165526
simulated,68.4280905311126
simulated,27.71498783071231
simulated,29.935219020582664
simulated,45.40005595401095
simulated,57.010111471265304
simulated,28.392829028510963
simulated,35.07698945242582
simulated,20.08305391546029
simulated,62.078991771558904
simulated,27.378419102323765
simulated,13.119731088690964
simulated,32.322767619015636
simulated,63.0171279442405
simulated,18.699926654122905
simulated,12.523072523986526
simulated,24.67037282896812
simulated,61.022057536556915
simulated,28.930042912426877
simulated,30.530510607008434
simulated,31.59040816174084
simulated,25.64805007775648
simulated,97.21658743855885
simulated,59.02968725710023
simulated,50.10159061110334
simulated,50.03044571309303
simulated,20.282898397872913
simulated,32.327412569419096
simulated,110.83106286885902
simulated,20.245613994980843
simulated,24.34863538477533
simulated,24.520129214663147
simulated,34.294921951564795
simulated,32.027349159873935
simulated,26.763663105657034
simulated,47.53032900445687
simulated,21.329883495166726
simulated,58.818647039634804
simulated,49.562995934895596
simulated,38.248692221308154
simulated,54.37702230981037
simulated,26.288662803462415
simulated,32.33668233531547
simulated,33.093434042872275
simulated,53.414468467206895
simulated,15.971589198197929
simulated,63.71529109200013
simulated,34.926070990811006
simulated,18.946759408716787
simulated,120.93020873359347
simulated,16.750568869272556
simulated,88.9050692248124
simulated,44.018375178049425
simulated,113.50056230491843
simulated,41.7302292519874
simulated,41.065864331691365
simulated,32.13106653909032
simulated,37.98234114668887
simulated,25.593728288469755
simulated,19.99201964538463
simulated,39.82442733646958
simulated,31.591231335508006
simulated,22.498993762847288
simulated,21.227218555455636
simulated,65.59714694572466
simulated,40.2220227885437
simulated,29.6066489122066
simulated,26.745760353677916
simulated,53.21379433344997
simulated,70.10025494542893
simulated,10.023049635902916
simulated,33.40055957987777
simulated,23.576571051042144
simulated,61.72919329826931
simulated,37.55823632673718
simulated,71.07566692945595
simulated,24.726317167826135
simulated,21.53060041441138
simulated,28.798491224085808
simulated,21.504224683192387
simulated,57.91274325708173
simulated,19.051872158080403
simulated,32.21848813911776
simulated,36.48587942804736
simulated,29.317032804526157
simulated,64.29625703426001
simulated,19.437891755444838
simulated,27.786847742039797
simulated,22.533269600317134
simulated,48.546321507667
simulated,32.772054476093224
simulated,19.658163625403105
simulated,50.313176915642586
simulated,73.74350897952375
simulated,19.14890932371004
simulated,34.733177844883116
simulated,67.33133451032141
simulated,20.395013883934013
simulated,45.36447777686646
simulated,58.946185346230095
simulated,17.503213946090057
simulated,32.12847718416276
simulated,81.15442544853057
simulated,20.451098628183352
simulated,9.063923791707383
simulated,51.05130662021409
simulated,95.4116505113846
simulated,32.81842032842669
simulated,29.06383652752461
simulated,21.598149092185615
simulated,11.408716731716696
simulated,25.724524868910272
simulated,33.29587597092616
simulated,60.41406918723696
simulated,32.15484393402222
simulated,54.42445981717922
simulated,23.471754301953926
simulated,43.66552750358628
simulated,20.53726053360167
simulated,19.70359593026738
simulated,58.23185876323194
simulated,71.48257248504086
simulated,26.241983032034035
simulated,26.290661023982185
simulated,24.948902661089758
simulated,20.109308732384342
simulated,68.98986729953597
simulated,37.01614678693499
simulated,35.74392258513649
simulated,11.579326876014346
simulated,57.51842945419212
simulated,67.27155103200754
simulated,23.928264835237552
simulated,40.64508158206627
simulated,63.83260743614686
simulated,25.96355743976082
simulated,60.79356793615911
simulated,38.004339681275844
simulated,41.35518374924724
simulated,61.0482234892312
simulated,19.690761037396832
simulated,24.811346642762476
simulated,19.26192771223328
simulated,39.440675172989174
simulated,10.174541888572463
simulated,39.6457258918365
simulated,21.59987815061201
simulated,24.11374004211907
simulated,35.36175995965988
simulated,21.559696560428304
simulated,81.4553033717896
simulated,44.42704761448056
simulated,19.556179487723163
simulated,15.618040681298108
simulated,43.306249742368955
simulated,23.68994627320885
simulated,47.72937609291953
simulated,14.038516976634078
simulated,43.22156069057111
simulated,21.316585002326853
simulated,20.657808585478204
simulated,19.47383466215421
simulated,54.29299278627579
simulated,31.385607273457673
simulated,37.057948723990435
simulated,15.026344742261628
simulated,28.25113639571475
simulated,28.540652194791626
simulated,59.18009587019551
simulated,36.578672892833424
simulated,68.54381994008864
simulated,86.19783073432671
simulated,65.24493155243303
simulated,36.83578585628206
simulated,74.47444522284813
simulated,16.103332175178842
simulated,33.6583638167549
simulated,37.882560105106414
simulated,47.048811228314435
simulated,35.34463521402614
simulated,31.064121648142155
simulated,44.81106158876827
simulated,73.47308111223836
simulated,25.642105411513445
simulated,148.64171247321377
simulated,51.616189645725626
simulated,20.736147290190193
simulated,100.33737597550933
simulated,30.31436511525698
simulated,67.43655790348063
simulated,42.06924931039393
simulated,87.3170438887681
simulated,45.70380633057945
simulated,36.32493399577453
simulated,36.213624546788765
simulated,17.978752985529525
simulated,91.2794792142421
simulated,35.630468491332486
simulated,38.6547038886782
simulated,14.201853653648135
simulated,90.41270140583718
simulated,43.841869392116536
simulated,28.29385143458517
simulated,47.724055865353655
simulated,60.913517604746616
simulated,36.34063305999752
simulated,59.73958469237378
simulated,41.87428123931214
simulated,30.37687475406327
simulated,27.777596185190188
simulated,18.41098565531674
simulated,43.796887584886356
simulated,48.27958109082263
simulated,58.10277643600079
simulated,54.260332025747935
simulated,77.87189808087687
simulated,16.72383726314451
simulated,57.11522707396533
simulated,33.478063921084185
simulated,59.97994336868374
simulated,91.59564783699402
simulated,25.248870136801507
simulated,101.31463841093995
simulated,38.93736439190138
simulated,41.856197628033755
simulated,29.83116120082096
simulated,89.73552536713635
simulated,85.11120912006852
simulated,51.70705957512852
simulated,67.20159206298798
simulated,16.458132505037206
simulated,41.801178494816796
simulated,25.58942874075998
simulated,27.609688605957913
simulated,32.2517054058201
simulated,20.448841855086606
simulated,66.22615927906321
simulated,14.689166761813858
simulated,31.361124065835536
simulated,56.76007169486502
simulated,60.72192671290516
simulated,16.196208813249275
simulated,56.98916992745148
simulated,15.521701916148704
simulated,20.96134244533785
simulated,16.086266141590595
simulated,37.90960651863905
simulated,26.457893272386443
simulated,37.986994401886875
simulated,17.045161303203518
simulated,30.771002099838178
simulated,29.108274151036706
simulated,52.688776614960986
simulated,65.99733897804784
simulated,43.98097794785855
simulated,63.194895506388946
simulated,26.065860235413275
simulated,66.50974121271896
simulated,34.22065022058054
simulated,46.94041021915008
simulated,34.83022471316614
simulated,17.751080772321636
simulated,61.82051795779457
simulated,95.7652448525382
simulated,66.23038424639599
simulated,13.281819224709672
simulated,45.60239716511583
simulated,44.76358475856199
simulated,43.33645295601095
simulated,15.160879019686838
simulated,102.04924763702286
simulated,82.47189281660314
simulated,19.583803624767285
simulated,47.56486372709405
simulated,63.71143950943263
simulated,53.014102208220905
simulated,25.893283518695632
simulated,38.81770913083329
simulated,63.67610594619907
simulated,18.513188429099966
simulated,21.857823115118673
simulated,22.53652188673542
simulated,27.041761310221222
simulated,19.087749489256467
simulated,24.949318257318737
simulated,22.488219275949803
simulated,7.027913840717095
simulated,26.40475423264199
simulated,25.049815136930757
simulated,41.075896223138244
simulated,4.756442699718179
simulated,38.06345031342419
simulated,43.80697870602489
simulated,45.897344465024005
simulated,46.426435586149026
simulated,52.993654021798605
simulated,35.45694778374605
simulated,33.50673882545092
simulated,22.184877129574495
simulated,33.97526649115322
simulated,38.03690113168438
simulated,46.675054503041146
simulated,13.231730183008139
simulated,16.530002945221785
simulated,24.976095859225666
simulated,29.436888236626142
simulated,53.66363938696976
simulated,26.970054860756882
simulated,45.793456368029396
simulated,18.070272969728794
simulated,72.6693067451036
simulated,22.863859113831275
simulated,15.466638158255728
simulated,19.31821737727435
simulated,75.48052761429196
simulated,35.85808657642473
simulated,44.95641148196115
simulated,17.502460973263773
simulated,17.618026550964565
simulated,15.497179701796883
simulated,31.51861087760137
simulated,68.32734826465952
simulated,11.551661795068652
simulated,15.389465561234115
simulated,34.71782533864132
simulated,31.926842444598506
simulated,55.41001528931309
simulated,95.01705760394597
simulated,36.53491212256211
simulated,73.54410267054914
simulated,25.552512589374572
simulated,18.285266732940027
simulated,43.77751178284712
simulated,9.958978260062718
simulated,53.003833760895084
simulated,18.005596220692286
simulated,36.816020474988434
simulated,59.156153242470765
simulated,100.46807778424602
simulated,29.92291208199447
simulated,52.508839423587894
simulated,38.61019561883187
simulated,32.54195169893349
simulated,73.7526235472606
simulated,41.480676710471954
simulated,31.1788798705749
simulated,47.89589857752732
simulated,28.863678609012076
simulated,46.58952289063704
simulated,36.136192878718354
simulated,74.78960667463261
simulated,41.54587247796325
simulated,57.13851126451591
simulated,36.2424636508247
simulated,23.635003287293973
simulated,68.01391668701025
simulated,18.553921649898623
simulated,23.23365150405014
simulated,38.06739890337489
simulated,23.25237337385881
simulated,61.833156776657546
simulated,66.60089392891965
simulated,46.57864725154919
simulated,25.551103994604105
simulated,41.67435841816556
simulated,41.72561765304283
simulated,17.32890622571818
simulated,24.94140266025844
simulated,44.23671196716273
simulated,80.54406095383388
simulated,22.83143521356138
simulated,26.35687909370452
simulated,29.348258405563996
simulated,43.0100300689453
simulated,106.20559817269853
simulated,23.72498928718698
simulated,26.970379424276132
simulated,33.45070890216352
simulated,65.64257812369932
simulated,70.26735549170557
simulated,25.75722663721541
simulated,83.92241316547299
simulated,25.62458556308855
simulated,65.27921576986282
simulated,22.25090334631502
simulated,46.152472973640684
simulated,35.84835814605451
simulated,26.798207616305227
simulated,46.57831622050029
simulated,30.487680527415627
simulated,35.93426038531588
simulated,46.30988911753847
simulated,13.07264824319319
simulated,79.2666004693146
simulated,18.491122633121222
simulated,15.17091825117739
simulated,44.339129310138475
simulated,34.58734864752823
simulated,72.23505489375938
simulated,50.39103742581791
simulated,48.3138805224354
simulated,74.74588109934982
simulated,58.99503151679478
simulated,27.054527149637032
simulated,43.191143131917926
simulated,23.78160241123289
simulated,35.31964079343606
simulated,12.354364433528863
simulated,58.39223373067341
simulated,18.66437220534776
simulated,19.664861409236394
simulated,58.53741145285118
simulated,63.10438510135951
simulated,50.27169278106555
simulated,21.796355453356316
simulated,26.124180207224395
simulated,46.48958351165024
simulated,33.15730602393051
simulated,26.106312964268298
simulated,29.756286315348767
simulated,32.77186593179519
simulated,29.26231239577351
simulated,49.79521843356494
simulated,6.3440463959704125
simulated,65.83252316609142
simulated,21.01737761156328
simulated,48.321327384387715
simulated,27.095929393979013
simulated,48.43277590598526
simulated,18.013920562217116
simulated,29.509309148818513
simulated,48.28494709114823
simulated,74.42370001566672
simulated,15.96606747322572
simulated,14.626016232128597
simulated,51.615996867992024
simulated,46.391438897885536
simulated,19.97224455756118
simulated,28.439464887006295
simulated,67.34348822427609
simulated,84.00193393257774
simulated,33.83998474728987
simulated,21.253067176041036
simulated,53.285863393065526
simulated,51.10720862462297
simulated,92.17334656853046
simulated,27.327641483862582
simulated,36.837881961009984
simulated,22.348418595818526
simulated,33.8341372107963
simulated,22.471656371666235
simulated,15.169311138024327
simulated,33.75055926845729
simulated,49.48586317449977
simulated,57.94671683450561
simulated,47.87635560079291
simulated,40.122424354593335
simulated,67.7738045745214
simulated,109.29617946007349
simulated,63.544724459610734
simulated,42.004540107562896
simulated,34.55724057858433
simulated,12.681344592608724
simulated,43.96826870183055
simulated,44.098445167738454
simulated,24.02621355690254
simulated,24.723818265270438
simulated,52.88406416019409
simulated,13.443226143643379
simulated,79.12672601407994
simulated,23.515224176143075
simulated,34.83073958700921
simulated,19.419909473691664
simulated,50.42460936679521
simulated,24.061413129123704
simulated,56.622880673854745
simulated,14.05455527157312
simulated,38.968361535768246
simulated,50.48196773155333
simulated,47.007085606236124
simulated,49.315760165248406
simulated,82.55622244662474
simulated,22.694542007747167
simulated,30.21745457070864
simulated,21.581468189347127
simulated,6.289390000480273
simulated,7.180818621193665
simulated,45.89881348344923
simulated,41.501350899670555
simulated,20.758968162881636
simulated,42.644192426477645
simulated,50.13945068358672
simulated,49.76224118042044
simulated,22.88106071939257
simulated,28.53754475108715
simulated,20.023567550189227
simulated,13.795126487322602
simulated,24.763927337889967
simulated,40.22824771252239
simulated,74.31190695246214
simulated,40.14990175824464
simulated,79.7755775347019
simulated,60.24919288549067
simulated,11.650443060830982
simulated,36.03046767468241
simulated,67.36309430829031
simulated,45.5075917545955
simulated,19.018174842608
simulated,23.667710784737572
simulated,21.882634747445437
simulated,44.57678612169433
simulated,52.11207733650842
simulated,39.8953455259724
simulated,108.26031184607112
simulated,33.68650014533999
simulated,54.68371151882822
simulated,48.84800614791245
simulated,30.016401654989316
simulated,32.59614226836433
simulated,10.200845636213804
simulated,25.57844500396543
simulated,12.04576224043334
simulated,51.21096131000062
simulated,87.50201936453067
simulated,39.00158121500958
simulated,24.53990890998266
simulated,57.16363837650299
simulated,42.735815817336366
simulated,64.46064725201703
simulated,25.574212055195375
simulated,25.373933424789257
simulated,76.53084847699866
simulated,50.13669332093777
simulated,13.64489786910023
simulated,30.73071621902573
simulated,15.631279709832143
simulated,39.73104051193183
simulated,26.40286235786564
simulated,82.44680335958549
simulated,17.516732881782644
simulated,63.67387141646468
simulated,55.54223122077647
simulated,25.245985438988285
simulated,55.07967422223469
simulated,59.670979809067944
simulated,38.38453986242323
simulated,23.37658647457032
simulated,17.025550128450035
simulated,51.99403644436096
simulated,60.25855912250163
simulated,20.206569180592034
simulated,53.66736158525839
simulated,23.88003474305734
simulated,49.68400503644405
simulated,40.98366396557524
simulated,48.720769318639334
simulated,19.83935025059855
simulated,23.63293034858775
simulated,86.38185444119094
simulated,42.27014875936612
simulated,19.946887647149147
simulated,8.382036781338567
simulated,20.731554918842697
simulated,84.3154694748601
simulated,31.765643623876688
simulated,31.938409959575168
simulated,27.01336163262506
simulated,43.200059387357776
simulated,26.625630284605908
simulated,32.25354183251444
simulated,25.26856909810016
simulated,33.7560156165286
simulated,38.276084650728784
simulated,10.205934099581539
simulated,75.90436022858401
simulated,56.88875644343658
simulated,20.71346401939998
simulated,25.989911074863755
simulated,79.7377262282746
simulated,15.821897810325773
simulated,30.365333786167916
simulated,58.60747358831409
simulated,49.78558870316799
simulated,31.53127356143364
simulated,41.342566037583275
simulated,37.21430956760044
simulated,16.75999185710198
simulated,73.93119333753006
simulated,23.17192936863895
simulated,27.239666147964183
simulated,30.925402886196906
simulated,24.498431575533306
simulated,40.006458413115894
simulated,42.747811929300056
simulated,47.51759865081153
simulated,37.36874608173876
simulated,47.33890493705569
simulated,10.032970283918834
simulated,61.50231848482002
simulated,43.37521407288493
simulated,47.313107712161106
simulated,30.75874923624098
simulated,29.85516420297433
simulated,32.70692667164108
simulated,17.32428470875062
simulated,41.63039172940278
simulated,84.62483341009673
simulated,12.95108693053113
simulated,36.493763082990704
simulated,24.29354329640917
simulated,36.07398266531869
simulated,20.719075514117065
simulated,31.128333920882213
simulated,44.30821347379987
simulated,27.47060480324257
simulated,62.6538183885928
simulated,45.40619126839219
simulated,59.26256501259311
simulated,37.289551618921166
simulated,30.068135263492678
simulated,45.69072397878843
simulated,13.046320705782069
simulated,34.671771719708545
simulated,33.5268787977876
simulated,58.233914549069866
simulated,68.98530459134605
simulated,15.161868325032097
simulated,61.19079470890521
simulated,52.449380233512386
simulated,23.84646949459303
simulated,38.48793381909666
simulated,23.650200592113777
simulated,14.36458424356006
simulated,31.40981742015768
simulated,26.118059546582455
simulated,41.884102344152
simulated,72.71313334113572
simulated,23.9677534867815
simulated,63.44224364008525
simulated,37.387763254075765
simulated,25.886318628222426
simulated,18.948574616931626
simulated,32.14478282675278
simulated,84.90677849884396
simulated,50.77057678792103
simulated,21.253871803033608
simulated,28.22495115285331
simulated,39.098721160847475
simulated,30.090292904035117
simulated,56.53172071603468
simulated,35.927210284784955
simulated,68.89874319598673
simulated,25.30130417663952
simulated,40.01583037519849
simulated,24.529428476406004
simulated,27.482083730937855
simulated,22.416981384998685
simulated,26.33985699583113
simulated,34.56709845150939
simulated,24.72030233564857
simulated,39.088478773437
simulated,19.637892381044885
simulated,19.89839068351164
simulated,22.54105814686156
simulated,93.09042052947085
simulated,28.733672867735784
simulated,44.13557358855134
simulated,57.97265712993623
simulated,71.47701384274136
simulated,66.83788730069844
simulated,94.41045318767591
simulated,27.881284278301788
simulated,66.9998056542074
simulated,20.30265706190634
simulated,51.68947185461629
simulated,41.24533319911788
simulated,50.10133224684684
simulated,26.499320550494758
simulated,109.54847414241131
simulated,41.456059651854666
simulated,36.67620733805413
simulated,28.52226612752276
simulated,44.03768131739183
simulated,16.66889520293152
simulated,44.78107727412201
simulated,44.00899071665154
simulated,15.50050022598493
simulated,84.16802748591881
simulated,33.51368871909695
simulated,40.56307615837626
simulated,23.24150799130473
simulated,16.689393982837537
simulated,56.978740213036446
simulated,73.15718036731514
simulated,46.91475571765592
simulated,36.006182259782264
simulated,29.37495384600502
simulated,64.66674478019165
simulated,35.947301198817826
simulated,32.639809528164676
simulated,69.15101800921128
simulated,55.21622581422652
simulated,19.08759631116944
simulated,28.007111346270072
simulated,55.77183806804173
simulated,34.397842948629
simulated,86.9353748541349
simulated,17.822127123208517
simulated,56.947051651531595
simulated,39.37563410116473
simulated,54.96400064443517
simulated,43.86011091205217
simulated,24.11766569171547
simulated,32.65053319508805
simulated,70.49626843501214
simulated,17.388014120727185
simulated,31.201800985854213
simulated,19.839082045248006
simulated,18.090727391474665
simulated,48.87044912017909
simulated,61.631648897462036
simulated,59.80160716659649
simulated,25.506736221497377
simulated,19.721570560500272
simulated,38.22735679277553
simulated,53.001904491705346
simulated,31.234109214300315
simulated,99.78799257397505
simulated,15.032878380441687
simulated,28.20030081504972
simulated,20.176491027139505
simulated,79.34875884772538
simulated,60.45775520726373
simulated,43.76779647166059
simulated,97.63276056827758
simulated,49.68926850731134
simulated,33.36052454637564
simulated,40.17990013576486
simulated,42.8762401193439
simulated,63.53820934110203
simulated,58.185370111787805
simulated,54.16101627706477
simulated,38.640905006247536
simulated,34.157538636610695
simulated,82.45480681339447
simulated,22.13699517622585
simulated,35.569131455428526
simulated,59.283558118830385
simulated,29.937547690740946
simulated,17.12039725370686
simulated,57.43443518262512
simulated,56.281301855494675
simulated,61.76409034194366
simulated,70.60981900620415
simulated,32.89190534170765
simulated,34.47706372824536
simulated,31.672171438687954
simulated,17.83799167981455
simulated,15.864877303275788
simulated,12.280756169976218
simulated,26.28540061844808
simulated,13.033096475849836
simulated,37.30873738516619
simulated,30.172016330428704
simulated,27.616776712919897
simulated,92.23309304222909
simulated,39.18314451625766
simulated,21.432650294934177
simulated,38.423577728177584
simulated,17.969283587672173
simulated,26.71158921351518
simulated,70.25094379801155
simulated,34.49762760327218
simulated,17.485522238257598
simulated,12.627720354765444
simulated,23.515211180625418
simulated,83.19108627817712
simulated,46.17363012757887
simulated,29.86939244167995
simulated,41.97896936018535
simulated,50.059345532863745
simulated,14.805552527121268
simulated,37.84373786465838
simulated,49.017402430819665
simulated,16.670839271417528
simulated,51.282500968705406
simulated,16.872910277218047
simulated,33.2138281783828
simulated,64.78912794102912
simulated,30.660591067542917
simulated,45.92271651048587
simulated,67.85022946584144
simulated,65.35249960330651
simulated,68.5587259580509
simulated,45.36672618225025
simulated,51.493289151794755
simulated,64.71428339704472
simulated,25.493780282657838
simulated,127.90298609237138
simulated,65.61164900678858
simulated,42.35110669654519
simulated,57.52755547624931
simulated,21.230446501891027
simulated,42.96501527849409
simulated,78.55123388173362
simulated,38.485700824029834
simulated,56.192662087915025
simulated,48.46259247505811
simulated,56.7088368598273
simulated,12.198282430882559
simulated,56.414235875369016
simulated,59.212220647099116
simulated,29.449852328574813
simulated,44.03456880301738
simulated,23.73357218059511
simulated,41.440130719213485
simulated,18.052846235387847
simulated,29.834003723163704
simulated,40.515901336313725
simulated,66.3649798975889
simulated,10.444467203080087
simulated,27.203884809988114
simulated,30.128571840476518
simulated,39.42907900091824
simulated,12.65829665541031
simulated,44.2544124134904
simulated,58.19822272793189
simulated,27.529973339531956
simulated,18.371284435624887
simulated,55.47917520636539
simulated,38.37016741880574
simulated,40.20785069834711
simulated,75.5389314642297
simulated,68.14343430193024
simulated,18.54223470738028
simulated,16.28152618812137
simulated,23.8829943659145
simulated,85.23924071694435
simulated,29.580830822726067
simulated,28.696253472724322
simulated,17.707570833773374
simulated,37.36142027400116
simulated,50.97460720103555
simulated,69.22621696172553
simulated,28.040078853975874
simulated,23.135983750421047
simulated,27.924448633375967
simulated,21.249450481466223
simulated,55.22734452109048
simulated,26.398268506857406
simulated,20.224801661789655
simulated,51.30522303255765
simulated,31.200115305004893
simulated,35.88208370282625
simulated,14.983205898952157
simulated,26.607658713035516
simulated,42.943478833056176
simulated,19.95854008244901
simulated,29.41374341676604
simulated,38.075572001405305
simulated,22.377380132584396
simulated,53.82295579114577
simulated,51.01579432758556
simulated,40.92043299745524
simulated,16.251115850169946
simulated,24.882830254543727
simulated,29.20226440192431
simulated,17.715722226252193
simulated,34.91651530472114
simulated,16.86009661735193
simulated,36.62316499810425
simulated,60.955432449469384
simulated,26.601913161236787
simulated,42.314829006597215
simulated,15.229712175050183
simulated,28.92544341405845
simulated,22.209739876721127
simulated,37.20674774363599
simulated,25.494997101451645
simulated,35.94898579728607
simulated,44.90076060144976
simulated,44.22891004703712
simulated,49.734708442657336
simulated,15.680929139360092
simulated,28.288181563236474
simulated,29.636765832141847
simulated,58.27574503199103
simulated,36.93831002625065
simulated,31.373756862408626
simulated,77.66005074018548
simulated,32.21926064788741
simulated,59.03943189853741
simulated,21.41827843137885
simulated,37.59166977718337
simulated,17.885944553841938
simulated,12.957255565911533
simulated,51.058000178850115
simulated,24.400581346592052
simulated,26.942568935699256
simulated,35.36959476668561
simulated,103.15308912247619
simulated,27.08867450823035
simulated,42.32883058315116
simulated,29.496640863359644
simulated,68.37476571914422
simulated,92.36134379232824
simulated,32.20588786637423
simulated,22.092112246227007
simulated,22.767485211420258
simulated,41.914720491710526
simulated,15.275859192563585
simulated,34.87260094481222
simulated,38.095534716909185
simulated,24.8026266064115
simulated,39.035880529456506
simulated,65.24341620534967
simulated,29.486539927293414
simulated,76.1910303499197
simulated,67.47495310373736
simulated,20.584430339843234
simulated,20.110318668890187
simulated,50.669874170266134
simulated,17.491418401145534
simulated,39.15340342656126
simulated,35.434878448549625
simulated,13.752806029733003
simulated,48.042720740044395
simulated,45.01999315222109
simulated,11.904552532135414
simulated,133.46108063043334
simulated,45.75771294985766
simulated,55.066432619746124
simulated,13.984396429639219
simulated,23.6386791482367
simulated,77.79379964010491
simulated,27.088727113766332
simulated,25.641694341484953
simulated,45.25482223274597
simulated,33.47980951470416
simulated,31.158465218637883
simulated,58.580892864119335
simulated,60.128097880328816
simulated,79.71218670871237
simulated,84.42883915921604
simulated,95.8331042621547
simulated,42.43668167002437
simulated,43.679042666699395
simulated,71.96819442233101
simulated,39.54140943256176
simulated,40.850154324581474
simulated,48.0636719401619
simulated,39.755921442711546
simulated,37.52063959240352
simulated,21.584979617302615
simulated,28.77213513763403
simulated,45.608317195846496
simulated,29.166774940064983
simulated,20.74107570651922
simulated,40.528807313743656
simulated,52.08092210344542
simulated,16.79201333410031
simulated,46.681512010956006
simulated,60.65667379327777
simulated,13.40048901696247
simulated,32.346657895824755
simulated,23.726500827163
simulated,24.869214970399174
simulated,18.72493758156434
simulated,46.87377479813919
simulated,31.235527235390055
simulated,64.77586806755487
simulated,47.66005061413417
simulated,48.64452240857203
simulated,14.139013717427504
simulated,18.51033233143465
simulated,68.02889863617895
simulated,36.11924756101851
simulated,23.288402689325345
simulated,88.2183003507249
simulated,33.83304909343695
simulated,39.77296428661536
simulated,44.609845297694505
simulated,23.819006846406353
simulated,18.918974316727745
simulated,98.75319037831962
simulated,63.9323074283043
simulated,28.3629442740002
simulated,28.05799871705747
simulated,76.60670984027794
simulated,5.841295218625389
simulated,83.1192452082347
simulated,32.74398101246724
simulated,28.31250234719312
simulated,58.46502568376723
simulated,22.645741377442
simulated,17.728629903705695
simulated,14.00658035324649
simulated,45.434766636468424
simulated,28.236279756097293
simulated,46.012184183088834
simulated,33.15293406012469
simulated,33.25153467207588
simulated,38.96690287829285
simulated,31.816899449350434
simulated,44.30233848942346
simulated,8.250610909430385
simulated,25.959397059310977
simulated,34.75786718875011
simulated,25.808875848676195
simulated,51.216838994047954
simulated,24.8127908848063
simulated,82.90706984695419
simulated,53.77241571368151
simulated,51.583882618559606
simulated,51.39729907556885
simulated,33.25374686269835
simulated,57.90646044120348
simulated,31.48829462362643
simulated,26.73597704117099
simulated,15.275983320755309
simulated,12.696338005335903
simulated,32.81889335321153
simulated,17.05627770292854
simulated,20.735442977217854
simulated,59.88569870847789
simulated,108.49028420324603
simulated,31.49085408750976
simulated,62.80507492408634
simulated,31.370861366665743
simulated,14.699297209552364
simulated,35.81967498589434
simulated,22.98061141220089
simulated,10.83461034251751
simulated,32.30913875070628
simulated,38.60933711607872
simulated,44.193971775240506
simulated,25.181069391838538
simulated,21.281377238046954
simulated,39.22481104343424
simulated,104.5596202737427
simulated,47.20800796977598
simulated,119.96872467227314
simulated,27.13638131153354
simulated,39.97836344815126
simulated,45.77354145956549
simulated,30.06861636121934
simulated,31.45770454681623
simulated,22.866934114853
simulated,30.23692346430582
simulated,35.960017221566744
simulated,41.196243396738126
simulated,34.84055672253077
simulated,35.90978721117105
simulated,38.37154872677382
simulated,21.943743205670962
simulated,30.604024574581757
simulated,65.69705164881634
simulated,98.60858756324869
simulated,38.78295013528804
simulated,62.24091351085793
simulated,68.11293478486752
simulated,39.4184310510941
simulated,35.428302345672414
simulated,31.51220821973486
simulated,80.04482014188552
simulated,39.9358435889118
simulated,48.16432800013268
simulated,24.6305964055594
simulated,32.65087516784673
simulated,99.62184228042452
simulated,11.43623696630753
simulated,92.66524169923073
simulated,14.308307664462834
simulated,90.63032587613804
simulated,52.31597173700847
simulated,60.92191016156425
simulated,33.762587909606566
simulated,36.05756825769317
simulated,20.625938884354085
simulated,27.631338880045085
simulated,25.52066488376483
simulated,39.74245808889445
simulated,30.748525871000083
simulated,46.489905325262114
simulated,30.83252315163969
simulated,45.21982602858928
simulated,42.90000444282735
simulated,20.172522459329663
simulated,21.099359688601794
simulated,26.326424852329062
simulated,28.532630352557543
simulated,21.55745184074506
simulated,38.257855221613006
simulated,38.61626987525501
simulated,12.836082851972993
simulated,21.708107796605432
simulated,41.50351162455339
simulated,24.64013288688667
simulated,34.86892063934529
simulated,21.57825250286482
simulated,14.311680446253547
simulated,26.678215530926582
simulated,47.465583053781074
simulated,23.560249284899502
simulated,41.256695710161836
simulated,159.51732006296197
simulated,8.313719158278733
simulated,37.70879719991053
simulated,20.167085190121767
simulated,24.680316291950696
simulated,56.93197243507312
simulated,39.93737544993336
simulated,31.832673654106216
simulated,21.805510192919535
simulated,43.017187911308
simulated,18.25387460814065
simulated,29.323676943035025
simulated,65.51818857406678
simulated,104.53237923082176
simulated,31.954521182079414
simulated,22.210121997174973
simulated,50.49369252175671
simulated,25.79017611393301
simulated,48.96523384130823
simulated,31.46100962802476
simulated,33.93130433692491
simulated,36.00865119863868
simulated,56.331937010576915
simulated,26.81656893375368
simulated,40.51325390262133
simulated,6.27551036339377
simulated,7.976965376526957
simulated,51.2875761429472
simulated,88.75811933093966
simulated,19.796660653887464
simulated,23.002146258531546
simulated,75.16929770517982
simulated,32.95153872460729
simulated,60.34118975885583
simulated,44.370495580976694
simulated,36.86758544937686
simulated,34.54038057297913
simulated,59.90092614645921
simulated,45.89287944663684
simulated,53.053202741978936
simulated,26.268335228466373
simulated,33.62405548995134
simulated,18.392379967479965
simulated,38.98179789964559
simulated,71.15506131846072
simulated,35.50658932407632
simulated,110.49581472253153
simulated,86.51322064718258
simulated,11.820424352713406
simulated,22.09207384827962
simulated,84.05481790854522
simulated,107.47705704586978
simulated,50.90982498782728
simulated,35.94042475499538
simulated,55.40151186750179
simulated,26.35023835038099
simulated,27.865759376647237
simulated,47.55375575710574
simulated,38.703714084060465
simulated,32.22634722387788
simulated,35.27894786168157
simulated,62.65268595411139
simulated,30.080127082064138
simulated,35.56779411362907
simulated,47.78197970989927
simulated,24.757559348264206
simulated,50.701185997194045
simulated,17.932755463043666
simulated,80.59551750969361
simulated,60.58705923683648
simulated,9.109272036958764
simulated,41.81054454494266
simulated,106.13331039002429
simulated,64.43761583166489
simulated,59.808472795191676
simulated,63.76955934859689
simulated,17.033794618663674
simulated,28.122640749583592
simulated,51.997685090879756
simulated,11.084158925452718
simulated,18.416124065418916
simulated,21.96188082834166
simulated,14.482599232509171
simulated,45.33212265992694
simulated,56.05685507300369
simulated,18.53407408782447
simulated,79.69360648743967
simulated,54.70754604293775
simulated,16.219081384631004
simulated,64.48973227441962
simulated,37.16825541435675
simulated,34.490526277697036
simulated,59.44152734584425
simulated,65.8395790936632
simulated,63.33899965716785
simulated,28.060752170244424
simulated,47.36706784488182
simulated,60.321755197752104
simulated,64.21736928420985
simulated,43.62639224725034
simulated,43.664086430484645
simulated,62.8356431738553
simulated,37.04301513943648
simulated,15.146023683991004
simulated,71.98666880702687
simulated,52.777453461051266
simulated,51.740774716199226
simulated,20.138708576788687
simulated,11.657010696117098
simulated,10.625466503922457
simulated,33.862604422337604
simulated,28.67446020605346
simulated,35.144994087953805
simulated,25.111190216919674
simulated,20.48305146706001
simulated,45.35867592799144
simulated,34.16841171730971
simulated,28.63332743643448
simulated,47.226666630340986
simulated,16.69083961044517
simulated,42.73893945998801
simulated,15.411210919512417
simulated,39.55007408940333
simulated,43.76676280414654
simulated,21.811657913873063
simulated,58.52578750530275
simulated,35.02724582095036
simulated,10.25543910637626
simulated,20.793130021960714
simulated,70.88160593473182
simulated,35.6830868658793
simulated,54.18541221451214
simulated,15.085974605442903
simulated,23.35600484975423
simulated,9.840513922795518
simulated,27.84883239725019
simulated,39.86277289969924
simulated,41.66679969640737
simulated,24.520918153732758
simulated,15.012542242818961
simulated,62.45745020355057
simulated,71.72473152640913
simulated,37.694803950181154
simulated,14.966195645952904
simulated,12.586941261503956
simulated,66.20193964324261
simulated,44.17097216175164
simulated,62.26333276179971
simulated,43.4625676356968
simulated,12.030952656329697
simulated,82.06272113470783
simulated,20.935336402349257
simulated,24.158765793258155
simulated,22.815730419292663
simulated,30.25189777833609
simulated,21.27927376649417
simulated,29.857219640700613
simulated,29.861367972776225
simulated,16.522844126336295
simulated,63.53209387896835
simulated,46.43720327584306
simulated,18.78903050953054
simulated,32.194366908500555
simulated,46.087389237977845
simulated,26.48320468986841
simulated,28.81601983266009
simulated,35.186230692396556
simulated,14.774067008675644
simulated,37.36680809745073
simulated,19.666777868762917
simulated,19.364423545378845
simulated,82.70208599321961
simulated,25.892748826651236
simulated,32.693490344183715
simulated,18.923738600212275
simulated,32.912968293533616
simulated,106.08800617249824
simulated,18.79175751370918
simulated,17.044349746918634
simulated,53.73031832195855
simulated,63.26393032098605
simulated,31.571577229428996
simulated,53.908400224990146
simulated,63.92851221010355
simulated,52.036013863182085
simulated,44.12313554274848
simulated,23.237968819552165
simulated,40.621696224095686
simulated,35.61403771615981
simulated,113.21714477285923
simulated,96.94183263230367
simulated,43.614253526556475
simulated,40.27060535629538
simulated,43.43835500236169
simulated,20.664153324768222
simulated,33.12406881789267
simulated,34.9771652775922
simulated,67.39351421244902
simulated,30.96272191693468
simulated,24.333360242928634
simulated,27.103947731374376
simulated,62.84141539031346
simulated,22.658327612846808
simulated,44.84185792817624
simulated,47.7147173119982
simulated,37.44667600126956
simulated,32.56952142051999
simulated,24.408414038682594
simulated,37.06443361447418
simulated,39.96758068573337
simulated,28.82076880042016
simulated,17.553679420630594
simulated,51.76205836937888
simulated,46.33741685428993
simulated,46.89739669334712
simulated,36.60074353392261
simulated,52.15511508617392
simulated,59.20459801336714
simulated,26.097809338586515
simulated,74.51573911055102
simulated,32.14608694088584
simulated,29.783917037075177
simulated,55.88108341706238
simulated,66.0872841736115
simulated,35.720051929677055
simulated,28.686237733188463
simulated,69.18667890668982
simulated,71.11165690290372
simulated,50.09642222171456
simulated,15.754587731462195
simulated,19.861496640989223
simulated,18.248655416332113
simulated,57.9262156970276
simulated,31.69406182627813
simulated,40.285860224458744
simulated,45.451331723535844
simulated,63.8971864311024
simulated,60.322653023538685
simulated,40.32213422393754
simulated,87.62699431057237
simulated,7.044985354938481
simulated,103.39655741083735
simulated,35.276663166358595
simulated,27.643024530640716
simulated,36.311912227224006
simulated,44.440002712935524
simulated,20.813361583897425
simulated,32.22661811701669
simulated,59.41497481719098
simulated,22.77314596955879
simulated,107.70382276437151
simulated,70.8266387669526
simulated,51.51636469374095
simulated,7.273709830513361
simulated,55.721844355595614
simulated,25.403514764693412
simulated,50.75634792570611
simulated,50.44380441493132
simulated,18.296951439110728
simulated,17.420665371156232
simulated,4.292446151775124
simulated,31.703225351768072
simulated,17.963596374059627
simulated,32.76991869017952
simulated,35.08927174187979
simulated,25.12680253243724
simulated,65.81931504282356
simulated,26.726342099429363
simulated,32.23517024445806
simulated,60.560324377268174
simulated,49.17812292996904
simulated,45.26632934944354
simulated,35.95541533167844
simulated,48.55085981416747
simulated,33.04072475529664
simulated,22.678456107172615
simulated,51.84509776268767
simulated,31.96391065841609
simulated,52.21864824753976
simulated,29.559883887305762
simulated,41.38684646287811
simulated,34.61325473917109
simulated,84.24806383759034
simulated,16.486044126098214
simulated,14.927636612815409
simulated,35.22998633998004
simulated,20.716678399154784
simulated,54.55972467107237
simulated,24.20215691065305
simulated,19.751779071658827
simulated,80.11231158793451
simulated,45.07304745105637
simulated,41.79286526895294
simulated,14.609871164555194
simulated,31.37703020719246
simulated,62.847879638115195
simulated,38.74826520080425
simulated,59.76023773213681
simulated,38.03553451324773
simulated,31.75074283056707
simulated,8.216529320106718
simulated,21.763975799337445
simulated,24.171486400951622
simulated,31.42772273865473
simulated,20.458560650092966
simulated,14.028594682889478
simulated,36.614601759437924
simulated,23.594774932562622
simulated,32.91110285336804
simulated,41.805234185127986
simulated,38.85309054706856
simulated,14.765869416255722
simulated,48.55135175967488
simulated,36.161854067102425
simulated,36.96754539746181
simulated,13.901797473881443
simulated,37.656812128328866
simulated,43.2794235175689
simulated,29.770823300778158
simulated,42.31195749435294
simulated,49.07034145813796
simulated,19.046724426390508
simulated,93.59306156403238
simulated,16.8831534062973
simulated,65.90372933164069
simulated,32.53834757505584
simulated,18.098186845320136
simulated,63.06685158410029
simulated,40.59011908225643
simulated,33.56539804018872
simulated,24.655532822909418
simulated,18.267330780281565
simulated,33.10085597812315
simulated,55.998575976187695
simulated,26.68330353329224
simulated,29.43701748402033
simulated,43.93019156158034
simulated,13.127454084167391
simulated,23.610037603714108
simulated,24.53779492754761
simulated,44.759449489605075
simulated,37.04431426176207
simulated,51.860394407353354
simulated,50.57497798522168
simulated,25.126748074649804
simulated,71.32073839867019
simulated,28.541663629410543
simulated,11.390565933099193
simulated,72.15600921724734
simulated,16.991539283496643
simulated,24.66477498819768
simulated,15.687872948109083
simulated,11.799922031703192
simulated,67.34708108560865
simulated,40.11209091426805
simulated,40.683750842182945
simulated,16.997862376863733
simulated,24.15853886761388
simulated,43.7124597883395
simulated,25.321973536918648
simulated,37.203804284694385
simulated,20.275821112873995
simulated,64.2596749578005
simulated,28.140888880648752
simulated,38.816379725218596
simulated,23.110631968728583
simulated,80.79073413931809
simulated,23.34544372243793
simulated,16.103099443102742
simulated,24.536289122391338
simulated,20.51008240776107
simulated,45.65319365168415
simulated,18.250302325072198
simulated,41.95450027160798
simulated,76.43672363048661
simulated,30.06211445294495
simulated,26.235231109071606
simulated,46.01205742802546
simulated,26.49076329448713
simulated,46.75968123294922
simulated,21.673806094766917
simulated,28.32221891232302
simulated,25.06020054606391
simulated,41.516480238005826
simulated,36.17339709046676
simulated,51.69863935074007
simulated,37.16307008934862
simulated,14.488086300895882
simulated,27.698730380468845
simulated,17.914599370101918
simulated,31.702005823250282
simulated,70.76252811539847
simulated,20.467971357432823
simulated,73.01975777291365
simulated,58.70564801025447
simulated,16.507030725925556
simulated,43.56012636502299
simulated,79.87853036550946
simulated,28.895746964791492
simulated,16.753623362254388
simulated,27.202395480897245
simulated,57.305939704955705
simulated,20.152929510634227
simulated,46.642641503725415
simulated,42.19376794697539
simulated,69.00251851905834
simulated,46.35485752189628
simulated,32.00696769017141
simulated,56.06037230866706
simulated,24.511301048507363
simulated,57.56619348418015
simulated,72.88724126496706
simulated,49.591879593132774
simulated,38.777306323255374
simulated,50.005954541563504
simulated,26.872755766629716
simulated,22.3987520417011
simulated,69.0631853019589
simulated,48.32469898219456
simulated,69.66518801955735
simulated,6.685870525394731
simulated,7.4561699626784845
simulated,16.472472902693895
simulated,28.923672010793204
simulated,29.280144508609784
simulated,53.645330364647904
simulated,34.04062913508925
simulated,12.550887907582922
simulated,19.306867007157027
simulated,37.336466620973354
simulated,19.863097628615808
simulated,59.93880125271462
simulated,49.64703291558051
simulated,32.224905124624144
simulated,44.24525306966917
simulated,24.20877845892737
simulated,31.071131717088612
simulated,35.523303667539736
simulated,49.503696558628576
simulated,115.64714538032909
simulated,50.317305463465495
simulated,43.40769195192137
simulated,92.67904735056842
simulated,25.619822469105742
simulated,30.925260238240803
simulated,12.795042906463175
simulated,43.33736824865349
simulated,14.857640825699765
simulated,46.6067166313227
simulated,19.558372715202857
simulated,41.54494101456092
simulated,29.436783125105222
simulated,42.19904721072352
simulated,67.437256073794
simulated,34.15729988480277
simulated,34.25019553715203
simulated,26.2352822209235
simulated,35.95408336714879
simulated,50.866380317138784
simulated,40.008206640709986
simulated,43.60105798799238
simulated,30.316396756670322
simulated,29.855682635156054
simulated,66.27341822575518
simulated,36.109615609412124
simulated,53.82084060968753
simulated,12.03554755163633
simulated,48.612707944070046
simulated,36.3782661121278
simulated,35.95872477303927
simulated,13.041074582233124
simulated,76.17425931650935
simulated,25.278742122398928
simulated,45.184150900996535
simulated,55.26603915388089
simulated,32.70458503716827
simulated,119.4311399492064
simulated,31.968521021490986
simulated,17.55464309207897
simulated,48.761803061935325
simulated,39.63138431838319
simulated,48.40459453615958
simulated,60.235291777200395
simulated,25.5854922114928
simulated,31.935182919457052
simulated,31.910091884203105
simulated,37.88243579042841
simulated,53.64713275564387
simulated,29.765440875454786
simulated,19.1926625314037
simulated,59.56799441966425
simulated,51.50594764840482
simulated,17.988857018332556
simulated,105.70648721640924
simulated,29.821382741794732
simulated,71.074414994025
simulated,35.087887809629045
simulated,12.264401404023019
simulated,20.063068800432866
simulated,49.616162641391526
simulated,19.635167823789192
simulated,28.69949834022368
simulated,37.818594990399916
simulated,53.89391920003963
simulated,34.379107303891544
simulated,35.57793673549712
simulated,85.89533084044186
simulated,48.31397732218015
simulated,19.23788773011504
simulated,17.13402059861235
simulated,19.64055491127826
simulated,70.83913651037489
simulated,12.744960696621021
simulated,20.289549182197266
simulated,46.53979152056657
simulated,21.987672968188374
simulated,68.50602896300155
simulated,46.66733713799568
simulated,15.848658903474272
simulated,37.2754175348545
simulated,54.263333990712006
simulated,30.312933761440917
simulated,40.156162483758365
simulated,55.40284846221723
simulated,13.852157457691334
simulated,58.5636896623492
simulated,22.018387457959168
simulated,37.91065274927076
simulated,48.68593038967629
simulated,32.31857419129863
simulated,36.017214299363324
simulated,45.845565135835585
simulated,27.82762591361842
simulated,35.839593371657266
simulated,45.4064517498485
simulated,66.44699237884903
simulated,61.5895687624605
simulated,24.10630202262373
simulated,24.58320866830139
simulated,23.957823937499647
simulated,32.00421129438777
simulated,35.45389141281282
simulated,22.20754518722284
simulated,39.35897694125407
simulated,45.06890501349509
simulated,152.22390280082863
simulated,20.542386404028843
simulated,29.557211443564782
simulated,46.34998988362022
simulated,8.78918539073917
simulated,26.123872326548724
simulated,19.07186055898588
simulated,63.7263619783259
simulated,25.25224875846523
simulated,12.27010930447815
simulated,44.28369690313244
simulated,103.58603166392723
simulated,59.14295713136457
simulated,47.66308612101335
simulated,33.30254826518583
simulated,17.08950045401469
simulated,18.8046970430709
simulated,18.819353320727366
simulated,11.353097006114583
simulated,14.699567515194683
simulated,49.50026439009798
simulated,44.82234224857227
simulated,49.5986235169891
simulated,34.16954980509227
simulated,44.23452005350652
simulated,26.26142924272554
simulated,20.085439787957483
simulated,16.489930155050313
simulated,11.477563004456465
simulated,31.365561252425834
simulated,69.25228598995585
simulated,60.14702119901948
simulated,24.135840681857005
simulated,42.7234304679383
simulated,72.98704138479408
simulated,41.46813051999716
simulated,35.95946782630396
simulated,51.74608204479256
simulated,38.56191512090248
simulated,37.11390644250153
simulated,80.77390292797315
simulated,34.07840890469544
simulated,58.83958548313065
simulated,9.056431806937905
simulated,78.3484041521941
simulated,54.54896866154753
simulated,42.54458397545072
simulated,58.95370486454969
simulated,42.66602106136696
simulated,19.774217188251537
simulated,42.26271316028097
simulated,12.34124089005297
simulated,74.88196563865964
simulated,25.71947715157646
simulated,42.91968089901792
simulated,31.36837934679361
simulated,19.488623347120566
simulated,24.960645562420385
simulated,41.4916153763404
simulated,16.279093724326202
simulated,24.307824497104047
simulated,16.938477052390375
simulated,14.955222702252383
simulated,9.987845858026317
simulated,40.57504508330135
simulated,38.04570344833054
simulated,25.148192982387624
simulated,87.60055127488491
simulated,18.089914515443688
simulated,23.22934762715898
simulated,45.85138759061343
simulated,46.15725159099478
simulated,33.35518927367856
simulated,23.7665530728962
simulated,32.66626450691561
simulated,39.040784640028335
simulated,26.60628889657769
simulated,39.25185392232416
simulated,51.701919013963725
simulated,64.95546196149458
simulated,40.85015180414582
simulated,28.127880294043347
simulated,40.446495061297966
simulated,12.67795528375292
simulated,43.891209102933345
simulated,19.827375625287623
simulated,17.879263665011194
simulated,29.053513024940365
simulated,20.98062093338421
simulated,30.516289982690225
simulated,30.22086203215342
simulated,28.373001698889922
simulated,40.945871625315824
simulated,23.02194118781293
simulated,32.29729050899994
simulated,49.96859003812933
simulated,38.74881059379948
simulated,43.18164374855801
simulated,29.743482044415543
simulated,89.0094530106642
simulated,100.6291581996301
simulated,44.45790577766947
simulated,15.55048348143181
simulated,56.574395668043174
simulated,41.62000470013583
simulated,38.206000225777785
simulated,34.42451406596108
simulated,33.06900552693902
simulated,26.790144527631057
simulated,62.013730861370476
simulated,37.37393569697289
simulated,22.12084927852977
simulated,43.1682708088408
simulated,13.975877338294666
simulated,37.250974461927214
simulated,5.808818420493349
simulated,85.68135494317532
simulated,46.31027690806698
simulated,17.529842603913718
simulated,31.161442396353337
simulated,52.20946435365999
simulated,45.42913883113853
simulated,88.9847668705961
simulated,49.20986325971591
simulated,36.801750497789016
simulated,44.56779979707592
simulated,39.18406227521079
simulated,117.28297391904727
simulated,59.584402400159654
simulated,20.303519189909604
simulated,24.54805321894854
simulated,76.10017509785969
simulated,19.137881995497153
simulated,28.135565602121638
simulated,34.631193725976956
simulated,12.342256691929688
simulated,35.83567310020698
simulated,20.696595238793044
simulated,31.94078784356864
simulated,28.426561218780268
simulated,22.245085290113362
simulated,19.791047216730696
simulated,21.010047096634352
simulated,46.35469006225253
simulated,81.22598810420507
simulated,22.674811467076
simulated,70.40126807038885
simulated,34.121841050748145
simulated,12.801014627828176
simulated,73.54530831859498
simulated,15.769121446956566
simulated,22.851469382440104
simulated,39.243952562166655
simulated,67.11370446512815
simulated,74.49901664765122
simulated,55.36934764304373
simulated,92.17377199538518
simulated,73.21949991573223
simulated,49.43092326533612
simulated,22.27505667987139
simulated,67.7138432642939
simulated,30.21738384714113
simulated,23.396879655332096
simulated,57.57914362344226
simulated,71.40666463981749
simulated,36.936215527066096
simulated,39.68362820331833
simulated,25.099990985911305
simulated,23.63236003318731
simulated,54.43315156862166
simulated,69.60297409559286
simulated,86.32436412609442
simulated,33.15621812443198
simulated,18.80362254197187
simulated,40.847734729214835
simulated,76.917134169589
simulated,36.42464164983533
simulated,75.2426043157187
simulated,42.20465867052694
simulated,33.496373572954866
simulated,47.23391762662884
simulated,34.49129786036294
simulated,30.754210038386
simulated,63.115742451825
simulated,32.79288754196161
simulated,21.140311142422462
simulated,46.47973439376396
simulated,32.796579419821065
simulated,54.38516292173336
simulated,38.21118978337414
simulated,23.322733289172604
simulated,66.10481877639884
simulated,43.20930158111982
simulated,75.53692784894945
simulated,75.80185559550912
simulated,19.966849830660603
simulated,22.59231417775398
simulated,21.601453562589594
simulated,35.04941487216405
simulated,32.63987379880811
simulated,93.83269725822977
simulated,26.443829381214194
simulated,19.438237674311974
simulated,33.10220753862366
simulated,52.12789975732515
simulated,85.28844103011724
simulated,29.242161207539006
simulated,36.27158704434204
simulated,61.02228112391404
simulated,20.52476853502894
simulated,9.02806095544706
simulated,14.85643501037571
simulated,31.24511778011817
simulated,61.96868606285843
simulated,34.26201668457085
simulated,55.62337672563773
simulated,11.322414769178078
simulated,43.51407005474624
simulated,61.70744042860837
simulated,76.04822506351024
simulated,71.35813989376366
simulated,24.33825415657829
simulated,27.667449847074895
simulated,38.713088620418205
simulated,51.80621551603227
simulated,50.952757897724325
simulated,35.58525468090983
simulated,42.93929637803201
simulated,65.20936900321608
simulated,43.148729569222255
simulated,35.8734709045229
simulated,13.81031139033771
simulated,51.66090707617917
simulated,29.807931770776587
simulated,27.240336681898686
simulated,66.22736242245878
simulated,47.86584922280244
simulated,38.71111487451823
simulated,61.69920538228256
simulated,28.601453315318622
simulated,33.0724953592487
simulated,23.26990296257027
simulated,31.218235710826605
simulated,38.49250449975963
simulated,30.71901979552853
simulated,64.46904311080539
simulated,29.38331478916669
simulated,71.52592239503514
simulated,35.31653538506554
simulated,31.149478022434806
simulated,25.519707846885694
simulated,40.735343311341644
simulated,25.23198141254444
simulated,19.05297906756407
simulated,55.02766124629728
simulated,37.90806714106451
simulated,73.7082466107775
simulated,38.924757211135315
simulated,17.03043678439922
simulated,35.66317839318698
simulated,56.646697330222366
simulated,16.92837625811706
simulated,27.539878464898752
simulated,91.55759779988125
simulated,27.488809404209082
simulated,22.76327015072785
simulated,86.19012548038089
simulated,16.72681349290239
simulated,22.07171645954081
simulated,98.50461932383251
simulated,21.300229713566893
simulated,61.96246936693309
simulated,50.6081800630092
simulated,30.529492821433635
simulated,57.46004794233823
simulated,91.93759166304284
simulated,109.63639612185871
simulated,27.15419461897598
simulated,42.77259972878908
simulated,26.73886734082165
simulated,60.40529393749034
simulated,47.50684393820123
simulated,35.50106738205701
simulated,19.889022057605718
simulated,42.346142871946824
simulated,40.84698589953773
simulated,26.189704186314856
simulated,155.54747456587717
simulated,44.46274682581566
simulated,53.89857639396797
simulated,27.805845070813287
simulated,46.627123057221965
simulated,49.71233968036625
simulated,80.99004669873909
simulated,16.967542730521785
simulated,19.48264515644963
simulated,20.384389584680523
simulated,68.70665727932172
simulated,46.91950692645748
simulated,23.164232354606874
simulated,67.17649527008282
simulated,45.24916992008526
simulated,43.53748425942879
simulated,43.97753483424116
simulated,87.68408290460928
simulated,93.56421537753637
simulated,31.58123821349801
simulated,44.47881747981829
simulated,49.97736581564667
simulated,25.10422721817045
simulated,22.371210665352407
simulated,7.4903881543879685
simulated,26.07136902001283
simulated,51.80579413444208
simulated,55.04220404922164
simulated,15.735028000363204
simulated,23.394539954035466
simulated,121.81703534710854
simulated,36.1127346922514
simulated,52.726362558731445
simulated,50.07567415090796
simulated,35.69330636799103
simulated,46.35651190176311
simulated,28.07136487080028
simulated,49.757669074118056
simulated,65.42939860090884
simulated,19.905199154352992
simulated,51.823542131472294
simulated,31.090796760572154
simulated,56.85679236004443
simulated,72.52425595496214
simulated,99.65535111207643
simulated,55.21816322992734
simulated,32.67317287240928
simulated,47.17672897371007
simulated,10.980814470264203
simulated,65.64509843495942
simulated,32.645809026072854
simulated,18.56722130797872
simulated,49.15763618928902
simulated,26.235712504859173
simulated,30.687351715687683
simulated,39.043790514761916
simulated,37.3115806611671
simulated,59.77369753450642
simulated,29.295744622001617
simulated,17.5740709480728
simulated,35.44606597156678
simulated,33.68612431818773
simulated,34.79197985850681
simulated,35.21119611649374
simulated,61.44491783550437
simulated,48.26166152829545
simulated,43.02512359465018
simulated,16.099463215020524
simulated,53.301922204176776
simulated,31.61879582505104
simulated,18.57231421583595
simulated,60.187533607711885
simulated,34.80970248775096
simulated,63.104005876345816
simulated,17.38000234052137
simulated,29.04758278648132
simulated,49.63399541065107
simulated,37.69011144468699
simulated,51.66098706927332
simulated,60.03126437806192
simulated,20.79033786305363
simulated,25.729407950732444
simulated,33.790691011690356
simulated,30.375329298350078
simulated,35.74762376583599
simulated,28.172140661926292
simulated,41.46755169111562
simulated,60.9192871837629
simulated,72.32382831888185
simulated,25.11953705286964
simulated,14.341850732616718
simulated,56.924658970664304
simulated,52.79291391941835
simulated,35.924056408360066
simulated,30.391612571837197
simulated,51.78154734038604
simulated,9.808078444673157
simulated,26.870164401755325
simulated,14.241287912391828
simulated,81.30606463715232
simulated,25.915228900542473
simulated,59.24124503370592
simulated,29.418012293083628
simulated,14.883437079175184
simulated,39.1203192791437
simulated,32.09595403301622
simulated,32.98595187486334
simulated,34.18105585283765
simulated,15.520450842892469
simulated,41.56917115249443
simulated,22.725236648443616
simulated,46.61673630872212
simulated,30.551967184749532
simulated,21.27728388318501
simulated,24.047986362680337
simulated,37.9388837949457
simulated,33.4701419283737
simulated,26.06102217465168
simulated,18.677856920189917
simulated,105.0641545888395
simulated,17.513868522435345
simulated,77.75012041315203
simulated,42.60408147410528
simulated,9.60131152250194
simulated,29.96187205028238
simulated,44.40011068926175
simulated,49.330836747728796
simulated,54.3433061734193
simulated,17.819686613661922
simulated,25.263032064327867
simulated,23.4210790902695
simulated,97.23522028399071
simulated,125.74255649554517
simulated,26.032578069557918
simulated,15.448095777581598
simulated,43.37771856150062
simulated,17.591152425758878
simulated,27.604518568433186
simulated,21.121223974473306
simulated,31.29080384521813
simulated,15.262219267626254
simulated,27.294107181431897
simulated,20.26703366893148
simulated,33.976814378459956
simulated,52.46041192980226
simulated,39.31273910796604
simulated,14.247797264463493
simulated,24.473512700793712
simulated,43.18045896957681
simulated,52.748698483692685
simulated,23.70007818919793
simulated,9.059326455526273
simulated,26.279661791573535
simulated,68.4668242152176
simulated,43.51390567488441
simulated,15.593349047478124
simulated,41.89491762968842
simulated,20.617578643314257
simulated,117.54618497382482
simulated,61.81479204173626
simulated,33.43230846999373
simulated,18.538864877837703
simulated,40.21695560210878
simulated,9.522659853389303
simulated,85.17230947199836
simulated,26.716953482335324
simulated,25.11871860628301
simulated,36.552887420463364
simulated,25.154891665193617
simulated,42.32093329189714
simulated,93.01378118605373
simulated,40.04396244062652
simulated,19.20820044443788
simulated,42.772527333326366
simulated,42.13540910466681
simulated,47.48277916009857
simulated,30.4075476158575
simulated,40.12568765706239
simulated,24.348869454392783
simulated,35.522638168458826
simulated,16.77022861489389
simulated,12.454712350009888
simulated,28.3679724491711
simulated,38.028398981452185
simulated,23.351607354480368
simulated,38.43054278411587
simulated,19.059971021585287
simulated,23.720051160896638
simulated,34.4557064390179
simulated,31.976973146974498
simulated,53.219177586122136
simulated,28.95695478886946
simulated,30.753776242460383
simulated,47.62394617482826
simulated,14.18291361926978
simulated,59.754305697933816
simulated,8.687096181851384
simulated,33.346864867523564
simulated,24.494044334619606
simulated,30.097679831257203
simulated,40.304213474941704
simulated,48.94007396754577
simulated,13.686927492666761
simulated,19.51735507371827
simulated,32.33870222184756
simulated,19.7393565807805
simulated,14.50068565373536
simulated,74.64316681648381
simulated,64.03900349737572
simulated,53.86304041456093
simulated,26.863711850232164
simulated,66.39938285693879
simulated,52.666371510501214
simulated,47.67885368922061
simulated,44.76755678180758
simulated,42.90211992748307
simulated,79.15254803735095
simulated,72.38080147472958
simulated,22.276903087440473
simulated,25.55630782469056
simulated,28.75524505464674
simulated,69.35371343476187
simulated,28.65753461275634
simulated,29.24510059565032
simulated,76.15315439480655
simulated,33.075996838564826
simulated,57.684933937238
simulated,40.217512077537336
simulated,23.23137124053884
simulated,17.238498854849453
simulated,32.9131626200798
simulated,23.531730970604812
simulated,40.511986086055096
simulated,33.653320581253666
simulated,65.34664411891097
simulated,28.704488547826514
simulated,21.028002248837208
simulated,84.36719761482577
simulated,53.05030148472061
simulated,29.464260350884125
simulated,26.357076305211336
simulated,27.75101567552177
simulated,27.006636072546844
simulated,83.88955559953622
simulated,45.64523222791832
simulated,57.38244529627638
simulated,74.82984177915617
simulated,30.868991818432683
simulated,18.47206975755161
simulated,8.64472112334283
simulated,73.27448501729108
simulated,9.674418588906935
simulated,14.49120144219112
simulated,24.99588135807877
simulated,81.8030130509269
simulated,26.425650594448463
simulated,48.222524307025374
simulated,66.18767755581848
simulated,28.652857077511822
simulated,64.47305977944563
simulated,19.679268119119605
simulated,45.954060607108964
simulated,57.477538217188595
simulated,61.32948345799004
simulated,18.227944123925134
simulated,25.79227896612435
simulated,14.067909087316563
simulated,42.39712798131132
simulated,33.25493526878497
simulated,22.728432543386084
simulated,16.741635203994203
simulated,26.032238609974897
simulated,36.91865348393729
simulated,27.02208256395386
simulated,14.089795053403968
simulated,42.11343192931086
simulated,34.81339770521389
simulated,13.633756835207908
simulated,64.41031376408301
simulated,26.79952836871722
simulated,28.17712188181635
simulated,90.4775183174425
simulated,48.56664723391032
simulated,104.25341961053334
simulated,52.566748432882775
simulated,25.242542299609465
simulated,38.48809997840549
simulated,26.935376362790414
simulated,22.75409927450981
simulated,39.09200946430299
simulated,16.816340622045207
simulated,26.892011275878854
simulated,20.704323718575612
simulated,23.7703377450445
simulated,39.563102585928
simulated,6.868362964709166
simulated,32.738871718621866
simulated,57.61218751092153
simulated,48.143028228544374
simulated,49.76778386173673
simulated,26.509173665566994
simulated,33.15967618241919
simulated,15.390351968111306
simulated,59.20133718645788
simulated,98.52580341727084
simulated,15.850998742287267
simulated,23.073440824073938
simulated,23.0341033664303
simulated,14.704490945952976
simulated,20.694984458150287
simulated,39.31404660076384
simulated,114.29997414722237
simulated,37.004263302294675
simulated,44.43960720739756
simulated,40.848996317013686
simulated,11.2843841221409
simulated,47.927797967263096
simulated,33.13038364321594
simulated,12.517175227213912
simulated,54.570901517988005
simulated,26.829539104050703
simulated,51.00550546021173
simulated,51.625556593719004
simulated,30.659175679076714
simulated,23.161103725732566
simulated,13.264561301750032
simulated,45.44070003342822
simulated,37.395362995082095
simulated,30.412275988200665
simulated,41.43951051788433
simulated,30.506089131776548
simulated,46.683994570388556
simulated,27.24439316383966
simulated,72.45803414644008
simulated,35.46924222574521
simulated,16.460789627874654
simulated,61.60066538636349
simulated,36.30630433214207
simulated,24.76081342279751
simulated,29.281549141182104
simulated,44.078676618839424
simulated,34.231156450984045
simulated,52.67995702761609
simulated,35.03330522759833
simulated,16.98231343550333
simulated,46.19756064035422
simulated,40.54122044892535
simulated,24.604987405602767
simulated,20.626218627404484
simulated,33.66108164954669
simulated,55.806764541710294
simulated,39.96187475823937
simulated,28.552332385555758
simulated,23.730822977508588
simulated,60.913766856638276
simulated,78.0432162500088
simulated,30.99854574871732
simulated,29.910736280090006
simulated,70.97026965561642
simulated,76.71908666332806
simulated,38.382157566269065
simulated,54.963733591449774
simulated,65.37946900977225
simulated,21.383547079652814
simulated,21.938647463761086
simulated,84.38246640624538
simulated,12.213493415643851
simulated,38.661296857758714
simulated,83.87202847006867
simulated,102.53521989990148
simulated,24.95269171471257
simulated,56.19296621819436
simulated,27.924621330583015
simulated,38.069478991747644
simulated,43.46384737630064
simulated,72.96346989617501
simulated,74.17449566978762
simulated,41.86158181560759
simulated,17.217961313142045
simulated,22.389698697703448
simulated,51.652372459949206
simulated,111.89832592567163
simulated,31.01397788502183
simulated,42.50277260405284
simulated,12.773259816844845
simulated,34.572742254744064
simulated,45.341240340162024
simulated,38.02485187534462
simulated,17.836247974960532
simulated,26.005886306419395
simulated,63.36650525658047
simulated,95.68809966881712
simulated,38.35790732224332
simulated,36.513150404404904
simulated,25.562604710289932
simulated,32.39145425940674
simulated,23.6715494210444
simulated,19.529686153445834
simulated,40.929217693004325
simulated,18.921625468870808
simulated,44.806960784980646
simulated,52.92262591282561
simulated,68.58488960281515
simulated,37.20166921704083
simulated,48.35049200355867
simulated,11.567974783414783
simulated,70.68060242152158
simulated,35.41316837583438
simulated,22.475216830448943
simulated,36.410660235419236
simulated,18.856273863282738
simulated,40.562107034373696
simulated,22.38471673785626
simulated,44.48125935111756
simulated,33.910137316792
simulated,66.44734238987337
simulated,31.71304907688782
simulated,33.4611064470802
simulated,102.5605158456777
simulated,27.081255558527296
simulated,46.004194126102185
simulated,17.135158413358308
simulated,29.39402465732918
simulated,23.35812940484221
simulated,70.78069414183604
simulated,85.20477607574658
simulated,31.25647933672526
simulated,16.79141535762186
simulated,71.89397974916308
simulated,50.68588414666754
simulated,32.289751011576094
simulated,52.08370140871902
simulated,34.506317236630366
simulated,67.05801313107177
simulated,18.114097985887362
simulated,24.267842032245245
simulated,27.27961148718732
simulated,26.94872581706425
simulated,41.46999741381214
simulated,16.59122856550172
simulated,18.961044849268788
simulated,75.1341136160507
simulated,30.064949263101965
simulated,31.717815856944057
simulated,79.46726546126581
simulated,21.883704792585874
simulated,23.081186444634554
simulated,38.07171962593116
simulated,91.72377374672185
simulated,29.639080215679968
simulated,43.244815194985975
simulated,30.358888214191378
simulated,32.451558061544944
simulated,43.04811638790186
simulated,12.969408218939158
simulated,52.04876575952967
simulated,31.177709107908914
simulated,46.51150556154173
simulated,68.8315301893872
simulated,42.50694232605997
simulated,40.84882692256377
simulated,32.06583547686048
simulated,55.26372521248176
simulated,26.905103708371414
simulated,40.18919303504072
simulated,67.55090046654433
simulated,25.171774487293135
simulated,42.004330424962156
simulated,21.1918929058501
simulated,19.672197657062338
simulated,25.72897219394373
simulated,40.52953020060037
simulated,14.205844363170742
simulated,38.77889130187687
simulated,36.01929247265029
simulated,23.73997615730641
simulated,44.3691245765407
simulated,23.488704753856418
simulated,18.887170827065987
simulated,57.965818153740294
simulated,41.5544761731888
simulated,33.96973536016719
simulated,86.41806737382112
simulated,56.625961885191636
simulated,41.30499091313817
simulated,96.99252698365257
simulated,41.06097441503016
simulated,51.19159167738671
simulated,54.04706337073843
simulated,30.08720628933236
simulated,38.017833295486746
simulated,25.08447455321889
simulated,31.106848743343487
simulated,35.78400367762262
simulated,29.846675873978175
simulated,23.95120450607379
simulated,55.1659262681642
simulated,29.00234303343357
simulated,19.65240929414292
simulated,46.06316958465298
simulated,26.19693705326153
simulated,45.20413327764874
simulated,73.244240987526
simulated,23.332313767629834
simulated,29.72774150944978
simulated,78.16528822152789
simulated,61.70048425644298
simulated,34.478930050229444
simulated,11.307992416293505
simulated,38.49027786400843
simulated,44.48341941954826
simulated,30.041677847463383
simulated,33.1904674008346
simulated,49.1274444165163
simulated,58.64454675217053
simulated,24.837969578860452
simulated,48.315020692576404
simulated,100.34293223448523
simulated,41.345038785795694
simulated,33.63922209090341
simulated,61.18439110611271
simulated,17.730400511634965
simulated,52.90280913315639
simulated,44.168331607715565
simulated,29.292246768198474
simulated,47.71799832647143
simulated,40.748430485008754
simulated,45.1463870960967
simulated,21.869089389658573
simulated,48.43927855782141
simulated,38.01222061550463
simulated,32.35795226754878
simulated,41.43296026394205
simulated,41.44541316315424
simulated,45.28719632592121
simulated,42.79964159199804
simulated,25.445490473068737
simulated,26.33250875250208
simulated,48.26481929955694
simulated,44.02131711126479
simulated,56.2004605400999
simulated,56.74141830971199
simulated,39.53202262461452
simulated,22.137877555666513
simulated,32.34791131178506
simulated,18.65871679078851
simulated,50.90815275055431
simulated,87.91007026221585
simulated,58.12039690175519
simulated,25.14499767245413
simulated,23.70553325264971
simulated,39.78816554911626
simulated,46.22980325555595
simulated,95.35373781706592
simulated,21.16619765196615
simulated,91.70463137226739
simulated,9.68692922313223
simulated,68.15846597090456
simulated,22.722439697573442
simulated,18.274423206313024
simulated,50.708145217699865
simulated,33.14937764091004
simulated,23.4058432443672
simulated,35.8576579914763
simulated,68.60831055739389
simulated,43.527004837025075
simulated,50.14457239548699
simulated,16.280743919526167
simulated,36.48958141867467
simulated,46.155194351202475
simulated,55.3234863108432
simulated,22.365008533242133
simulated,21.25774704696752
simulated,31.45309475912528
simulated,47.44683737023968
simulated,21.677362267255916
simulated,76.11422256276538
simulated,43.36988556975998
simulated,47.94191238176599
simulated,80.4227268996516
simulated,37.56735039167647
simulated,33.716820983676094
simulated,33.27906057636609
simulated,53.82706342074121
simulated,42.936510437376796
simulated,33.15895374814687
simulated,17.885306676929027
simulated,15.019490127265549
simulated,46.39387560904728
simulated,65.41110357967636
simulated,35.72675887843808
simulated,28.95883831244059
simulated,18.189221430525834
simulated,25.12697673314153
simulated,59.87237922072213
simulated,45.453711472179165
simulated,28.317957022227475
simulated,86.96599684100704
simulated,56.56993522209079
simulated,34.29316114998451
simulated,11.549061448261407
simulated,47.14635164968428
simulated,10.641874061631636
simulated,20.867655104978976
simulated,45.26523425173409
simulated,22.098031065164076
simulated,23.295873313762016
simulated,33.493731566490354
simulated,56.8544156906726
simulated,36.92645046531232
simulated,161.44947719928578
simulated,95.33346936731058
simulated,90.56438577869692
simulated,46.92684721050784
simulated,62.10859290250324
simulated,28.28508197610942
simulated,11.088756194415469
simulated,33.682912998952304
simulated,14.368816781439792
simulated,24.69772888503557
simulated,31.74664504906562
simulated,22.195089610140904
simulated,20.782893651510296
simulated,14.325481109328841
simulated,26.550264011687222
simulated,21.493117116965642
simulated,27.84570333487092
simulated,17.472554701708805
simulated,18.89849724592242
simulated,32.68793809426496
simulated,58.1145896175017
simulated,15.699793407221643
simulated,54.716177209274434
simulated,29.857015267541758
simulated,53.79055882093792
simulated,78.99550985273315
simulated,31.829643182770663
simulated,30.947955893907352
simulated,24.761953976418425
simulated,89.0448007994979
simulated,17.321178818783043
simulated,30.044345221362512
simulated,28.724438565017536
simulated,45.62091572370454
simulated,40.76324983068591
simulated,18.2886753765984
simulated,49.36224662471524
simulated,10.652760967808696
simulated,17.032949492213433
simulated,15.253613456753815
simulated,39.89475586433541
simulated,36.246368345711886
simulated,47.88575639900938
simulated,45.1856969614627
simulated,51.19019402716279
simulated,15.751518670373136
simulated,38.92360776907819
simulated,30.837049966716624
simulated,33.10161038834592
simulated,41.556456308752566
simulated,40.494249206867565
simulated,56.320743645041546
simulated,40.74849737269488
simulated,50.27013915137944
simulated,30.71630313810644
simulated,19.92986081749411
simulated,79.67975288882812
simulated,23.188446169215833
simulated,48.636606884681285
simulated,96.03873706161886
simulated,65.6412902598388
simulated,44.46595128368256
simulated,49.189084847799826
simulated,16.46453501878467
simulated,60.20115027184677
simulated,40.259012781194144
simulated,52.71291438798712
simulated,29.938927401143893
simulated,73.23631018433281
simulated,17.62223914460104
simulated,31.316278890015955
simulated,41.168438743719975
simulated,65.9819897573106
simulated,42.820901528499
simulated,15.53486213770143
simulated,24.345921299343843
simulated,49.408889493685706
simulated,34.78482478697692
simulated,81.92504289065087
simulated,25.31072067676451
simulated,49.650508554141155
simulated,39.74631852842199
simulated,15.101641609894894
simulated,14.651066530193571
simulated,25.476440332909174
simulated,34.54873545100485
simulated,27.14044860653236
simulated,83.28959590700312
simulated,43.31921846032149
simulated,34.167107729561074
simulated,29.38721638403844
simulated,33.869223965802746
simulated,39.67115717170774
simulated,39.765829514139774
simulated,20.24776446107979
simulated,20.36354619762321
simulated,17.44737466368299
simulated,13.377128069238346
simulated,50.702149888331306
simulated,57.52188615901698
simulated,39.946510566515435
simulated,38.862101433160845
simulated,21.436129785955025
simulated,13.611573199694128
simulated,30.344976608842124
simulated,44.314898935359025
simulated,38.039163606973176
simulated,38.38078521460292
simulated,28.22418232231736
simulated,73.96080893494899
simulated,60.79105234114439
simulated,49.653281541993394
simulated,44.98640862623251
simulated,53.25633350025225
simulated,16.322272077354157
simulated,39.236478260299634
simulated,71.10592689060607
simulated,44.992052469700596
simulated,88.42524750980495
simulated,36.63450075261946
simulated,63.78320397341201
simulated,21.353492642416217
simulated,60.916915333478016
simulated,52.97503370801397
simulated,21.204242056575616
simulated,31.169054544180696
simulated,52.24986152659501
simulated,12.84893083888419
simulated,38.620273734076
simulated,25.669675790729016
simulated,25.28592703388856
simulated,43.045030000993535
simulated,79.61814195025286
simulated,31.49906106564241
simulated,27.24528674961219
simulated,27.323169573442385
simulated,56.11590483728587
simulated,46.17692126845653
simulated,75.31013476911572
simulated,41.88852653945665
simulated,53.972932448957714
simulated,15.574869159641384
simulated,27.887580959117205
simulated,35.79666684997945
simulated,39.98342581634133
simulated,67.92645371670785
simulated,41.47759826545904
simulated,22.282285040995404
simulated,33.306208754575024
simulated,39.01709021224082
simulated,57.84131440077192
simulated,32.52103848105956
simulated,48.042313149973054
simulated,25.38187671967733
simulated,24.808897333315354
simulated,56.26696437689533
simulated,46.468529166274635
simulated,31.52427416534028
simulated,48.692706618231234
simulated,69.77038347537172
simulated,56.69024643909632
simulated,46.898855406793345
simulated,28.81724349345007
simulated,22.979896672122496
simulated,17.94533561340267
simulated,25.834454468120818
simulated,19.91439896682055
simulated,26.80836667339404
simulated,24.347857010498
simulated,21.012058349082125
simulated,48.22267180807421
simulated,13.903201027693287
simulated,25.262160349068413
simulated,37.913608285378416
simulated,12.07108392366966
simulated,148.7949105419535
simulated,39.551677068161275
simulated,33.04562082260114
simulated,57.86094515430091
simulated,19.26632967948695
simulated,26.592836401893628
simulated,30.303637910618413
simulated,53.06306419375236
simulated,12.711003781329746
simulated,22.83291124827123
simulated,45.446094352013105
simulated,58.32974541551161
simulated,28.683935969435247
simulated,53.43954204212787
simulated,42.4761195634802
simulated,55.33403074419779
simulated,42.84323418427031
simulated,47.97433159460827
simulated,24.74234391653865
simulated,72.09635378667325
simulated,70.83012872105044
simulated,46.841776504443395
simulated,25.170396296705743
simulated,43.492248317245426
simulated,30.566803116801967
simulated,63.86051010331746
simulated,31.216337427282845
simulated,57.83555404629569
simulated,14.049725873860838
simulated,41.08881945102551
simulated,30.900248506346625
simulated,17.789306589427532
simulated,37.1486491813196
simulated,75.08319802657094
simulated,31.633377373106665
simulated,19.165270009093664
simulated,19.325693087783456
simulated,76.84612009649685
simulated,11.779269764292414
simulated,25.466145012433593
simulated,38.692967185305115
simulated,36.626966727939376
simulated,58.05728285111066
simulated,75.77621048300784
simulated,27.149642850611983
simulated,24.950426128547463
simulated,37.399505000075344
simulated,24.792030049030124
simulated,103.99232603362682
simulated,58.52607836665663
simulated,55.48020596152333
simulated,32.77810662483224
simulated,53.78804764790086
simulated,59.32139293149362
simulated,58.72679908006569
simulated,87.50325881520692
simulated,66.42689809922885
simulated,76.37719252198221
simulated,66.44926400622796
simulated,29.167674393914126
simulated,62.66976214548074
simulated,30.58670655385048
simulated,33.986104367165055
simulated,24.787954203827397
simulated,5.262543833534117
simulated,28.764585169892708
simulated,37.26039782048257
simulated,68.90574106775298
simulated,10.349953553602013
simulated,41.1429121434873
simulated,26.231716890158662
simulated,37.84713499102955
simulated,21.583755044190866
simulated,21.59234086556939
simulated,64.56030809773398
simulated,62.93216460487748
simulated,21.523889639548376
simulated,79.69402606042769
simulated,43.00334709301873
simulated,18.920040746266515
simulated,19.84423053713334
simulated,21.742792277198543
simulated,41.081815665401905
simulated,47.53950982818196
simulated,38.64554071515606
simulated,31.270960140212544
simulated,11.245784936605304
simulated,89.52671230314021
simulated,24.68701864436392
simulated,18.66376504005271
simulated,24.29395698016869
simulated,69.50571799205602
simulated,48.22684909766487
simulated,43.87295921463763
simulated,76.4324619840879
simulated,92.93381108076312
simulated,14.962204760794881
simulated,62.19324372189729
simulated,24.184569934637963
simulated,16.41131346380146
simulated,44.05042713590056
simulated,34.76011085081839
simulated,56.37552020352425
simulated,39.46764937584025
simulated,29.467307873277512
simulated,48.22512975048015
simulated,42.282056097586064
simulated,25.404241399353303
simulated,32.57600147244273
simulated,17.560258040572236
simulated,38.94436267483968
simulated,10.1545280696343
simulated,71.77159911270063
simulated,45.651387665465336
simulated,43.21874088651802
simulated,50.3025606107836
simulated,57.420131249140766
simulated,96.2323558501742
simulated,22.45048427136899
simulated,17.921744662854017
simulated,31.25727497292904
simulated,58.92734348000713
simulated,44.05802669678624
simulated,29.52703973954213
simulated,76.49276311282101
simulated,29.25603732941976
simulated,19.902879454903847
simulated,18.929166164459396
simulated,23.10151920271909
simulated,68.04212939397215
simulated,19.80769950794146
simulated,30.26255630737811
simulated,11.992212993613975
simulated,16.536372216657384
simulated,57.892747958311105
simulated,44.464402281049246
simulated,30.709499068999015
simulated,37.21695351053308
simulated,31.479938098741666
simulated,68.9698877642393
simulated,35.425364604524745
simulated,47.24903490238098
simulated,11.464398563766945
simulated,17.845915279763577
simulated,26.69941866168096
simulated,64.53150178420134
simulated,31.44927673871747
simulated,13.419955101619143
simulated,62.987558802345546
simulated,11.29664131699521
simulated,32.54571692088119
simulated,30.913892178597038
simulated,26.433050840861284
simulated,22.937004180006884
simulated,75.80348417819329
simulated,31.116272953640653
simulated,26.47571590501984
simulated,21.645595823549563
simulated,19.829277223174746
simulated,14.409368892256527
simulated,45.914044179793365
simulated,16.818002651405717
simulated,23.822492373869295
simulated,20.873214610086492
simulated,41.10472402417203
simulated,45.20957722773697
simulated,54.81127463638339
simulated,25.94902482850259
simulated,39.415416800467
simulated,27.831293549919078
simulated,29.488523115721705
simulated,54.42611689829854
simulated,22.669544010465142
simulated,77.56816334964013
simulated,22.57232073046272
simulated,50.19122562582415
simulated,18.77520852045251
simulated,26.136821474397372
simulated,26.358387721065455
simulated,40.216721089594
simulated,94.60480228245142
simulated,93.86470566635045
simulated,30.679891714651458
simulated,41.15799325263994
simulated,16.755274019092976
simulated,10.248144771817739
simulated,13.0867807108875
simulated,20.521293325049722
simulated,39.46059077111337
simulated,15.175617722177964
simulated,29.48420328259105
simulated,83.24637862852289
simulated,24.718723073963233
simulated,29.713856593011705
simulated,31.406139398163035
simulated,49.62539510351671
simulated,15.85320664298936
simulated,21.97274044279956
simulated,19.299937305763933
simulated,46.081270072082624
simulated,70.82125320096597
simulated,26.462674445884844
simulated,3.212007686862593
simulated,65.82675770647684
simulated,80.02477201842702
simulated,49.770189111112806
simulated,18.659633036297414
simulated,37.14397898338545
simulated,39.31515765044348
simulated,24.692920157057955
simulated,57.591739431588024
simulated,34.02198132386986
simulated,38.251203513482864
simulated,22.370412044858966
simulated,28.613513687346188
simulated,50.66089581064324
simulated,48.38386606679151
simulated,63.24696401089731
simulated,38.451699690007025
simulated,29.26000902054946
simulated,43.736682666012825
simulated,66.4508504264474
simulated,21.136940708899925
simulated,18.960796842472366
simulated,30.138330803103567
simulated,54.70646083830874
simulated,33.70161260672637
simulated,28.636294511461898
simulated,16.616751063174696
simulated,64.67933756484392
simulated,21.45844038867937
simulated,16.14019777832732
simulated,20.289377395226307
simulated,41.20041793763575
simulated,32.5651646331353
simulated,43.29280676864274
simulated,32.50247760281924
simulated,88.90347662271012
simulated,18.165959065762774
simulated,23.358889979288005
simulated,32.097847381219445
simulated,56.652480353652464
simulated,47.1022257201777
simulated,22.53776365438
simulated,19.670520603488203
simulated,33.60463456974534
simulated,58.86660163849946
simulated,13.113009343726038
simulated,21.702869360476356
simulated,38.02724958475852
simulated,28.05844159624784
simulated,46.46687069202306
simulated,62.65282074686894
simulated,62.8052302765288
simulated,16.594135799388813
simulated,82.6523022153656
simulated,17.225619027486335
simulated,67.78167115536009
simulated,36.90069892995288
simulated,22.53206328390068
simulated,9.638077528989715
simulated,43.16736133433693
simulated,38.20779482409249
simulated,26.67158231630838
simulated,73.81349936743314
simulated,88.6239063023167
simulated,30.061011817086232
simulated,54.065669219650076
simulated,72.97789290197544
simulated,16.220810939914486
simulated,46.149461512156805
simulated,29.747503111414105
simulated,67.14336612614385
simulated,19.699304114818677
simulated,13.162208004031193
simulated,45.80130617273361
simulated,35.52446313433873
simulated,33.65574694019335
simulated,59.119746314739885
simulated,69.38112765244824
simulated,22.12717196106052
simulated,31.937258775970015
simulated,26.63315172812694
simulated,24.501991747857566
simulated,13.450583632613895
simulated,29.819241244353123
simulated,31.719804261700673
simulated,47.244142078095614
simulated,42.95032878129015
simulated,30.44159704169899
simulated,31.23707488917995
simulated,49.00852400457128
simulated,59.0643910413061
simulated,21.945644405500673
simulated,16.662366668194366
simulated,37.63694670540176
simulated,13.606924573252078
simulated,54.00728222537882
simulated,34.889132781078494
simulated,33.64576016405248
simulated,30.91181570529423
simulated,11.221807718464339
simulated,24.017093489444733
simulated,42.71833444138311
simulated,40.868435859283125
simulated,50.241545431994865
simulated,41.28087266099715
simulated,105.74184495278732
simulated,26.728675753370887
simulated,11.200411208346681
simulated,17.10475873381541
simulated,60.71864393670401
simulated,42.76229365578784
simulated,33.29577567112283
simulated,35.61031738429646
simulated,22.79096800215584
simulated,36.350705537072336
simulated,36.684427226235975
simulated,26.703934707880787
simulated,13.630630901973175
simulated,55.29829619467056
simulated,88.897456267968
simulated,34.30945135350912
simulated,42.38507668054046
simulated,108.38784363376297
simulated,31.5738925089304
simulated,22.392600461015174
simulated,40.64433438591687
simulated,34.98042070360486
simulated,71.32661288552487
simulated,25.951844786677675
simulated,80.10043573800253
simulated,53.550016278133675
simulated,60.42251749898524
simulated,75.73900275700302
simulated,63.97073186316148
simulated,90.3790543931559
simulated,16.756832415864597
simulated,75.57907959393366
simulated,66.97422939978614
simulated,76.93940325775064
simulated,11.64368435182062
simulated,29.95637116248824
simulated,75.5045406360208
simulated,26.219701312703158
simulated,62.740252935466046
simulated,54.857072920370214
simulated,64.36493206060433
simulated,50.00301583634698
simulated,73.36652563779688
simulated,34.67602869392515
simulated,21.73155708983511
simulated,18.219294948970596
simulated,23.57710747926579
simulated,41.65481611988156
simulated,40.14375927110727
simulated,14.273213761503092
simulated,64.72674240066272
simulated,41.58331809036755
simulated,26.796432937208372
simulated,15.836831924311063
simulated,27.947657882701012
simulated,35.29237745674068
simulated,33.2963020949752
simulated,35.30032057523739
simulated,18.183325177729568
simulated,12.50673833974246
simulated,42.8809028696693
simulated,33.81833724507035
simulated,13.278034190200417
simulated,40.22359813598659
simulated,47.05542668461197
simulated,18.361872344342434
simulated,26.17195252861575
simulated,29.126335376165223
simulated,51.93853399939267
simulated,16.845563322522274
simulated,58.27224129498376
simulated,25.800962596931296
simulated,60.956328131118674
simulated,13.188733065129936
simulated,23.920252136217304
simulated,38.292728055301666
simulated,27.65946924057623
simulated,82.57102098285682
simulated,81.97345138118791
simulated,43.88769181211962
simulated,99.61587128258114
simulated,61.107680521011574
simulated,86.64666135673933
simulated,73.53682131182458
simulated,42.140143050870876
simulated,57.949022710409
simulated,24.602730784422796
simulated,15.225767991338875
simulated,51.45003207692321
simulated,64.08264355013534
simulated,22.725537608123226
simulated,63.27464246564773
simulated,59.06058086434942
simulated,25.158262758497454
simulated,56.22468183600463
simulated,48.13582163699028
simulated,16.69780110704873
simulated,23.27163604688142
simulated,64.31270903195717
simulated,88.75218907076608
simulated,25.065803635736035
simulated,35.57251511460438
simulated,45.11839398321556
simulated,66.45656105381009
simulated,24.257055148385064
simulated,44.05382433363389
simulated,19.19175581692742
simulated,49.87712632161865
simulated,48.40117234094329
simulated,31.644699637901756
simulated,13.09414240981615
simulated,40.400896280283014
simulated,34.33528971944873
simulated,45.62456161333682
simulated,15.233962528701898
simulated,13.217948632417473
simulated,31.33487319431021
simulated,23.38920033767218
simulated,73.47906017966595
simulated,44.65429753665745
simulated,44.18717275401135
simulated,23.109676611927863
simulated,27.94284916412454
simulated,96.4327557567536
simulated,45.096607708736556
simulated,53.532618406810634
simulated,33.518962619968974
simulated,22.953009038797752
simulated,19.458560567490967
simulated,32.66102659708538
simulated,29.65318761541349
simulated,34.24922208464237
simulated,37.92159792740974
simulated,32.63815179986642
simulated,13.079866600413649
simulated,24.84868260171529
simulated,33.83333627126352
simulated,53.10161682159832
simulated,27.341367788399154
simulated,29.631957014119237
simulated,104.89850291190001
simulated,74.3705428540006
simulated,20.695372231310575
simulated,28.267752945121433
simulated,16.724158335295602
simulated,39.10421816355182
simulated,67.6019275792647
simulated,62.38690011107667
simulated,38.98202082798473
simulated,34.83355036992244
simulated,45.79459488017518
simulated,30.35804755778665
simulated,78.01324991695121
simulated,21.510400937634092
simulated,23.466885347565686
simulated,12.265782775133886
simulated,54.58473665896156
simulated,15.721767755565278
simulated,44.91467817444183
simulated,34.043478857501285
simulated,33.44304783684056
simulated,14.651494985913216
simulated,46.33076736908336
simulated,39.82788100132917
simulated,14.11222087893788
simulated,35.09338496388684
simulated,12.589266784344154
simulated,53.969075364012824
simulated,32.71949878391535
simulated,22.710070177470428
simulated,10.83235911424545
simulated,14.200036142187937
simulated,40.913713005718165
simulated,30.624465854971117
simulated,15.789362050041344
simulated,61.125349869708685
simulated,27.059392240097885
simulated,34.38153379614529
simulated,20.399257585003355
simulated,18.556625617870807
simulated,23.739304304216954
simulated,28.218340502487784
simulated,20.777188542034015
simulated,39.589727253710095
simulated,20.908593637288753
simulated,13.182393539013741
simulated,46.51251272990214
simulated,85.69068676063894
simulated,41.83617954057378
simulated,23.15173379060238
simulated,69.79714242391427
simulated,28.592806851094654
simulated,105.22972898925016
simulated,67.52009029522868
simulated,19.013037385064212
simulated,69.99716160241809
simulated,54.58563231930894
simulated,56.23375852655545
simulated,29.976948355051924
simulated,45.80631324959259
simulated,19.069042632871298
simulated,29.03908856030147
simulated,38.32399500940565
simulated,46.19166589683834
simulated,23.587470921651047
simulated,15.761279894744959
simulated,28.73828549592239
simulated,32.91184652137113
simulated,59.615620676425294
simulated,34.58000992984171
simulated,28.28323931578793
simulated,13.923315877423596
simulated,19.233012844106007
simulated,35.25096567808829
simulated,75.56705924928515
simulated,28.39759251301297
simulated,66.69677160173156
simulated,87.07115465705446
simulated,64.6814250322146
simulated,34.82031491159283
simulated,13.280978638301347
simulated,25.314703923021703
simulated,13.672165954609566
simulated,63.8800058071717
simulated,14.917403916974536
simulated,23.6483894284096
simulated,42.78545461024713
simulated,36.6592388330972
simulated,56.49908671747036
simulated,64.95246497925655
simulated,31.815227982893322
simulated,30.17834955317105
simulated,41.28597472608006
simulated,25.03192237845061
simulated,20.88295745540168
simulated,45.581292222830456
simulated,36.61173646370237
simulated,24.871705797440733
simulated,17.36713805579904
simulated,53.101778914083866
simulated,67.26254048567444
simulated,62.85492712365809
simulated,21.5595761086757
simulated,58.603882401251624
simulated,14.28639949849245
simulated,57.730299278950824
simulated,28.906034869046106
simulated,27.53093557261818
simulated,37.63051478565555
simulated,25.447020336407586
simulated,13.33278491481402
simulated,56.10088026238947
simulated,21.261127054337397
simulated,37.6066663082939
simulated,51.49402378440702
simulated,22.06154589017966
simulated,68.37382307462912
simulated,29.32847743794473
simulated,42.347758480858715
simulated,38.583141734684574
simulated,56.402502284160796
simulated,55.78728842302469
simulated,50.53966314175174
simulated,117.91410460296284
simulated,53.19057231286232
simulated,28.217232730054846
simulated,107.90624344402553
simulated,17.61904324116562
simulated,64.26489210744595
simulated,29.10025832287121
simulated,42.230095357257866
simulated,18.52951878936345
simulated,25.231633772304136
simulated,51.93481395430193
simulated,14.252134209443202
simulated,14.16937170924552
simulated,11.622433502581968
simulated,51.99129289506758
simulated,60.131282431429824
simulated,88.60506365320344
simulated,42.607586243642984
simulated,8.52155036657675
simulated,40.81662158318201
simulated,31.719712387475877
simulated,48.180396616890164
simulated,28.72149075866029
simulated,43.35236208045269
simulated,78.17672533470979
simulated,44.67296241315482
simulated,48.338955107060045
simulated,16.61369203686037
simulated,61.25421090812339
simulated,21.01107744642066
simulated,20.776875303976563
simulated,22.287407377387566
simulated,25.38488395031948
simulated,48.59103368008114
simulated,65.58297633911477
simulated,51.37032517369712
simulated,6.811627207161883
simulated,32.82095390782371
simulated,68.61622249237227
simulated,74.67358257385828
simulated,45.26608933004418
simulated,26.019086730607636
simulated,25.22630883778103
simulated,25.615429222711608
simulated,114.49551307480587
simulated,36.62870552959495
simulated,32.263456569033096
simulated,34.08221558884892
simulated,21.138501029912895
simulated,38.31762211932118
simulated,20.262550666705184
simulated,18.3389430089411
simulated,58.940185342353814
simulated,23.55492012120486
simulated,25.304976070617947
simulated,17.408981513982496
simulated,35.66035222004517
simulated,22.15963328457989
simulated,29.059737240132815
simulated,21.97813159721862
simulated,33.91309655717235
simulated,60.57119982574058
simulated,27.42720625354002
simulated,51.964310234158674
simulated,28.126475081899486
simulated,39.13838962605049
simulated,36.02847349250898
simulated,41.8948113138906
simulated,48.289530646873
simulated,38.89260613382108
simulated,12.791513390080986
simulated,24.300447326216997
simulated,37.793694969764026
simulated,45.33985149752985
simulated,86.0851207508905
simulated,45.184813421152995
simulated,32.43024155542505
simulated,18.12135712364808
simulated,24.472094929418713
simulated,22.96538740957941
simulated,35.95701861728435
simulated,16.341973065873717
simulated,24.75002658712797
simulated,18.699272889967588
simulated,49.53728099915942
simulated,65.25656931806873
simulated,54.12671654326819
simulated,24.842820437185644
simulated,21.377079536342308
simulated,35.2738925123436
simulated,32.12256623876894
simulated,19.16488767679646
simulated,36.920890457802514
simulated,33.02440468645738
simulated,20.160761714927983
simulated,42.63698724961192
simulated,24.56773127236825
simulated,67.31202031628301
simulated,27.710646924149888
simulated,37.76369507699019
simulated,33.74566249631339
simulated,50.49872925135249
simulated,53.280431119362966
simulated,53.067976544192604
simulated,116.74287845683212
simulated,36.78372884734321
simulated,20.62774811998581
simulated,24.1969158960961
simulated,26.373247814425568
simulated,30.75100339746203
simulated,21.719370183686294
simulated,14.965015692603671
simulated,36.37779280151402
simulated,39.45172950506085
simulated,26.71829898357661
simulated,57.80381834263697
simulated,39.46432784087691
simulated,42.930936057824105
simulated,59.088239435542846
simulated,27.40994427229877
simulated,49.589967137272595
simulated,37.016905022147334
simulated,45.526803455715026
simulated,24.639803751665717
simulated,26.028972044471587
simulated,19.31999931110827
simulated,86.55921650659171
simulated,11.012635714412147
simulated,20.03380495023791
simulated,26.322707054508108
simulated,44.86500120955404
simulated,5.617780266109351
simulated,24.18229864227849
simulated,88.94274993515515
simulated,25.924705846434815
simulated,72.19561218322106
simulated,48.153096293653135
simulated,91.2450463110493
simulated,7.786392693827914
simulated,13.762026494647849
simulated,26.751881669852917
simulated,35.80104449860768
simulated,82.18310690779911
simulated,61.49349410441355
simulated,49.9868644414569
simulated,13.303177877155392
simulated,27.349509368184776
simulated,38.28756713291514
simulated,33.017575122024375
simulated,19.677763988031916
simulated,22.16473494043219
simulated,43.37995749930366
simulated,42.015543143471916
simulated,29.175089997003326
simulated,25.41021551847921
simulated,37.18704395176918
simulated,46.64551133391967
simulated,24.930127646757235
simulated,47.64236312715901
simulated,17.84428316079898
simulated,67.54617662555424
simulated,77.96303440565819
simulated,19.04839879664035
simulated,31.429108479572157
simulated,48.151583440104375
simulated,18.21544749744261
simulated,69.09842583475468
simulated,26.300674425960537
simulated,78.10150347468192
simulated,16.17546536392191
simulated,42.68979676901003
simulated,4.878483757492818
simulated,36.582215875758905
simulated,35.8130094987132
simulated,76.02907509871818
simulated,25.451038295688377
simulated,16.44476476490504
simulated,101.5784769861
simulated,123.20402100348981
simulated,29.35570685437744
simulated,43.877263405934
simulated,19.449089817461168
simulated,28.696683380188063
simulated,51.82076005015579
simulated,22.497726111732888
simulated,39.87582257544902
simulated,9.322407677502877
simulated,61.809661956669736
simulated,18.113129001985786
simulated,29.647974137243587
simulated,62.33591059822126
simulated,45.83374914531074
simulated,43.41713510458804
simulated,70.11174259104969
simulated,59.95788305217306
simulated,53.963355674321946
simulated,58.24374046174943
simulated,55.41346273819718
simulated,26.396962980249008
simulated,71.0199949903905
simulated,30.42066242940436
simulated,14.958854316887775
simulated,48.68470833484868
simulated,44.506581674167485
simulated,31.455361632032705
simulated,66.77286221040916
simulated,50.383547051931
simulated,22.249304596472356
simulated,52.09071565500673
simulated,24.974086385864183
simulated,66.9039364662226
simulated,30.319527741519956
simulated,31.78667193678853
simulated,23.38170363073706
simulated,59.107537578268364
simulated,21.376316001132302
simulated,68.99966615204403
simulated,11.99445414169219
simulated,25.527632351524666
simulated,29.93539076662939
simulated,21.21930926166948
simulated,25.666107689001212
simulated,54.30724384979561
simulated,18.354930660440786
simulated,54.93345671486629
simulated,36.10864525806433
simulated,31.352235788570415
simulated,46.779210535761905
simulated,33.63640477174097
simulated,35.64441437390951
simulated,117.86032710445086
simulated,76.04473762226051
simulated,31.705643908774263
simulated,26.604535896706338
simulated,55.763342966110855
simulated,18.519369136826864
simulated,14.459665894476682
simulated,74.13624352561173
simulated,37.89068587645885
simulated,71.49135389115892
simulated,35.38150406002195
simulated,41.86469425670901
simulated,34.57170204399677
simulated,48.505075928251046
simulated,63.19597733699935
simulated,49.15766679623605
simulated,61.2761168344951
simulated,81.87208933590802
simulated,23.409936256967658
simulated,20.24294320110399
simulated,32.65609575018651
simulated,43.4806127707391
simulated,43.52600699479787
simulated,64.80709635939945
simulated,80.33575587975727
simulated,29.6515518050263
simulated,72.9282102413569
simulated,16.180869595451203
simulated,15.17665055530987
simulated,13.511390644007435
simulated,32.705601165912846
simulated,14.892704247736678
simulated,55.9045024040512
simulated,33.64799473012445
simulated,30.968496328820684
simulated,36.268356152362834
simulated,36.33904556115392
simulated,112.23125070763858
simulated,16.681447016900865
simulated,47.67630113148673
simulated,9.006869079323911
simulated,47.60319622243807
simulated,41.31231546882561
simulated,50.489305976309524
simulated,55.96952642872783
simulated,46.05702379210653
simulated,17.789074171729304
simulated,20.078815449837947
simulated,60.720776819787645
simulated,35.749142924369025
simulated,20.37199160613033
simulated,15.69085462957728
simulated,23.579383273454305
simulated,32.95373667421144
simulated,32.80000364745879
simulated,33.488647875641405
simulated,7.773006264667654
simulated,28.49448312169351
simulated,23.89139403605036
simulated,31.863398540739507
simulated,34.87281125318338
simulated,58.49664335448436
simulated,18.540653173992553
simulated,63.326528212097465
simulated,39.742423566780005
simulated,41.508786417919545
simulated,22.03555558444004
simulated,39.47369594091902
simulated,42.66975402187518
simulated,40.35467038151309
simulated,59.66247868825363
simulated,48.703417631773895
simulated,37.64617987565019
simulated,46.6603746245911
simulated,28.05625759791668
simulated,30.19712330692755
simulated,34.83012116620644
simulated,23.246136074049538
simulated,30.81653787009551
simulated,27.22986558389173
simulated,28.075267629667774
simulated,78.16106459055862
simulated,19.09824648297769
simulated,10.30755669742367
simulated,24.74008269622045
simulated,37.90913774033325
simulated,86.12360192408862
simulated,29.529355786141075
simulated,52.559328851153126
simulated,56.009607435236035
simulated,20.09393712324436
simulated,35.787535833879026
simulated,38.798971165608805
simulated,38.00100871129637
simulated,47.182280801035105
simulated,60.65086611710723
simulated,55.59269668866149
simulated,73.13500433476574
simulated,39.537035768722134
simulated,73.01019003416975
simulated,47.86268501255103
simulated,40.76338582116562
simulated,47.7641041941758
simulated,18.90291299517797
simulated,32.153027041679564
simulated,92.88079394894326
simulated,33.96494949947899
simulated,21.432801304887658
simulated,73.1831302900558
simulated,31.983394664634215
simulated,19.278090800942635
simulated,62.861704940982136
simulated,19.17833749426818
simulated,40.58247519243032
simulated,37.243554580655726
simulated,9.722005106639163
simulated,33.64835637057148
simulated,94.09812502338606
simulated,32.021138622889836
simulated,23.413558333541594
simulated,33.94246292799195
simulated,68.58577916814214
simulated,28.05046348992383
simulated,43.59025703187718
simulated,25.16831432287767
simulated,52.901703493885805
simulated,41.64813974745418
simulated,31.163704988089314
simulated,105.48346924617803
simulated,23.708962392244715
simulated,82.86432156584027
simulated,16.35464445124296
simulated,29.196115122184054
simulated,30.568813500885653
simulated,43.869454852213906
simulated,32.513430015852514
simulated,19.339396040347456
simulated,23.94043588671557
simulated,34.74563704046969
simulated,21.851870175425148
simulated,120.05254831762358
simulated,18.17330658503465
simulated,94.14429264432405
simulated,71.20875024381684
simulated,28.19217184037811
simulated,26.983145242068886
simulated,57.351339356813995
simulated,84.70830640111564
simulated,30.508528138172878
simulated,72.58518901013997
simulated,16.62700773950184
simulated,60.39148755630992
simulated,44.409580628698194
simulated,47.52676328981313
simulated,12.718740939176854
simulated,44.037501422304274
simulated,23.174643363403383
simulated,25.669144715679757
simulated,59.97367859540978
simulated,68.91360481878782
simulated,34.46829954636409
simulated,101.54638255587429
simulated,48.574160899864054
simulated,50.194870060048515
simulated,78.04627359844007
simulated,43.34222312456228
simulated,36.540444411272965
simulated,50.98943674782535
simulated,15.848274044576941
simulated,32.8784174620598
simulated,35.55122977185565
simulated,30.638755858106872
simulated,21.410054732520862
simulated,27.675719322626822
simulated,13.47696823664793
simulated,18.80539455071539
simulated,22.02559878360438
simulated,42.59021298912764
simulated,51.23305988615951
simulated,78.79644243284241
simulated,39.37191726575894
simulated,44.18381979266345
simulated,15.361049590140933
simulated,21.22843516353454
simulated,13.998569731623471
simulated,16.08898093775577
simulated,63.6117980323276
simulated,40.981294359534864
simulated,75.53361141824871
simulated,41.07862476867268
simulated,30.39411774761773
simulated,44.05915838154959
simulated,68.36231724572839
simulated,73.6729303904282
simulated,32.5142346813222
simulated,21.235533686698574
simulated,88.40237283474191
simulated,50.17936850718442
simulated,36.910641738275615
simulated,107.33209076205426
simulated,35.736914683500885
simulated,19.347246877826976
simulated,47.23099183690157
simulated,79.68977142169254
simulated,56.46313189440349
simulated,26.77526586830266
simulated,40.737423518725286
simulated,27.32331800692198
simulated,34.77434185453955
simulated,52.58779834228743
simulated,16.708416324466178
simulated,25.070548135311963
simulated,28.93412228802032
simulated,50.50534938506728
simulated,73.03870236702758
simulated,76.29364962003629
simulated,59.12999908363874
simulated,50.00530179329392
simulated,49.82276696826023
simulated,38.126872500604854
simulated,47.096982907192775
simulated,21.729018225916153
simulated,9.468847283829689
simulated,48.45747178316921
simulated,32.325844667690696
simulated,13.079304519041791
simulated,46.19809007775184
simulated,54.37473811490014
simulated,28.19296085798978
simulated,38.54944126746594
simulated,88.1645405690141
simulated,27.091838174726846
simulated,25.700838532477256
simulated,21.826548400117233
simulated,22.451033534670437
simulated,47.310062157663296
simulated,21.256478048753344
simulated,21.32625080287381
simulated,20.461560910506517
simulated,34.92086980863695
simulated,14.679328600988187
simulated,31.217890493257677
simulated,17.07988871119863
simulated,67.98418118308642
simulated,68.67568743469216
simulated,47.49160685627819
simulated,32.667531779081784
simulated,30.639578482338145
simulated,34.95294500607972
simulated,32.92170941747063
simulated,43.2185795631994
simulated,23.39711542082842
simulated,36.70931299949096
simulated,25.477898609140055
simulated,17.455842063135957
simulated,78.97757076885046
simulated,49.493572664945646
simulated,18.50295051774496
simulated,35.91576025483033
simulated,25.411710042518134
simulated,23.24324760834545
simulated,45.64111866293001
simulated,36.59980961458304
simulated,28.443910955759502
simulated,60.97071874809842
simulated,31.462871887871408
simulated,69.65432084327905
simulated,74.04383329810175
simulated,28.05450384193979
simulated,46.68515066780769
simulated,46.15695475847974
simulated,68.93868592703231
simulated,31.001171105975697
simulated,56.45447611613672
simulated,26.825531836153505
simulated,21.090903925911185
simulated,28.58772836528608
simulated,65.91132594877992
simulated,22.100884375153612
simulated,31.42035557524238
simulated,8.382273132992944
simulated,60.9790509212125
simulated,61.56962071298112
simulated,30.652312010782452
simulated,33.83783075292436
simulated,30.703475872039864
simulated,28.307050986403056
simulated,30.29193588908231
simulated,23.719349617744
simulated,23.789498415758825
simulated,93.57420115259617
simulated,43.61243692820392
simulated,59.15193552425495
simulated,39.48211427415471
simulated,36.30866158164479
simulated,46.04653825117623
simulated,42.100811532895854
simulated,28.661643217809825
simulated,33.80929541009159
simulated,30.190924828813504
simulated,34.49606228594748
simulated,43.27659809290508
simulated,46.560906916223416
simulated,30.59700586758997
simulated,57.68823297228387
simulated,54.766717366481735
simulated,27.891595856339496
simulated,51.0629066572082
simulated,49.007692606755846
simulated,37.19395127133592
simulated,42.80314240266005
simulated,76.71121757980504
simulated,70.39508371993887
simulated,33.98013035804661
simulated,54.82270157734061
simulated,80.23464571218483
simulated,59.72814365334736
simulated,35.45961656717863
simulated,31.32645564709118
simulated,68.71242983853355
simulated,55.69757975551627
simulated,42.026166959031556
simulated,15.111224795982526
simulated,41.30085313803102
simulated,60.758595482238206
simulated,38.715362330633766
simulated,9.655495499916805
simulated,17.004229453570286
simulated,58.65294897422553
simulated,41.995022809938575
simulated,40.138223967557636
simulated,39.481944643242876
simulated,54.46001665970106
simulated,71.18163109455514
simulated,31.52028826525339
simulated,51.31701201794378
simulated,43.42967892267982
simulated,8.94510667853644
simulated,27.914650931955748
simulated,32.729716736311964
simulated,62.641181183721784
simulated,64.14192221245946
simulated,46.40039452585354
simulated,41.05565993808489
simulated,20.498196614652286
simulated,30.969845744305815
simulated,43.31495814397576
simulated,19.512860185643444
simulated,64.61894304972921
simulated,40.53618723317848
simulated,17.37072117752574
simulated,31.602444960804487
simulated,47.30965559290395
simulated,24.114621817318103
simulated,34.97394654430889
simulated,52.33544070005756
simulated,27.664041603416333
simulated,72.87744317542341
simulated,21.84295401454532
simulated,24.28019234067756
simulated,14.57279064712544
simulated,6.250088447661437
simulated,45.25470888413453
simulated,68.45771939173991
simulated,40.4553262628463
simulated,52.02332624082505
simulated,21.131425476270497
simulated,59.049702683106005
simulated,16.283965138456782
simulated,24.093079790100624
simulated,63.86039871663003
simulated,22.639215763586773
simulated,29.702776381423853
simulated,26.390964319559526
simulated,71.17940304573884
simulated,80.56591403751708
simulated,62.99987012145586
simulated,27.4991677176712
simulated,58.17697561152418
simulated,20.251621666388125
simulated,58.816517599974816
simulated,51.103884907276054
simulated,37.669857743277454
simulated,61.02841139648125
simulated,21.4268057271011
simulated,68.13735455944244
simulated,46.08678639130207
simulated,48.46122572825038
simulated,64.01355768641805
simulated,25.37165702593643
simulated,49.54879851104031
simulated,54.673035099052555
simulated,76.01428229985049
simulated,24.804673759573042
simulated,57.77481626855077
simulated,38.57051860971398
simulated,17.426510275347628
simulated,32.45114557795578
simulated,45.45617721046567
simulated,47.11493029978797
simulated,48.79553166631773
simulated,14.400574124448585
simulated,23.086050896073786
simulated,25.393787531717024
simulated,56.787626815306
simulated,68.14603386973958
simulated,48.19642289311849
simulated,47.71098989610828
simulated,32.374987343300205
simulated,14.208864394156823
simulated,18.20752045395593
simulated,20.5480966713679
simulated,46.531686633594724
simulated,25.071399535763163
simulated,55.161165993145616
simulated,17.675484286935454
simulated,17.880718601468892
simulated,14.684452875454241
simulated,51.67380209124159
simulated,56.70080040827664
simulated,20.916321274262593
simulated,20.57788279272617
simulated,30.64357646336084
simulated,29.416366947271936
simulated,19.524505478399977
simulated,38.09942125706612
simulated,61.71688580162863
simulated,66.38994851474773
simulated,19.93997150483732
simulated,23.025691720642627
simulated,34.18324360192925
simulated,8.040589338001409
simulated,43.51488808577302
simulated,40.717551846678475
simulated,21.06799214647397
simulated,54.85654894743686
simulated,33.27292077290713
simulated,34.320674180512775
simulated,12.071828725170487
simulated,26.39841799964561
simulated,21.02466536388968
simulated,35.22508469597788
simulated,89.5352976306475
simulated,34.561957243513746
simulated,40.864721091334225
simulated,28.594404108870897
simulated,41.12565182207102
simulated,25.567177335925102
simulated,22.337888422084696
simulated,35.92139530728523
simulated,24.660304236688233
simulated,28.813380382566052
simulated,49.655470076165
simulated,14.648837899750637
simulated,28.43528015196135
simulated,4.319294618515745
simulated,66.06322678264378
simulated,35.44725441345433
simulated,30.307246609214502
simulated,49.42504957233665
simulated,18.16989853882628
simulated,35.891282071560205
simulated,33.112888029860514
simulated,22.46366266019445
simulated,48.2863467410635
simulated,45.61408020285185
simulated,26.277730319753008
simulated,53.10218480204802
simulated,55.14870320216584
simulated,62.15413973370099
simulated,24.56881467342055
simulated,44.732049621686826
simulated,57.65713470816635
simulated,46.048764338623016
simulated,38.31571187108913
simulated,23.100044741353955
simulated,41.54223703453974
simulated,29.102753727737653
simulated,15.053012312332774
simulated,105.8832335980808
simulated,10.671283467567418
simulated,27.53282016838388
simulated,35.40310429848165
simulated,123.8878523566259
simulated,45.51241044883717
simulated,33.66448514141828
simulated,66.47201472032854
simulated,59.12964603108246
simulated,13.33228840388353
simulated,17.27652225994337
simulated,26.16447525619023
simulated,40.746401610721094
simulated,17.64500498688711
simulated,51.33625550612624
simulated,19.931509770441767
simulated,51.64974784017571
simulated,41.7545530504523
simulated,36.965578115449404
simulated,60.89684185086966
simulated,34.8183880479503
simulated,53.97405256461106
simulated,34.22192240268382
simulated,41.538403500219715
simulated,17.73426980961736
simulated,57.0737289830211
simulated,44.66138490964015
simulated,36.25542130573328
simulated,50.75234378481543
simulated,28.32817932606418
simulated,51.999146499490905
simulated,49.89801378479902
simulated,60.832795590783775
simulated,26.849185222852583
simulated,58.600564759935956
simulated,62.37804773895105
simulated,19.309243495168943
simulated,36.550425760741376
simulated,52.324393105768266
simulated,23.403343118025443
simulated,41.11423927328404
simulated,25.293153926902765
simulated,33.17098241097785
simulated,30.756596429847512
simulated,16.464814595197584
simulated,14.206460288276293
simulated,47.41087802610431
simulated,27.38843783822488
simulated,68.05458471380696
simulated,85.90661591482792
simulated,80.08501701693706
simulated,12.998494714012585
simulated,60.80463146518899
simulated,31.092255465326048
simulated,28.23846287215913
simulated,32.17711865982046
simulated,34.587665298155244
simulated,74.41740234826923
simulated,51.074873241400276
simulated,33.1262528152224
simulated,18.751119848405843
simulated,117.32125823706123
simulated,19.32649572130046
simulated,22.13322267047004
simulated,26.146405522260547
simulated,99.83766317460102
simulated,25.70437177565406
simulated,32.271222177930426
simulated,24.495997131991366
simulated,8.991983888109155
simulated,24.791012791914213
simulated,24.8792893144847
simulated,32.35814668342816
simulated,12.27598665972716
simulated,39.86005943699981
simulated,32.98959210874395
simulated,24.357278743913994
simulated,63.07904750204554
simulated,31.0417229396759
simulated,18.262119504670693
simulated,60.927981318038064
simulated,26.27564303570199
simulated,38.172414214882245
simulated,38.98607132329865
simulated,29.247888851873782
simulated,40.815429580893195
simulated,33.063312519724334
simulated,35.12147591832151
simulated,28.010533397692658
simulated,32.76051945463301
simulated,56.83210100265521
simulated,29.367809292876196
simulated,12.991803243387487
simulated,89.73056264135865
simulated,41.681599881830124
simulated,12.472795842020853
simulated,57.442576826941426
simulated,34.57438939513248
simulated,11.962826375066664
simulated,43.55646797956915
simulated,26.212699250673772
simulated,46.36440737665295
simulated,17.82346217052152
simulated,29.599024090252374
simulated,32.0758953215437
simulated,86.63457937189139
simulated,41.58744856786387
simulated,30.749463126223624
simulated,40.34689154547956
simulated,47.68585751870806
simulated,31.035260027650008
simulated,23.230227943607623
simulated,21.871087899911082
simulated,85.12248904035617
simulated,12.127135917320281
simulated,32.16232372835508
simulated,29.821407570627773
simulated,62.96200453661695
simulated,36.891485947538854
simulated,29.023594141888424
simulated,24.27521831873394
simulated,38.52114672306506
simulated,52.98042349903015
simulated,22.434943988084672
simulated,52.30819873626619
simulated,42.27912640744553
simulated,13.329270151290968
simulated,36.26022092819719
simulated,40.47244326926052
simulated,18.302577473543586
simulated,30.31281628512307
simulated,33.63367944786169
simulated,34.54588620394181
simulated,17.027479243860533
simulated,49.202483816203845
simulated,9.360156207346419
simulated,40.38777626318464
simulated,57.87226217109825
simulated,33.6039706585216
simulated,29.11768642841157
simulated,36.687944017838774
simulated,62.23356586441638
simulated,14.935544316204528
simulated,21.45994245324053
simulated,21.62326472549251
simulated,34.60135422079721
simulated,59.07780026331826
simulated,19.934143883490417
simulated,71.4628006154326
simulated,50.61152753439031
simulated,48.38883690090302
simulated,34.70098566327311
simulated,39.60275181494066
simulated,23.252498010127326
simulated,38.72907669945265
simulated,60.609013546193765
simulated,18.13401207578545
simulated,95.27157321096247
simulated,67.05608981614714
simulated,69.49359977875605
simulated,17.394962305777014
simulated,41.4229853495101
simulated,28.974603384362965
simulated,36.915509749174504
simulated,39.13423149312047
simulated,20.40293408993586
simulated,17.48442665568133
simulated,58.011563146184955
simulated,38.49498984592819
simulated,28.165262729121572
simulated,26.09101181657568
simulated,37.87130744951118
simulated,33.461031925122
simulated,23.715494926196957
simulated,51.68590679938234
simulated,60.15360645430712
simulated,20.526303370996935
simulated,31.067698696789286
simulated,34.9014663960146
simulated,23.50553744852907
simulated,23.885497591633495
simulated,23.318627984659056
simulated,23.139094997205667
simulated,46.27935294177738
simulated,14.925443796679147
simulated,18.267111873682282
simulated,41.425083161583245
simulated,25.782798333387532
simulated,59.79706915562839
simulated,51.136180278258266
simulated,37.14282534934749
simulated,34.8628596091589
simulated,31.385396512921332
simulated,10.28655220340061
simulated,17.37998250773319
simulated,28.668992137519446
simulated,37.82187273786984
simulated,29.677082498161866
simulated,64.29149677437212
simulated,26.838541619902795
simulated,21.93882479923579
simulated,50.43466909381619
simulated,36.26726953580403
simulated,43.53017053333483
simulated,52.15240326400183
simulated,15.174492667812824
simulated,20.341072386845862
simulated,31.131236433628445
simulated,78.60559293283218
simulated,26.411552561577196
simulated,42.02899380322644
simulated,18.14064933161825
simulated,8.37296097305665
simulated,19.435575175915062
simulated,32.025022702914995
simulated,50.93282394328197
simulated,32.31312867285292
simulated,24.045302649377135
simulated,26.29915390378068
simulated,51.81376754316957
simulated,24.61110383448733
simulated,50.57396286677655
simulated,21.686146655083782
simulated,18.009063709212132
simulated,35.9250298438355
simulated,17.839370266371436
simulated,11.171464433144108
simulated,45.0959702890534
simulated,61.11431630202946
simulated,17.3540052879927
simulated,32.28364722043695
simulated,119.1799498698615
simulated,36.519184808973954
simulated,72.90858853897608
simulated,21.156731363551877
simulated,59.53705176983281
simulated,65.33517132960826
simulated,81.41967725831232
simulated,52.75107772033749
simulated,14.226637154181851
simulated,40.997123091647865
simulated,30.876887478522576
simulated,59.57981529431907
simulated,70.36203182241327
simulated,29.079094045979396
simulated,39.13896677033592
simulated,29.40346548766891
simulated,49.163501691517176
simulated,9.015826724943231
simulated,55.67752769096192
simulated,38.44060509470326
simulated,19.767910498912546
simulated,19.275628289736932
simulated,67.46916491326225
simulated,26.631980206758357
simulated,42.2594466420592
simulated,19.437756108801473
simulated,27.016041673796625
simulated,17.747079400417668
simulated,48.60115166704255
simulated,47.594409719785695
simulated,42.085719959443175
simulated,49.44372341743378
simulated,74.75220187757648
simulated,44.51126546971879
simulated,27.1344478180596
simulated,5.650202466480051
simulated,21.216470788469906
simulated,44.27069924650917
simulated,37.71708124624842
simulated,29.84289577246909
simulated,23.72211165073074
simulated,95.28556395654604
simulated,23.355387794545983
simulated,17.66549845325604
simulated,68.87103104430987
simulated,20.18512805893145
simulated,70.92044136210825
simulated,35.2820944554509
simulated,17.506502091594076
simulated,30.069758958998417
simulated,27.07348307995781
simulated,11.510603744255468
simulated,24.318383079976453
simulated,51.255739618512926
simulated,27.493702267982634
simulated,69.17265667604774
simulated,79.27216048363391
simulated,24.588161758474264
simulated,23.48694095356725
simulated,46.696827494525095
simulated,15.25569978728663
simulated,59.334839579919176
simulated,46.506659775285314
simulated,41.00493662915441
simulated,18.41643324115428
simulated,32.80768686649285
simulated,24.425184961767886
simulated,60.5769775723509
simulated,53.8056540653858
simulated,38.10185973018392
simulated,48.217345204287966
simulated,64.83173373098138
simulated,58.449770228577
simulated,37.56283334672473
simulated,46.724221840019
simulated,16.79269368639118
simulated,38.5150189844262
simulated,14.724805028624672
simulated,50.62300186284419
simulated,10.887186423627526
simulated,52.571237911913215
simulated,35.79027455187528
simulated,17.008906910960413
simulated,42.474159751497794
simulated,94.97812039146115
simulated,48.290246018768926
simulated,57.56478288249186
simulated,51.441058863916155
simulated,17.36897997573357
simulated,20.582061495516324
simulated,30.688453606918728
simulated,61.76556770082438
simulated,59.95870495077025
simulated,46.822395320164674
simulated,33.47763429476579
simulated,14.528082954132437
simulated,24.795296930006486
simulated,34.39029847941355
simulated,24.397000657592095
simulated,87.6766858704033
simulated,66.7686291871901
simulated,23.987474264346673
simulated,21.305230374843394
simulated,26.130709174299916
simulated,23.23000121123507
simulated,75.14003525347516
simulated,17.059242871792936
simulated,18.567277684790675
simulated,51.72879424585606
simulated,43.73457306218613
simulated,26.67945207260994
simulated,32.60958627615893
simulated,22.66831521555037
simulated,19.490018922240115
simulated,15.131817789548698
simulated,41.82208545281111
simulated,74.04815307369141
simulated,53.76763736239185
simulated,46.60891428133298
simulated,51.6960334452393
simulated,31.282756533264344
simulated,26.0704809435241
simulated,58.54044329940602
simulated,74.83235135484658
simulated,35.916654935390106
simulated,29.140837966415276
simulated,38.503641699639495
simulated,8.24840225929473
simulated,34.038017649078185
simulated,24.907706922638297
simulated,14.240141043907888
simulated,20.909469824558748
simulated,46.735284770312745
simulated,50.770881079694476
simulated,30.702148235789632
simulated,94.5307526215697
simulated,8.646844471784501
simulated,53.37636329996796
simulated,14.920357706685024
simulated,74.01073155193112
simulated,34.100185896068
simulated,38.85360579925663
simulated,60.13746914012724
simulated,40.670435147777546
simulated,19.17279404127671
simulated,25.11933187695551
simulated,66.68506990792282
simulated,37.22309274243383
simulated,42.02529710333913
simulated,29.80909013027466
simulated,60.34213551333846
simulated,22.041266596996067
simulated,24.597845925103627
simulated,41.04209332258755
simulated,41.18596725289348
simulated,32.58085801620959
simulated,29.00181797667391
simulated,36.349299119504224
simulated,35.8697138633215
simulated,65.34926053861257
simulated,39.5707714216191
simulated,52.750175929120914
simulated,21.037167115053897
simulated,58.67197688772046
simulated,51.09501003436552
simulated,61.18881052288712
simulated,49.37580554931636
simulated,24.288707090958763
simulated,33.34230525413517
simulated,26.02343228828404
simulated,53.511631774344785
simulated,20.942409490973667
simulated,30.471953506606845
simulated,13.707133301163385
simulated,43.26067736511085
simulated,46.69175677381483
simulated,48.60997962590222
simulated,63.61515312337072
simulated,27.036487332192333
simulated,51.58284954811373
simulated,47.127837630865265
simulated,21.228462400395284
simulated,15.069423493936961
simulated,74.31440266342372
simulated,23.74693256830209
simulated,39.950467019281156
simulated,42.30012130649064
simulated,26.044855765535914
simulated,71.77844870942847
simulated,18.263107196405002
simulated,40.26084054068731
simulated,19.525501349437402
simulated,37.04690461179371
simulated,42.33793967254776
simulated,34.27404169118292
simulated,5.729036510224925
simulated,39.2733715737586
simulated,41.85227521078761
simulated,38.27619976015068
simulated,53.40037950701323
simulated,36.42781388252794
simulated,50.163669592181854
simulated,49.787421220556055
simulated,12.87726412220356
simulated,19.9835003062403
simulated,37.49959948659611
simulated,20.649172053136816
simulated,33.5144394421974
simulated,73.94580889952874
simulated,31.81964712002509
simulated,44.84666764473497
simulated,48.91165978986551
simulated,18.379566083460006
simulated,20.2244939898521
simulated,52.94526051981182
simulated,25.270766646369015
simulated,23.956994096301667
simulated,22.29877631413248
simulated,33.29502620269375
simulated,22.720353458758236
simulated,21.819830502629816
simulated,47.344472364275575
simulated,62.802473503309514
simulated,39.42524934009547
simulated,24.361942917723148
simulated,26.836925106845356
simulated,9.793228951634378
simulated,37.888736242658204
simulated,27.54293446934981
simulated,33.5734513275525
simulated,71.53606218064678
simulated,32.39861615077548
simulated,33.017643683141195
simulated,24.440251176191364
simulated,54.29008851168692
simulated,40.491571934932
simulated,49.49154006510942
simulated,15.749804648286933
simulated,26.542190977493163
simulated,42.86648261943769
simulated,26.21979433634655
simulated,70.81923696476487
simulated,63.2118438163382
simulated,23.960925226346323
simulated,41.08512797819971
simulated,52.59518712863817
simulated,22.85852034938839
simulated,33.2724832649238
simulated,51.48225016205912
simulated,37.144984696945265
simulated,40.32885594937013
simulated,21.843666710763053
simulated,39.238362991009105
simulated,27.339601505853093
simulated,38.203034579356355
simulated,59.73447965958429
simulated,13.083956265305533
simulated,50.694246627269806
simulated,32.31551812983851
simulated,57.79312647391879
simulated,79.48778061029532
simulated,60.32524341704887
simulated,45.83205451397951
simulated,11.476061595165188
simulated,16.146908301677467
simulated,72.444002473301
simulated,31.201095734925985
simulated,24.777938284911833
simulated,25.866385848112895
simulated,99.40482537216752
simulated,17.400458553314326
simulated,96.4165076151478
simulated,30.414392445629368
simulated,26.765691958086045
simulated,50.9893896180121
simulated,23.525242574645677
simulated,37.53539207718269
simulated,7.922379425847603
simulated,25.02020036027739
simulated,22.558146748335716
simulated,55.3801431499839
simulated,26.291233485437342
simulated,14.683074434845947
simulated,40.1680558672858
simulated,59.082035552860795
simulated,60.47939739954668
simulated,45.2563697549992
simulated,73.92038449397002
simulated,11.364693572078952
simulated,23.460066226851872
simulated,8.655528577506484
simulated,29.837955308306746
simulated,35.44760738817447
simulated,25.459465216653047
simulated,18.679476744876666
simulated,33.9408483380355
simulated,66.77747804318125
simulated,12.852411045608553
simulated,49.077174973838396
simulated,26.975384927308355
simulated,28.207990917318277
simulated,40.99404731824201
simulated,30.03947042817149
simulated,23.359427931774448
simulated,28.98603521177307
simulated,21.37525205172243
simulated,14.353701347072276
simulated,24.383292158129315
simulated,29.020262496101285
simulated,25.480473493172468
simulated,47.75048192278699
simulated,28.24633109444656
simulated,53.89466393640486
simulated,30.799157869961796
simulated,13.794340409536032
simulated,23.445693103119183
simulated,57.32099623172594
simulated,21.55070603470059
simulated,44.32883207006328
simulated,38.98636851922265
simulated,15.580013491161866
simulated,93.85392730595797
simulated,30.34479475429755
simulated,45.44718555746522
simulated,43.476105909298404
simulated,23.404608596680724
simulated,47.09856154593059
simulated,26.9129605386279
simulated,41.28156859959653
simulated,20.09081888367716
simulated,15.61108443431254
simulated,37.16612021574357
simulated,78.49094461937787
simulated,23.602911807403657
simulated,60.094663024925424
simulated,46.40969774570615
simulated,37.61267668736276
simulated,59.0733700125976
simulated,27.326119499649376
simulated,25.45032440931984
simulated,37.1858055862121
simulated,24.288276452569345
simulated,19.214926969329376
simulated,13.069065708038144
simulated,23.52515923986207
simulated,23.205775712522254
simulated,62.581052485394046
simulated,25.521908294361786
simulated,84.74258889059237
simulated,32.43835354679155
simulated,46.26747579107685
simulated,25.43601651861121
simulated,24.72055742795704
simulated,25.940041306118186
simulated,9.370469544868723
simulated,34.6096733829663
simulated,35.69677207762781
simulated,44.808675906259026
simulated,40.535376585864086
simulated,31.01645114029041
simulated,11.407038540566374
simulated,63.05690773950755
simulated,15.284980924385351
simulated,33.898747412885776
simulated,22.093051746424695
simulated,18.292314901742277
simulated,48.70051330724958
simulated,25.961329796566815
simulated,27.081959038614794
simulated,23.20702561811689
simulated,35.93156857277967
simulated,23.564030779941827
simulated,34.64888309451825
simulated,63.92086665939982
simulated,24.961143974236414
simulated,16.949436853488557
simulated,7.621894891910794
simulated,20.28108896348181
simulated,40.601354213941704
simulated,34.80477173844699
simulated,32.5081124560908
simulated,50.406330320818626
simulated,40.921292204148784
simulated,47.256125289159094
simulated,49.072681565834884
simulated,31.62130011008705
simulated,43.203261066143384
simulated,37.58945039164908
simulated,63.318422772371186
simulated,19.399500744321347
simulated,27.724962789339134
simulated,65.09227693250268
simulated,41.95936618149097
simulated,41.25202517463648
simulated,20.684895025011294
simulated,35.95890926312509
simulated,67.70344534634468
simulated,17.941244105610288
simulated,89.58384481304459
simulated,65.2407441602201
simulated,17.298297424993986
simulated,33.98749737483635
simulated,37.485002628095074
simulated,19.304830618136435
simulated,94.03582788000192
simulated,32.273874949174726
simulated,34.58075661561113
simulated,41.054879723736775
simulated,64.80296798160047
simulated,29.802150811020113
simulated,50.36827717654445
simulated,41.34671218339716
simulated,36.346719958375104
simulated,41.69879747200123
simulated,39.331339437696364
simulated,42.20513577224661
simulated,16.585639412195874
simulated,18.1209795874289
simulated,31.994224673904146
simulated,24.06192954730113
simulated,47.6192985370277
simulated,44.6959582887899
simulated,47.7491630594251
simulated,30.84288896743065
simulated,12.956385690159854
simulated,25.897804728789165
simulated,35.29093712600624
simulated,78.6344755930435
simulated,47.95939907268121
simulated,76.31420146197426
simulated,17.4401528815551
simulated,113.06557833872529
simulated,27.52601805318128
simulated,12.55834247853911
simulated,31.060395288057784
simulated,62.367274159078065
simulated,20.442201535642038
simulated,55.51536384445818
simulated,23.954118439248653
simulated,30.427110131632826
simulated,13.818720801620703
simulated,51.54784797091922
simulated,30.411904679546005
simulated,42.789917377868555
simulated,35.900561203644784
simulated,87.4316408460452
simulated,27.800143825892818
simulated,46.16777255309408
simulated,61.10078033089141
simulated,59.33193349528561
simulated,48.82784853717303
simulated,14.70851149965615
simulated,29.209584122178683
simulated,26.911629970794785
simulated,18.1614141188876
simulated,24.943579274356072
simulated,65.35773955164538
simulated,52.43553366920169
simulated,43.13392936001541
simulated,54.09145955732134
simulated,36.51931070313316
simulated,7.146642491613077
simulated,19.495246503861434
simulated,48.59837585441427
simulated,30.489815846006337
simulated,25.012701907044914
simulated,26.380862275158734
simulated,37.86425395990197
simulated,26.176150508930995
simulated,96.59294570775464
simulated,171.56848089532497
simulated,108.29974964643861
simulated,52.748660914236346
simulated,38.232419059036204
simulated,31.680532968688272
simulated,19.115752691213586
simulated,15.431657299824003
simulated,35.97204388595977
simulated,37.82426129631837
simulated,72.99543613294584
simulated,22.79002303349548
simulated,30.26186246767251
simulated,24.305487727844884
simulated,51.7489018282883
simulated,30.63372088264207
simulated,70.77555218463215
simulated,73.66070445092987
simulated,24.028582778303043
simulated,22.40177627436697
simulated,36.56468730831925
simulated,74.08352576357608
simulated,12.520582598315421
simulated,26.81149776517943
simulated,52.51163996840543
simulated,20.08042910003008
simulated,37.46694132101985
simulated,34.2587288238803
simulated,85.05126632429308
simulated,59.03326924936061
simulated,19.029163804081325
simulated,37.52804053140628
simulated,18.5426656505703
simulated,99.83585451462181
simulated,94.67609061728064
simulated,29.392632060833094
simulated,11.571159966454289
simulated,62.98037525300826
simulated,58.028218915656325
simulated,29.056866932054298
simulated,60.024847077907225
simulated,49.909141840818194
simulated,14.092302944057886
simulated,20.336038859666978
simulated,70.68600181847555
simulated,65.73987483108016
simulated,58.21778041352539
simulated,47.89945561921321
simulated,55.56787890095538
simulated,13.971789132973731
simulated,29.057230688828447
simulated,20.693640389309927
simulated,55.59211725861519
simulated,66.67671576758787
simulated,27.036700661955397
simulated,56.05030622189136
simulated,57.17880362350515
simulated,14.515678603207487
simulated,11.09890048041413
simulated,51.55234756644734
simulated,17.712362350135407
simulated,28.893524353752635
simulated,42.506808418352755
simulated,16.495864056293396
simulated,27.530052699910716
simulated,69.89496655694191
simulated,31.5416706274861
simulated,76.96912179906928
simulated,7.0206048303803446
simulated,84.60510225356384
simulated,38.044109851753866
simulated,24.769160947505036
simulated,37.19279894710421
simulated,59.44589385750956
simulated,17.451086781920857
simulated,56.89006177806404
simulated,41.03715499714451
simulated,67.04878423147335
simulated,54.20976990125042
simulated,24.557779806791167
simulated,27.271676964548714
simulated,43.64796554036806
simulated,16.45387323137006
simulated,55.76259558451346
simulated,47.70029543340871
simulated,65.1544231645514
simulated,28.1301985431067
simulated,21.147938548612704
simulated,22.69446161489224
simulated,54.024692225123594
simulated,59.210978741489804
simulated,38.4986135769481
simulated,23.011214544132987
simulated,29.434749993569895
simulated,80.07847694681234
simulated,43.859849473843646
simulated,61.390448378520986
simulated,17.8310156173034
simulated,12.399316887361092
simulated,45.85439160582597
simulated,18.291983714065687
simulated,96.39888388184731
simulated,22.258936218779347
simulated,49.993621954663624
simulated,43.46033532503807
simulated,34.89004681828956
simulated,75.04829777914645
simulated,10.930771598357229
simulated,97.3710483704707
simulated,41.888418655621976
simulated,36.729800811052044
simulated,21.029639763190104
simulated,36.77294133611507
simulated,22.70611365447943
simulated,60.65502772347199
simulated,46.344785663184005
simulated,29.796047369347306
simulated,35.420949319508786
simulated,37.34900165018911
simulated,53.32175013364424
simulated,16.882705806784003
simulated,22.78550724658226
simulated,60.49532179161018
simulated,44.09637522339213
simulated,45.89257548707071
simulated,29.562829951056102
simulated,50.04041951838721
simulated,27.255919973855967
simulated,55.75711363484512
simulated,30.583636575171592
simulated,8.60647642641513
simulated,60.79572377908411
simulated,17.246872810383763
simulated,33.61704210773399
simulated,22.72622708250467
simulated,46.4118219225648
simulated,18.127123287765798
simulated,95.64734450174433
simulated,24.12679986803323
simulated,22.116982674044966
simulated,87.8919278626758
simulated,32.16198800930057
simulated,21.505773005835355
simulated,7.789017143034999
simulated,23.90637798321105
simulated,57.66356954709376
simulated,22.377309319471387
simulated,35.42484616567296
simulated,62.24039519234919
simulated,28.916205676889746
simulated,54.55550049401416
simulated,39.888372856755424
simulated,35.3908832851196
simulated,44.69185365052603
simulated,116.62442475604709
simulated,20.28834128537798
simulated,56.2932892001562
simulated,30.577470879306773
simulated,38.4551202117521
simulated,51.43212065697096
simulated,34.57159742634275
simulated,19.96270804195998
simulated,86.04304065485934
simulated,18.499091373290874
simulated,26.633275316565555
simulated,18.061598186604915
simulated,65.17724568885097
simulated,41.60500182618409
simulated,31.385606916136442
simulated,25.69461388362532
simulated,55.48940972993911
simulated,29.25212354371082
simulated,21.554780855420145
simulated,19.02249091277674
simulated,36.699463747436596
simulated,63.091620753322665
simulated,28.04578764455642
simulated,20.87566218206674
simulated,71.70128505018802
simulated,53.06299454939034
simulated,21.889135619241436
simulated,38.7587974436384
simulated,44.87658965959632
simulated,40.301975466274094
simulated,21.177667492997347
simulated,38.2120516441909
simulated,39.02936512105625
simulated,12.375990177717895
simulated,35.552354674239616
simulated,25.85072914939007
simulated,20.066731219067478
simulated,62.52857831164546
simulated,41.29634784276584
simulated,35.25314667157056
simulated,33.615800165006874
simulated,30.193348956065716
simulated,45.62685207520563
simulated,13.305662735994739
simulated,21.65807031778209
simulated,39.24603928735662
simulated,16.1222508773086
simulated,38.985200382262335
simulated,47.550306506043114
simulated,60.7288027118218
simulated,86.15789051464952
simulated,74.91838501050184
simulated,11.352745411055714
simulated,47.462005174925594
simulated,21.731776699440935
simulated,38.647547845478954
simulated,14.956824529775005
simulated,31.885156043468836
simulated,29.108335543726653
simulated,68.12285349999105
simulated,34.03615940443362
simulated,17.660207069587294
simulated,36.49119533234554
simulated,30.802646411412628
simulated,11.136499281981212
simulated,29.226729839289632
simulated,32.624574554035014
simulated,45.981252762297636
simulated,36.62829354036496
simulated,23.698508174822305
simulated,5.075304852678098
simulated,39.5494144992212
simulated,47.94241350743064
simulated,58.753994723676634
simulated,65.2747339811256
simulated,48.060457348248114
simulated,35.097002896029814
simulated,27.082228785908107
simulated,38.55328003508353
simulated,52.550478588039596
simulated,20.585683423758066
simulated,65.41909290258955
simulated,32.45669013952737
simulated,16.037942578785483
simulated,79.95013209067463
simulated,28.683471796432638
simulated,37.584838662227845
simulated,52.705200826249566
simulated,26.47051142093776
simulated,40.587080995891505
simulated,58.25453567683438
simulated,14.701706734630712
simulated,63.926443694788446
simulated,50.384105520397
simulated,59.65501744716127
simulated,47.360482058597015
simulated,48.43652412096065
simulated,28.297032544624916
simulated,22.53168306981677
simulated,17.470411236757904
simulated,52.00953312428899
simulated,51.67681113146216
simulated,19.126027257977444
simulated,56.70501980564207
simulated,61.9342938068601
simulated,25.469451638320017
simulated,37.472951575230574
simulated,36.94162224977691
simulated,67.94146594515392
simulated,57.26817372047613
simulated,38.53320599016092
simulated,24.652386051597375
simulated,32.224686526179994
simulated,26.708650835305356
simulated,25.57815362461538
simulated,22.84086406538095
simulated,31.15017236932599
simulated,38.471897888126136
simulated,11.99699092193725
simulated,49.14198192286871
simulated,38.28926727584345
simulated,51.56162109793867
simulated,52.09738721387447
simulated,21.420445693904025
simulated,68.28852594224794
simulated,22.6870830932817
simulated,20.09910183280694
simulated,12.3224536604613
simulated,55.88694545167583
simulated,87.65254775783791
simulated,28.70416814770075
simulated,20.77883965394957
simulated,24.87266395744739
simulated,37.90550901578628
simulated,24.5033951444294
simulated,48.53320543671384
simulated,38.688427615739435
simulated,60.93396387605211
simulated,56.84490798044281
simulated,40.527482999374485
simulated,39.1821954941029
simulated,70.95825458054145
simulated,31.235192460545576
simulated,37.005164048862056
simulated,37.30578648173226
simulated,19.96916409739935
simulated,33.146119058799755
simulated,29.008041541250833
simulated,39.83126070264182
simulated,27.846067266704207
simulated,27.38228206881533
simulated,42.232738706770846
simulated,59.58875635420521
simulated,21.514556432845215
simulated,25.063948239018004
simulated,25.370050835125618
simulated,77.92759460855505
simulated,85.23543796889673
simulated,37.74520874791311
simulated,117.32238397526427
simulated,50.97652600383862
simulated,32.585455373294494
simulated,28.93656141414771
simulated,62.65435215044073
simulated,72.78136711434851
simulated,17.208200422437173
simulated,90.25075760519752
simulated,21.28759285263574
simulated,17.29770882082819
simulated,46.5635448266009
simulated,34.79391403376091
simulated,20.918379288685475
simulated,54.88570367229108
simulated,42.055184928345014
simulated,34.89988778384308
simulated,54.03869296967747
simulated,22.367551757843163
simulated,77.55679416331404
simulated,73.70254811208403
simulated,21.482558513750018
simulated,30.81628000183544
simulated,35.764745651471024
simulated,48.87439158901178
simulated,49.172962999520415
simulated,20.505811101202188
simulated,35.74885246311521
simulated,20.7006968492962
simulated,35.59858549325687
simulated,37.90382867447946
simulated,23.411243205801632
simulated,34.47359326797031
simulated,20.319212533023435
simulated,63.1578616025549
simulated,36.34190590060511
simulated,24.213068309865527
simulated,26.6205882047035
simulated,52.013868702468415
simulated,54.87253966873723
simulated,113.43695396441579
simulated,56.69348582955838
simulated,19.009470773993492
simulated,27.226369824120965
simulated,129.26354979753157
simulated,16.981829427197518
simulated,17.198731651165943
simulated,99.5777187466974
simulated,24.91247947260858
simulated,25.6534445826083
simulated,11.386711426100755
simulated,36.57509207058341
simulated,28.900398311360824
simulated,56.826348770634354
simulated,44.838671311917054
simulated,55.6316488797051
simulated,29.55182252739173
simulated,13.335052538814491
simulated,29.749195439879124
simulated,38.29088869900127
simulated,50.70285863621813
simulated,23.614450219269266
simulated,24.36282104471159
simulated,35.7833786710613
simulated,67.90548430324728
simulated,43.134944034497465
simulated,45.94921827826687
simulated,21.71353088436538
simulated,19.282233320949203
simulated,33.38979833176478
simulated,32.1318601956051
simulated,23.648596963110037
simulated,51.145107037429646
simulated,28.661566472074092
simulated,21.401097168537017
simulated,23.487123274405754
simulated,49.274594133278605
simulated,23.703449779315275
simulated,14.477954808502515
simulated,22.305570481006153
simulated,51.17530571962815
simulated,29.478396518069165
simulated,44.393308968285886
simulated,34.12992431114972
simulated,22.598306269821347
simulated,14.993728035910701
simulated,53.19671861638963
simulated,61.16231828156404
simulated,24.205416981786264
simulated,45.746064219855555
simulated,37.14613116465436
simulated,75.68515943030235
simulated,59.49047643420357
simulated,18.439469139502933
simulated,9.921114274937022
simulated,46.40003830805743
simulated,60.08921312449013
simulated,71.38478672937875
simulated,42.252355055772135
simulated,27.97025780036142
simulated,20.28149425202076
simulated,50.911074681690465
simulated,11.570362825102624
simulated,43.100875856502924
simulated,79.86159514826885
simulated,53.56977816605815
simulated,25.395380371176522
simulated,20.906416555435797
simulated,40.348153463808806
simulated,38.090823793110715
simulated,22.011631591031392
simulated,17.42850152925468
simulated,25.00967780654943
simulated,43.48142604320452
simulated,22.11526670211648
simulated,25.57863876143429
simulated,27.98138013068706
simulated,14.115715981698877
simulated,60.545958554556265
simulated,89.89169456832128
simulated,49.06542706614317
simulated,45.28434319958539
simulated,21.818506871976926
simulated,34.03921852673366
simulated,33.70495827904253
simulated,41.92428851281417
simulated,63.5601574925665
simulated,32.04848063291125
simulated,48.667903861160994
simulated,29.28193896819742
simulated,46.636678965844624
simulated,12.458167166602308
simulated,86.89060172772597
simulated,54.3154255997888
simulated,22.815621828749727
simulated,26.26983896244373
simulated,23.61597303766291
simulated,34.49308663482975
simulated,78.7659421119783
simulated,24.668934793977517
simulated,39.545306458176114
simulated,27.15019449159754
simulated,46.26797441533198
simulated,20.670713786522363
simulated,29.043275693916534
simulated,7.548736391185985
simulated,63.849342782151936
simulated,24.689925099910095
simulated,69.26632386208928
simulated,48.123737564100274
simulated,39.28985406168925
simulated,41.13880544426581
simulated,56.21369131128138
simulated,34.355819181188096
simulated,54.72440299461547
simulated,48.36355800653294
simulated,41.98428329748509
simulated,75.87614044680797
simulated,29.04449688509847
simulated,82.70372850053347
simulated,35.27952859136121
simulated,56.16688728406348
simulated,35.33086352364894
simulated,23.909454319767388
simulated,23.815021730810955
simulated,16.197841695636555
simulated,56.73285670399521
simulated,33.11755811047723
simulated,57.31888299146954
simulated,55.45037155181167
simulated,19.480916331912386
simulated,30.912171900283624
simulated,15.44078988408688
simulated,44.22250638972006
simulated,27.98996523195539
simulated,23.95207703878186
simulated,32.737921910190735
simulated,19.750879091032694
simulated,26.64955151705732
simulated,13.777563772287166
simulated,80.98337801582329
simulated,41.02534826419523
simulated,16.59977751552459
simulated,24.178866207701113
simulated,39.87662800797192
simulated,27.74662359228471
simulated,30.366171992730273
simulated,66.94759172932811
simulated,76.57691162313128
simulated,35.702605228283616
simulated,59.44486461629444
simulated,65.07522684967337
simulated,42.946005785733135
simulated,17.00013591044346
simulated,16.82340872622953
simulated,36.12919206948428
simulated,28.816344174695764
simulated,43.44041402861556
simulated,27.021895974104133
simulated,8.06544167774768
simulated,25.480753713271678
simulated,59.7629798202541
simulated,14.88738252892526
simulated,37.215863959637346
simulated,52.96647224615531
simulated,31.270731916147113
simulated,12.017977907708534
simulated,48.765583386533834
simulated,24.435696742094535
simulated,16.49897010883545
simulated,56.97290425836397
simulated,38.71240432933964
simulated,36.78548668909115
simulated,57.5484791572742
simulated,20.227419902346057
simulated,35.104728606961714
simulated,26.03622382229615
simulated,18.482009451342627
simulated,28.447141123643647
simulated,23.703500409616385
simulated,25.987491361237566
simulated,65.92305498576282
simulated,25.4903955871525
simulated,44.303150903227866
simulated,127.41406959763077
simulated,50.37331225721495
simulated,43.73242186823601
simulated,46.22342716949649
simulated,32.97983690546852
simulated,35.4824673951823
simulated,29.602694748837862
simulated,25.388949311351233
simulated,23.05083340000522
simulated,48.41680616400485
simulated,18.647439961254815
simulated,30.38889354387856
simulated,32.45022111426523
simulated,79.60839940328357
simulated,28.816550460980196
simulated,28.041836932108495
simulated,105.35625539208596
simulated,40.06782250032509
simulated,74.73788649124178
simulated,29.076177035914988
simulated,37.00087540770463
simulated,24.129321931722437
simulated,48.23813493741602
simulated,32.45613394124759
simulated,22.167250511393707
simulated,53.62563118658122
simulated,16.86326616538758
simulated,71.62582625145392
simulated,43.438765593146655
simulated,50.68941521544838
simulated,33.43713172107621
simulated,30.074117367889574
simulated,50.660800994529346
simulated,56.431138832016885
simulated,28.3620958231439
simulated,59.874493791844614
simulated,19.353927227245737
simulated,55.928999914756076
simulated,71.54508199773667
simulated,40.26106229042381
simulated,32.998249844512785
simulated,54.24628479950792
simulated,52.712118654981666
simulated,56.216819028673434
simulated,60.682478248139354
simulated,18.27344966013788
simulated,41.0147398005584
simulated,32.63104756351163
simulated,24.888424407564194
simulated,61.7957183581187
simulated,15.783194323878236
simulated,38.8619871023803
simulated,18.45672778169511
simulated,25.290150545485186
simulated,25.224734860241934
simulated,49.534901312819855
simulated,38.26258501372285
simulated,46.20473039719727
simulated,63.82362835374535
simulated,48.4766747938592
simulated,33.47817748757355
simulated,45.10895636082644
simulated,46.42496780370256
simulated,21.745362105446937
simulated,17.760648985267526
simulated,17.084262035669084
simulated,19.249757232306244
simulated,70.81885556544482
simulated,53.39510164487159
simulated,33.84734697756879
simulated,54.54490907310818
simulated,51.75969160634513
simulated,31.634719659791557
simulated,61.140286877386814
simulated,25.97422437830417
simulated,47.408143827207134
simulated,28.86672900751359
simulated,49.446025624732826
simulated,16.798732654915092
simulated,16.997495612293402
simulated,87.2143482386214
simulated,50.23240489731508
simulated,33.69000563716022
simulated,41.65865578327075
simulated,47.50257647914492
simulated,58.759164284211664
simulated,33.485254750619376
simulated,44.66315917081529
simulated,31.995269770571344
simulated,22.01337081509986
simulated,47.10235190722713
simulated,98.45987690147753
simulated,13.81958813783381
simulated,27.58655897037082
simulated,32.511568661986054
simulated,23.400372855352153
simulated,16.29908569553306
simulated,13.19239512597526
simulated,94.245416459334
simulated,20.348474788699413
simulated,73.88969916891186
simulated,46.120559617240424
simulated,22.19978241021314
simulated,43.2786919378204
simulated,20.357561081255838
simulated,47.69829088662776
simulated,35.02305863874493
simulated,38.22812865721987
simulated,31.262647751805435
simulated,55.633276897551625
simulated,31.956755735937687
simulated,14.805657350601905
simulated,34.19335568792448
simulated,32.098261118343636
simulated,20.996918526923256
simulated,69.63752441880001
simulated,31.32484992399073
simulated,23.491505605615426
simulated,30.38514057307979
simulated,31.957306946448227
simulated,34.52448927448732
simulated,9.457974087500958
simulated,32.042190873624705
simulated,30.91594953536326
simulated,61.18197622239841
simulated,71.81653695461252
simulated,66.63556221623972
simulated,24.363079820184907
simulated,52.554876098414
simulated,34.493977542435395
simulated,52.67877463594713
simulated,41.12099563420351
simulated,90.61578487866691
simulated,19.347315357363815
simulated,52.83727332487462
simulated,16.730987500700266
simulated,36.96526158333567
simulated,26.873784758311302
simulated,49.493455839117985
simulated,18.6428330615187
simulated,75.62318167518582
simulated,63.18840859300475
simulated,22.933340210158857
simulated,27.836785710827233
simulated,25.847931899946566
simulated,16.909980605818355
simulated,26.19154619095791
simulated,56.83643000281474
simulated,14.605487927633268
simulated,84.93877241536907
simulated,17.78345896751968
simulated,10.497513865470124
simulated,115.31145414212546
simulated,34.24355754507394
simulated,39.66499143450655
simulated,7.273499089054175
simulated,34.704029952178075
simulated,26.8903361566422
simulated,55.585896106003965
simulated,25.38515347090539
simulated,52.77078538476738
simulated,79.40066478917123
simulated,29.673873245608846
simulated,20.481676454528085
simulated,66.161593907658
simulated,27.28281121064311
simulated,36.75118513319049
simulated,50.61242822803142
simulated,34.63627432636747
simulated,23.113340885261632
simulated,35.854499571515845
simulated,24.7472387756206
simulated,26.55571218622646
simulated,23.282462633145236
simulated,57.590464062478084
simulated,22.677910875857357
simulated,44.179012505750364
simulated,44.346373218921215
simulated,89.1061700046681
simulated,32.17483319020337
simulated,54.39126082257273
simulated,37.74611160625628
simulated,29.309156128506153
simulated,15.149906427203073
simulated,54.061056069541834
simulated,70.37519254419786
simulated,32.22002990986341
simulated,86.09926351068124
simulated,119.7807637928457
simulated,97.43697701006224
simulated,17.812822180086435
simulated,47.51535887109272
simulated,107.23565138974595
simulated,68.54563435205057
simulated,30.88589594573873
simulated,41.55704329428177
simulated,15.436091298141168
simulated,92.22722241247868
simulated,42.82153948105131
simulated,11.977550713614391
simulated,18.276108732967163
simulated,38.06261220642787
simulated,27.355386904082092
simulated,82.60989899484618
simulated,66.93635802985932
simulated,31.321866120676127
simulated,21.768253775421588
simulated,28.137525677041474
simulated,55.349059698316104
simulated,25.2891217255595
simulated,60.72280742262306
simulated,87.96596773015015
simulated,19.412669726190465
simulated,12.462871873349783
simulated,26.783026246935417
simulated,17.00556394780206
simulated,51.96593040329849
simulated,40.01548922942119
simulated,49.74532464200508
simulated,21.764953178019134
simulated,32.659396240940545
simulated,72.87002182582036
simulated,71.23379819787833
simulated,18.974009662126843
simulated,28.669264116543342
simulated,74.66843805734132
simulated,19.54583229004631
simulated,62.208554378159924
simulated,43.04479370368891
simulated,17.08770032978777
simulated,32.09657055061314
simulated,79.0547896040549
simulated,26.57588106075363
simulated,27.773060944928893
simulated,60.39590805424464
simulated,22.296093584296273
simulated,33.339721618068275
simulated,35.775634185782096
simulated,10.51140690942791
simulated,25.27856315528281
simulated,24.521604509149537
simulated,114.48948820751332
simulated,39.14032036797159
simulated,45.37128562890064
simulated,14.055615364466236
simulated,74.14065596714988
simulated,18.998812708906563
simulated,39.328792974185156
simulated,15.018257958942533
simulated,44.4963006297876
simulated,56.89150115711094
simulated,34.30582597891555
simulated,32.66507466226832
simulated,14.522039160139514
simulated,46.23360717702318
simulated,80.22284415441483
simulated,31.65504422530641
simulated,69.93645693558268
simulated,20.679665999287963
simulated,41.71948693606171
simulated,32.584415215654765
simulated,78.47183661183195
simulated,20.794169458842795
simulated,64.71461077024159
simulated,40.85337585468622
simulated,41.448464574838525
simulated,19.32350982701828
simulated,97.67597987930341
simulated,56.14106652969451
simulated,22.48548488148723
simulated,72.31400885799252
simulated,46.00677337927006
simulated,45.05112764750518
simulated,29.82947155736509
simulated,53.52490827642574
simulated,89.14656218631133
simulated,57.677481193561846
simulated,29.140648937068818
simulated,48.082877235234605
simulated,53.15470429452675
simulated,79.62563407818882
simulated,35.03809358755809
simulated,32.62129820957712
simulated,35.07242185368598
simulated,18.35818376245945
simulated,51.42939825176596
simulated,17.255062324540965
simulated,30.46834049842986
simulated,35.25850331065385
simulated,36.855166966153256
simulated,46.36182076414555
simulated,46.5201519520237
simulated,15.292315450616849
simulated,50.15243798897336
simulated,24.62514043890895
simulated,10.994081734550502
simulated,57.55295867891276
simulated,31.00576770118705
simulated,17.255580778910296
simulated,75.58359177894819
simulated,30.58910331744923
simulated,87.2458775472878
simulated,45.55156356952365
simulated,62.77029688543872
simulated,63.24840969939057
simulated,77.02831257180375
simulated,117.63126916790976
simulated,26.916554193005798
simulated,34.42287088135188
simulated,26.921321988001523
simulated,59.28662906919055
simulated,32.77117663888516
simulated,86.42663708963553
simulated,19.489608908968144
simulated,23.93633622419033
simulated,9.408787005968238
simulated,28.69349261239323
simulated,23.618791377068202
simulated,58.86331715677933
simulated,30.99828960025228
simulated,56.66126238778498
simulated,45.87182720816601
simulated,70.22906248242215
simulated,22.30951568445268
simulated,98.00274988455321
simulated,82.80183430493636
simulated,29.05241366485841
simulated,45.71160192763964
simulated,25.353455180188156
simulated,24.1307917806923
simulated,61.573866063342145
simulated,35.796346116291694
simulated,41.118420691137395
simulated,31.921085261999835
simulated,16.878354859908796
simulated,86.39556366225659
simulated,67.46895384278334
simulated,55.73204759225375
simulated,27.4392921603381
simulated,55.30396696323985
simulated,13.502626652590147
simulated,40.230428499150456
simulated,55.56427791533376
simulated,27.093925976557447
simulated,13.2340113700826
simulated,22.236877939752343
simulated,50.265283590454075
simulated,40.8176358627667
simulated,71.89867983159726
simulated,17.96128240950072
simulated,30.54719804622482
simulated,28.70386741129791
simulated,25.771862214476094
simulated,14.631765934219622
simulated,12.765632202835167
simulated,28.462559839007135
simulated,70.8175555381807
simulated,21.45359056062572
simulated,25.436955105906033
simulated,24.163536413087293
simulated,50.88364385915332
simulated,25.366391348098418
simulated,62.167556476535374
simulated,26.85868654309535
simulated,48.36450022253604
simulated,57.19830273937578
simulated,49.42503377275913
simulated,33.81427865908475
simulated,32.09095007287015
simulated,30.421260982004743
simulated,38.53374990442568
simulated,20.614322213418987
simulated,29.835211972786993
simulated,16.863632751227957
simulated,44.60449742288824
simulated,53.884342253204956
simulated,21.35076367554807
simulated,92.05221454793914
simulated,31.175055327010362
simulated,77.04406764891607
simulated,23.85909918218642
simulated,30.4504832397214
simulated,28.553901578990313
simulated,14.938966649082833
simulated,46.36799771249464
simulated,55.324053606633406
simulated,64.2338796335682
simulated,19.680671413539184
simulated,69.55214042955679
simulated,54.57093754880955
simulated,37.31828467046706
simulated,46.8646287429704
simulated,52.0701679034674
simulated,41.33800082120142
simulated,28.23601415587527
simulated,51.663365089913746
simulated,16.614078602218825
simulated,30.484828221175604
simulated,13.686289631652443
simulated,7.42652859168821
simulated,22.094963821403187
simulated,26.599585912854074
simulated,113.22441870278331
simulated,13.525225194125065
simulated,22.615531472362672
simulated,54.96351496386687
simulated,38.68021489591956
simulated,20.84726338932488
simulated,15.497559099767567
simulated,44.094019666935445
simulated,25.47683671597573
simulated,17.067139097117757
simulated,33.64111049885251
simulated,70.21057219206791
simulated,83.14334958596841
simulated,20.656518692388353
simulated,41.42812017192862
simulated,14.17178183194235
simulated,31.521285206231614
simulated,56.576807722930475
simulated,62.544943342635975
simulated,35.639104178735884
simulated,40.903769017633806
simulated,16.942541573239946
simulated,45.34047082431832
simulated,33.910339353038204
simulated,47.41806771497834
simulated,42.108417236846805
simulated,72.26964624465757
simulated,46.13916286295995
simulated,50.0655230548323
simulated,81.80018771203235
simulated,65.15370581361393
simulated,32.72281721443527
simulated,63.86730921242657
simulated,15.90384141750616
simulated,43.377662750627934
simulated,25.391933245656602
simulated,43.50887972050116
simulated,81.16572581218581
simulated,27.631700151173042
simulated,47.62251920610335
simulated,28.797522231692128
simulated,21.080838808597363
simulated,45.571479456291414
simulated,71.93828258067367
simulated,49.60315620743896
simulated,51.34807299983553
simulated,37.673134377168935
simulated,38.11312786597147
simulated,54.69831661674732
simulated,79.86582260689512
simulated,101.50476656359518
simulated,14.243986916020344
simulated,59.66831611525394
simulated,50.6890362883377
simulated,24.34926700476986
simulated,15.779344555088873
simulated,26.544623189025376
simulated,32.9042227593812
simulated,29.700520422236977
simulated,53.32825427958008
simulated,20.90076133421252
simulated,60.14977368355805
simulated,16.5414884293963
simulated,45.29230844673056
simulated,57.30784844806638
simulated,59.60153397760996
simulated,26.052099047601143
simulated,41.15004217946314
simulated,27.125401208784076
simulated,66.17456354194316
simulated,21.00443634033473
simulated,9.582411253042629
simulated,37.62527932351284
simulated,7.942756908718178
simulated,26.89389220569766
simulated,66.4414036092752
simulated,74.6534796194891
simulated,25.874985198375626
simulated,32.239123332760485
simulated,52.97121415991043
simulated,34.81625567105962
simulated,31.580448773096812
simulated,53.16721170159458
simulated,44.35738647672589
simulated,31.266569942759958
simulated,52.69003248825222
simulated,29.540624995135015
simulated,15.394778197833405
simulated,27.395824369772576
simulated,9.766766774008751
simulated,110.47979816455664
simulated,51.00812281265486
simulated,28.866315659497836
simulated,104.96951590834745
simulated,22.46640222504043
simulated,65.50202149020953
simulated,17.654783076486652
simulated,43.0152175575428
simulated,51.79401187818743
simulated,35.428745776530896
simulated,49.33834273803611
simulated,17.116254386239067
simulated,23.3093161256527
simulated,34.0612741756968
simulated,66.99178260729266
simulated,87.95349535189541
simulated,16.70552394269377
simulated,20.61517330065694
simulated,24.60728158451487
simulated,45.98916286827828
simulated,49.07462483136318
simulated,22.065599704348088
simulated,17.187861483276972
simulated,32.40918236551286
simulated,10.708282573070674
simulated,37.00963005668244
simulated,36.54317594752832
simulated,59.52109949656663
simulated,63.3740865931468
simulated,54.15136848229573
simulated,42.3247683837851
simulated,18.34408880894414
simulated,59.83502385770315
simulated,67.08162307964918
simulated,52.99555861893574
simulated,38.30913521310697
simulated,31.2992341523317
simulated,20.92475259239265
simulated,24.779773252676392
simulated,53.42827881041916
simulated,49.08836574277668
simulated,46.51371766065813
simulated,118.29866803573069
simulated,42.185138770220384
simulated,37.98659525745606
simulated,29.126057884896063
simulated,4.873291388737099
simulated,30.970072270809055
simulated,12.27061711898544
simulated,41.73876143377574
simulated,38.216307085067726
simulated,41.611997610223206
simulated,37.418868004506514
simulated,26.527188823203772
simulated,25.204732040888686
simulated,11.412507940329764
simulated,84.09387590451625
simulated,37.40446979405232
simulated,44.635353308416775
simulated,26.053874980429327
simulated,78.70057916089249
simulated,15.62113227891583
simulated,26.940714371270428
simulated,21.254369097419346
simulated,58.988694003234286
simulated,34.31193008832928
simulated,40.4603893347405
simulated,16.859177218615567
simulated,53.505302108636286
simulated,38.13899185178672
simulated,20.5814442516517
simulated,37.55674673959949
simulated,45.458593172106816
simulated,37.09085558564503
simulated,75.72221462501398
simulated,25.277089623986413
simulated,11.876600574611018
simulated,47.01708418071135
simulated,29.852173945532368
simulated,54.25691360518564
simulated,23.195300200946185
simulated,17.79114932585014
simulated,48.13066791448095
simulated,69.57897753665785
simulated,38.81897879435759
simulated,37.221699535689126
simulated,67.68929026740634
simulated,31.90667266399828
simulated,15.100627781112243
simulated,61.19686763428682
simulated,27.582356681627495
simulated,51.64815769897046
simulated,38.37812567601085
simulated,12.86715152963622
simulated,16.13608838686006
simulated,19.579264388372263
simulated,32.447325989471054
simulated,57.68183452606156
simulated,13.815345043072302
simulated,37.46995226719551
simulated,18.139394856480205
simulated,31.662041915226215
simulated,54.52684725407221
simulated,33.50107628017467
simulated,22.061151267584457
simulated,26.331104402653665
simulated,10.41770866159295
simulated,29.64297427096971
simulated,38.325043444912225
simulated,114.58369723911117
simulated,50.65597559421767
simulated,24.83997329857356
simulated,30.485956829303756
simulated,33.77825192455543
simulated,23.954778928392425
simulated,46.258588812430084
simulated,46.25195178253444
simulated,37.47809378224477
simulated,15.89022881566276
simulated,26.257235605780217
simulated,30.830200140104843
simulated,32.015359170406626
simulated,22.18244804414236
simulated,31.77806335343354
simulated,59.007286840596336
simulated,17.242336603660725
simulated,27.125061604740083
simulated,27.56799154738941
simulated,20.11911935504195
simulated,32.01328236558893
simulated,66.08876583329669
simulated,19.82426217053517
simulated,34.29676018279285
simulated,27.08801399306701
simulated,27.750588543001367
simulated,42.832902562749545
simulated,35.58791385409837
simulated,56.865686452402414
simulated,22.23933403992789
simulated,66.12549265236993
simulated,46.04196530590993
simulated,41.098338583540915
simulated,31.798457222584293
simulated,42.827677149429064
simulated,24.040736565384798
simulated,36.5496529950568
simulated,63.74787409373166
simulated,23.377570128472442
simulated,21.500079400292993
simulated,28.160357177837152
simulated,21.76694233838774
simulated,53.027165077373304
simulated,24.749692279130027
simulated,52.017720784304885
simulated,13.483242207009557
simulated,36.71464988191021
simulated,35.002674639086635
simulated,11.234644192242088
simulated,40.28926801136144
simulated,27.465427482387454
simulated,60.8259480688064
simulated,59.01170628348588
simulated,29.59070276691137
simulated,27.835601381113598
simulated,45.8647505230799
simulated,23.78227858793076
simulated,62.750193947241264
simulated,18.348905534708848
simulated,80.38387419055694
simulated,76.62052443480108
simulated,37.178592244200814
simulated,32.22699601844149
simulated,55.11003225824038
simulated,65.50849595811275
simulated,19.713520974628793
simulated,76.02575736195097
simulated,21.452098730004792
simulated,33.60812026083854
simulated,30.757228249825275
simulated,68.82355151036879
simulated,26.949214571561267
simulated,59.119793159888104
simulated,42.5751252676593
simulated,44.883943164134514
simulated,33.55207068337534
simulated,80.01614767585326
simulated,27.621744365484954
simulated,61.154488619119384
simulated,74.07935829656934
simulated,18.8155566159896
simulated,15.334325133523864
simulated,60.903947068909105
simulated,30.38639120855558
simulated,35.43147249433386
simulated,8.950664275905668
simulated,53.97800121180747
simulated,48.80061254827382
simulated,19.551599590754204
simulated,37.03032351194488
simulated,20.34825284219387
simulated,12.354555431193994
simulated,52.44837681815379
simulated,62.070156399641384
simulated,28.142567544100714
simulated,67.45913927802295
simulated,76.17589223041254
simulated,18.77353263622288
simulated,12.255989582266483
simulated,40.21685290832349
simulated,39.02903163520221
simulated,30.482594850968045
simulated,28.243177661117954
simulated,18.288222893926385
simulated,78.13890419133956
simulated,30.583692929979076
simulated,41.8639367127725
simulated,39.85323685665878
simulated,5.245883193762209
simulated,16.057746472541343
simulated,9.87131011322969
simulated,34.55386501868731
simulated,21.019237490291182
simulated,59.13269307526947
simulated,20.66593664146617
simulated,14.316404996241126
simulated,86.07391218036281
simulated,24.50980317755355
simulated,30.582235091486346
simulated,63.172382753414084
simulated,31.08757795883052
simulated,27.376583353557635
simulated,27.739174769661183
simulated,10.748002430295486
simulated,33.31753775452641
simulated,36.37568260855772
simulated,33.513179057844624
simulated,43.79103886588594
simulated,34.187124205891635
simulated,37.8143633607136
simulated,40.33936914928456
simulated,82.51225581640273
simulated,54.35598051712362
simulated,15.935387672577344
simulated,24.61633165922314
simulated,16.66295380256199
simulated,21.79483332159163
simulated,33.70364030966682
simulated,58.38061087585778
simulated,56.55213535004925
simulated,56.23981106602358
simulated,39.32891133495049
simulated,20.609965604597708
simulated,41.704575983087636
simulated,16.922586690794844
simulated,40.20832817450908
simulated,86.93685759745745
simulated,13.41258767583059
simulated,8.787293043739998
simulated,26.34976377944868
simulated,44.04343070478873
simulated,30.99381842013025
simulated,7.329738045244883
simulated,21.61624451365922
simulated,47.54791038698947
simulated,10.84285407993437
simulated,19.326917318677562
simulated,24.36504123683103
simulated,31.090277917397305
simulated,34.18916992503251
simulated,29.23005520898662
simulated,39.09044069355029
simulated,30.740850514543297
simulated,11.078056037031118
simulated,8.038204604992291
simulated,25.37866131996174
simulated,36.74377633071745
simulated,28.91420612926001
simulated,26.020539562310333
simulated,25.434653714418914
simulated,19.003512472262905
simulated,57.62394271901388
simulated,28.42723284911745
simulated,35.35490141245077
simulated,7.173734325950532
simulated,25.6112703244655
simulated,52.90636577243396
simulated,78.93416396007636
simulated,22.01690001236219
simulated,33.53214762666987
simulated,29.29135681086824
simulated,18.753978857658105
simulated,40.481755403582525
simulated,25.562906108305434
simulated,32.35612354977096
simulated,52.765849001355086
simulated,33.8990536018769
simulated,77.75064263261511
simulated,55.40645028777698
simulated,21.260566328137898
simulated,49.07052796141127
simulated,17.297621350059345
simulated,52.09587210965429
simulated,37.56633055572235
simulated,18.50862473532403
simulated,14.436274454438617
simulated,35.796350591742744
simulated,51.9987945969194
simulated,33.111699532467206
simulated,45.007110364981266
simulated,8.320760983573164
simulated,15.907603464612606
simulated,55.662970527650344
simulated,30.015771563848865
simulated,72.71151377934272
simulated,26.74591634677551
simulated,38.53185996604388
simulated,59.85162636034212
simulated,54.501336079376564
simulated,40.691601887129586
simulated,26.85721985142742
simulated,110.99664601956313
simulated,30.480874916510786
simulated,69.01427361579121
simulated,22.32914219395991
simulated,77.28632988901668
simulated,32.917989925812044
simulated,24.870471981363664
simulated,15.472090948460822
simulated,23.290453272463346
simulated,19.748393158012593
simulated,22.09538344910512
simulated,18.325054503893806
simulated,76.11065163264914
simulated,73.56176318565298
simulated,14.04570885145816
simulated,29.366241267579213
simulated,63.74816023427064
simulated,39.8455117132804
simulated,18.09942117982928
simulated,115.67620893702005
simulated,32.424813222619036
simulated,43.48126186138298
simulated,46.65388002177156
simulated,33.08268389565527
simulated,27.69878127516294
simulated,50.607194436998014
simulated,27.320107492604343
simulated,33.59325196426133
simulated,29.599493956519492
simulated,18.24512471296498
simulated,17.907635598410163
simulated,31.537329392077616
simulated,60.65173518902367
simulated,18.863839369516533
simulated,19.34300473687596
simulated,17.891756001902124
simulated,37.75248026217548
simulated,19.68289380845984
simulated,33.657168987021805
simulated,59.74492187194742
simulated,16.218851285019984
simulated,33.061381417055316
simulated,26.480426155416932
simulated,37.603500704124
simulated,84.44823233094475
simulated,54.983575821817865
simulated,16.887898394711705
simulated,71.59873726826055
simulated,10.20967801344051
simulated,50.57634171233951
simulated,13.489139255003009
simulated,20.607539990910418
simulated,31.54465463185531
simulated,29.690797899116973
simulated,55.98622741139339
simulated,113.51404065356566
simulated,39.95728978195847
simulated,31.970527011308285
simulated,18.345856188375848
simulated,26.91311489786009
simulated,42.74138158247362
simulated,16.337234984497954
simulated,33.3410664069785
simulated,30.322002675803745
simulated,20.155785794208512
simulated,38.655746357816064
simulated,22.42203860698448
simulated,45.630987121562164
simulated,28.283436101802288
simulated,23.25200737986313
simulated,75.58710616491905
simulated,19.359037789597537
simulated,35.57143837367076
simulated,34.68422738550988
simulated,37.61216797616127
simulated,29.889198700845803
simulated,20.963978138491665
simulated,84.189965356915
simulated,24.877311761920364
simulated,25.83978322903648
simulated,42.757436181246916
simulated,83.53268024363878
simulated,28.666945073548
simulated,15.925651931066916
simulated,38.4669203728676
simulated,30.34891764536758
simulated,31.363965708142906
simulated,28.326854898250872
simulated,33.48841453864508
simulated,7.244545140459996
simulated,127.30434837488896
simulated,14.070779519477234
simulated,46.13120938576246
simulated,49.996120122225065
simulated,31.581970753883695
simulated,63.84328192808369
simulated,16.02202351869811
simulated,14.573991427379731
simulated,63.621886502179166
simulated,59.53893984519574
simulated,96.00479645055385
simulated,47.26461544548147
simulated,10.0872250046077
simulated,46.87495537307226
simulated,28.64071524305825
simulated,66.28929662162949
simulated,18.817520922504904
simulated,36.12592958364142
simulated,36.532073134283834
simulated,32.00124431194639
simulated,27.981520593791203
simulated,45.95738971613355
simulated,127.20153050225204
simulated,24.666262090027352
simulated,36.40467946735411
simulated,19.42346322840085
simulated,31.19352306636973
simulated,23.05046047438148
simulated,44.63910002044115
simulated,22.033651552342192
simulated,30.430213977864888
simulated,47.343116406617824
simulated,60.69740416321954
simulated,45.17062607429462
simulated,29.039067670164947
simulated,16.44892201508761
simulated,10.850404868665638
simulated,51.35250502627726
simulated,11.103379828543396
simulated,58.84192332331551
simulated,44.96630231195404
simulated,20.88564288735567
simulated,33.14592922048008
simulated,60.127808219460135
simulated,51.113245771610515
simulated,26.530333058264787
simulated,34.09099242898161
simulated,41.79505609256888
simulated,12.054310856173567
simulated,28.872959433871426
simulated,39.43379211096418
simulated,44.85394142211891
simulated,27.706315122729812
simulated,52.70470884671754
simulated,41.14901047960871
simulated,46.709931281784606
simulated,87.15340069822932
simulated,23.872373064851068
simulated,43.985647106745816
simulated,32.10121857157277
simulated,46.22128741015546
simulated,31.585770027193554
simulated,39.7094453827459
simulated,22.79958200598296
simulated,74.91656162089288
simulated,28.49492835235319
simulated,19.198784445689018
simulated,51.32915256233718
simulated,36.24197010792969
simulated,9.091243337418852
simulated,61.552067541699145
simulated,26.040419204681687
simulated,55.583799675116836
simulated,43.43823751604624
simulated,71.80411628181935
simulated,40.46193082163656
simulated,42.499070382399054
simulated,22.592770145260257
simulated,26.888194999807837
simulated,22.973422989141923
simulated,17.257980445846908
simulated,20.01900181549955
simulated,79.21221613809199
simulated,33.8356860096874
simulated,34.62285807967559
simulated,33.51057486352788
simulated,62.97900575793451
simulated,32.064111580764504
simulated,38.662005160711246
simulated,29.533831126083445
simulated,21.796557317482527
simulated,44.782802483883344
simulated,43.95825423628962
simulated,20.30169595111586
simulated,15.50543320021999
simulated,58.89783648157504
simulated,39.27428873113124
simulated,61.74501524184497
simulated,54.943279224711134
simulated,34.092986658830526
simulated,17.11108132961384
simulated,55.0433162682431
simulated,60.807088704330646
simulated,92.23430976687781
simulated,24.95065428806751
simulated,35.09750926511526
simulated,45.81435190290864
simulated,21.603692204058497
simulated,14.951674952146313
simulated,32.55017249201347
simulated,45.22174720611809
simulated,35.63891424557822
simulated,73.6864708070491
simulated,66.5345707427739
simulated,15.081914527259716
simulated,70.75943198987584
simulated,65.3635230138424
simulated,26.39716919958818
simulated,46.70350091761952
simulated,55.5720085115463
simulated,28.137619610681533
simulated,21.1071151713898
simulated,26.692339066217052
simulated,42.864568957058886
simulated,27.550586225011852
simulated,21.95795006277631
simulated,30.808606526206784
simulated,53.853896492055725
simulated,55.58690357588871
simulated,59.15054304255172
simulated,52.68556851763524
simulated,41.996173605384435
simulated,33.98649983723688
simulated,33.0727895287693
simulated,35.0267269097817
simulated,24.63037574862223
simulated,42.58800043100311
simulated,18.429749877098043
simulated,16.871752795327467
simulated,41.10869433784536
simulated,51.15336531308415
simulated,53.12030187042761
simulated,38.96047509897299
simulated,16.920514739206393
simulated,36.32166363281641
simulated,75.04047755445879
simulated,76.92413129420044
simulated,47.20220673834128
simulated,54.23704386186307
simulated,67.4411834322239
simulated,16.24925540323088
simulated,42.913814989878084
simulated,32.05431994652399
simulated,12.417698690175875
simulated,31.787604103184954
simulated,44.672624426522276
simulated,26.799104192089484
simulated,47.87069172474594
simulated,30.12074527047666
simulated,31.823484124550415
simulated,44.459849324304685
simulated,81.38516079177865
simulated,105.64274230318678
simulated,18.216718204259507
simulated,48.89178683444693
simulated,23.19797672465208
simulated,37.33519644650468
simulated,34.62899184835834
simulated,77.79495878032935
simulated,23.75633197360026
simulated,69.30584034633254
simulated,55.37100606824039
simulated,15.001828027054387
simulated,40.24974173430031
simulated,14.134619020483683
simulated,47.108807906685044
simulated,45.23861755857033
simulated,28.603310037210296
simulated,96.1309676540777
simulated,43.50595532319733
simulated,23.016259941247817
simulated,38.599597642323694
simulated,50.063781111266124
simulated,78.12012070122164
simulated,45.71250268564235
simulated,32.49260484708455
simulated,52.63862880561733
simulated,16.717886317446077
simulated,25.54878388503409
simulated,52.755554885953146
simulated,35.210320810851044
simulated,58.30995960069049
simulated,45.692165463706786
simulated,51.18052754742478
simulated,28.613076827921315
simulated,23.039052784164777
simulated,57.53992658147598
simulated,58.22608265940525
simulated,56.30560525907093
simulated,6.568129384922852
simulated,9.404257468594075
simulated,85.81652873119437
simulated,47.59517186927613
simulated,17.187645593995263
simulated,32.813868957972204
simulated,30.086618376564196
simulated,91.06009347447
simulated,160.2801032900492
simulated,57.06904789349976
simulated,18.65871558933753
simulated,43.122649908031576
simulated,29.938239095437446
simulated,15.286939883493687
simulated,41.025544078203744
simulated,17.02687468931466
simulated,5.646251822998315
simulated,93.28487539462948
simulated,43.961764169324404
simulated,25.013881036928037
simulated,29.697727951136457
simulated,21.359512477301646
simulated,38.95771536943352
simulated,16.79398398076571
simulated,36.13662353950128
simulated,52.23792343411598
simulated,36.62451350372599
simulated,22.299353301276835
simulated,56.80186509770012
simulated,30.4685379316965
simulated,36.168291315752846
simulated,52.92354415267522
simulated,42.58526536902272
simulated,33.15999008844546
simulated,10.660905721449746
simulated,18.828668313816628
simulated,16.755950046674002
simulated,30.579916852786873
simulated,31.155484308090628
simulated,51.73648853418765
simulated,81.58771385461192
simulated,47.42604768320956
simulated,41.508779725326995
simulated,56.08505076092482
simulated,46.242097282780136
simulated,47.61270457667982
simulated,39.13266439166324
simulated,35.831698334668154
simulated,53.21802936492964
simulated,29.960048248145146
simulated,42.717773735338056
simulated,54.80815811346696
simulated,14.323628965756198
simulated,34.51641390484934
simulated,43.84558562809991
simulated,38.33006198314585
simulated,15.906725976813352
simulated,32.935025779397854
simulated,16.260915789538203
simulated,66.87696287340628
simulated,49.21667679740263
simulated,20.205875917739167
simulated,17.20853210206201
simulated,33.317739778703086
simulated,39.580908100717
simulated,67.27529508483809
simulated,92.93436776610913
simulated,45.87775365619692
simulated,53.18624447386358
simulated,16.318438857806814
simulated,24.452636539234234
simulated,14.22193481995411
simulated,38.03243744453497
simulated,33.260746224248855
simulated,25.532585090790633
simulated,102.70139450568391
simulated,16.323303712382923
simulated,55.475333354795566
simulated,22.41738614850384
simulated,42.881550221482
simulated,53.329913241744926
simulated,14.665944961612231
simulated,10.256375199735675
simulated,18.125970650894654
simulated,35.2674873987084
simulated,51.53525601315639
simulated,28.04979839170676
simulated,38.28188050329644
simulated,17.086279065440188
simulated,79.24256940244398
simulated,87.54520765464909
simulated,22.23334351349569
simulated,30.918150709812387
simulated,30.13580965122146
simulated,19.39679918877621
simulated,11.016997716920907
simulated,31.53654432391302
simulated,48.66980548324587
simulated,28.946761657788045
simulated,37.79853808920513
simulated,17.962630999532934
simulated,41.00216516258512
simulated,48.775296531056256
simulated,72.37066089963321
simulated,17.416479914527795
simulated,45.6240789397804
simulated,43.71103819386711
simulated,27.91349687346428
simulated,42.222975193965226
simulated,28.041309796006264
simulated,84.77327992361946
simulated,62.967592473540975
simulated,44.930240118415966
simulated,29.76187827768069
simulated,67.72026193027335
simulated,66.95054122479071
simulated,69.68739069804684
simulated,34.62718853077571
simulated,20.943747031587733
simulated,21.581593844990056
simulated,21.48001942258611
simulated,45.95492688439554
simulated,26.58270515635674
simulated,43.201610063596064
simulated,14.842407079217484
simulated,52.38757825522038
simulated,23.022496842246
simulated,25.075983181446915
simulated,26.2138867912407
simulated,27.82065164095011
simulated,45.845022920685985
simulated,60.58684616407931
simulated,25.51102951412323
simulated,21.51286277560149
simulated,50.90034058492659
simulated,27.383930804539432
simulated,57.86767429880022
simulated,19.541022565875508
simulated,59.055025739329935
simulated,27.636006190100296
simulated,49.829565826442334
simulated,22.69838854125063
simulated,49.042542609988516
simulated,24.527082413332476
simulated,5.527117762353882
simulated,47.76674997665653
simulated,37.551876448512004
simulated,56.947951166503174
simulated,49.96456047741974
simulated,25.241964191828366
simulated,63.714421660263966
simulated,37.861029261676656
simulated,43.631403424733776
simulated,53.00101038534268
simulated,10.931040901780362
simulated,58.494197243275394
simulated,23.148461154384023
simulated,32.064230031669204
simulated,42.21281766875186
simulated,7.8544314578030665
simulated,80.47271667574462
simulated,58.33026493835995
simulated,37.55966632785261
simulated,37.70937636717008
simulated,16.001419591305076
simulated,56.835162240979216
simulated,50.07876093074596
simulated,16.92472038478609
simulated,23.87362512771496
simulated,32.794811987296754
simulated,25.571305370531203
simulated,30.48466660502368
simulated,36.900599754819616
simulated,78.2734597984803
simulated,31.174198767364288
simulated,44.179962709013736
simulated,97.81641201466583
simulated,48.517185065822524
simulated,20.3653768615601
simulated,71.27669890628697
simulated,63.97843417653796
simulated,20.831785613768503
simulated,13.003211391821962
simulated,36.38072086550146
simulated,42.80939082225888
simulated,65.05182949295566
simulated,19.659705559585944
simulated,53.38010045980764
simulated,25.890717182793228
simulated,37.480596600024924
simulated,26.267763588203735
simulated,11.38942202936785
simulated,35.35313510164488
simulated,34.32042751683386
simulated,15.36892730856902
simulated,20.527774997299552
simulated,44.52617574435029
simulated,11.24720458677323
simulated,22.55521570998647
simulated,27.9722452656991
simulated,21.538603794516327
simulated,33.784991383588206
simulated,39.468021247997285
simulated,43.855934957413375
simulated,52.353871061096896
simulated,72.79339449921598
simulated,20.911123088703178
simulated,9.758457512612672
simulated,34.64203337017041
simulated,11.478065477315505
simulated,25.553755118691846
simulated,76.02907256737194
simulated,51.41127300313112
simulated,32.012046546682946
simulated,18.016826932165607
simulated,15.188639422806789
simulated,108.21127363130758
simulated,32.837850292005896
simulated,36.824829085498195
simulated,16.70567448351352
simulated,18.877816707323547
simulated,18.78999424992342
simulated,49.05680593352291
simulated,73.66424312589699
simulated,70.09639390640248
simulated,50.51116597127731
simulated,22.588695775234836
simulated,27.641319036172725
simulated,20.265292079876325
simulated,32.582637289890656
simulated,35.72374867512423
simulated,31.603789902210586
simulated,24.610573825751384
simulated,39.08181090395793
simulated,72.7633381670271
simulated,24.12680327834837
simulated,42.66062008972959
simulated,63.73539196581781
simulated,34.69491235334632
simulated,31.32127370805591
simulated,18.60559268148049
simulated,44.64423758072184
simulated,36.43433639288257
simulated,23.455780676679424
simulated,33.609731496025624
simulated,11.220247552997643
simulated,21.72117703838895
simulated,57.069412855594855
simulated,55.75100258866557
simulated,22.794334782743064
simulated,25.376292113443736
simulated,27.518321578184654
simulated,27.16820447549118
simulated,19.484237411211655
simulated,25.677667927266246
simulated,34.41759823825856
simulated,58.812530422203864
simulated,23.207197757912418
simulated,18.775766697069557
simulated,38.30641337578672
simulated,61.83131722925797
simulated,20.7516133451097
simulated,85.78030760609556
simulated,41.17473408360332
simulated,30.143497075767442
simulated,22.74082287229824
simulated,9.477661204507795
simulated,12.023998596265377
simulated,65.76663970888302
simulated,34.16663283444467
simulated,30.176098735222183
simulated,63.195061630080474
simulated,24.801834326007466
simulated,51.54477035707126
simulated,19.075272058075505
simulated,20.23301460291805
simulated,31.773036478815534
simulated,19.10049730905442
simulated,21.29643279097038
simulated,60.73324294776775
simulated,23.033756051292908
simulated,30.247893255063104
simulated,38.67169238202636
simulated,21.573691495407015
simulated,49.59786481943269
simulated,37.89727289181629
simulated,16.484128127056007
simulated,26.41612109576058
simulated,32.83570391368636
simulated,43.90064159202054
simulated,47.82686555728708
simulated,19.84978054837033
simulated,36.97672287912896
simulated,55.2360544391719
simulated,22.63919913681491
simulated,31.0122807891416
simulated,11.771634844441495
simulated,36.166237158422106
simulated,19.85473398739063
simulated,25.585415849772797
simulated,25.56087504793056
simulated,81.30441190586167
simulated,12.419233224581642
simulated,39.79922419903111
simulated,21.89476956530212
simulated,33.44184923717481
simulated,39.39909924267143
simulated,44.01309143799296
simulated,33.614112528849105
simulated,21.34111724337656
simulated,84.54757882333624
simulated,131.28299013753195
simulated,38.30290452852523
simulated,36.368207012357516
simulated,35.123011851056866
simulated,73.0556062951382
simulated,21.852354568947515
simulated,22.61281892006358
simulated,74.15999694063666
simulated,41.600289028526035
simulated,53.0512260148159
simulated,56.980200419139734
simulated,49.49970939829228
simulated,25.014709618462494
simulated,19.776616607562946
simulated,27.995825728536772
simulated,39.80956904520676
simulated,60.04258810477306
simulated,40.94552198061616
simulated,15.435618560802013
simulated,12.846495137564244
simulated,27.800341732584744
simulated,20.22580291575914
simulated,33.48900449728767
simulated,38.49289800210088
simulated,30.520348591078182
simulated,19.656996771745163
simulated,35.52188792315295
simulated,34.411434630162105
simulated,64.2926376746573
simulated,27.893832224120743
simulated,21.09592087248549
simulated,63.24407013120494
simulated,80.2527325914954
simulated,14.50055269413126
simulated,49.06228912195685
simulated,34.90484608836498
simulated,42.522543078505834
simulated,44.552161322163826
simulated,32.81186427509823
simulated,19.533967026971055
simulated,42.21665815639322
simulated,25.176210093430917
simulated,51.90447251501424
simulated,57.61164256326887
simulated,12.650016676436513
simulated,61.54578010091988
simulated,37.94639412278582
simulated,43.209791053099146
simulated,37.92442716090093
simulated,26.64925103339694
simulated,59.405488323722906
simulated,25.24029054427588
simulated,15.695573286629159
simulated,16.01446791216356
simulated,28.93967473956923
simulated,52.14393722020642
simulated,23.18085372795175
simulated,42.621366178021084
simulated,69.35113132764194
simulated,25.620482971548327
simulated,29.319257368476077
simulated,25.70302354831641
simulated,25.1810338498968
simulated,14.636075984212653
simulated,23.64543106657232
simulated,60.60836907121313
simulated,49.85514936302863
simulated,17.07671610435233
simulated,20.992376048458098
simulated,73.22818751003864
simulated,21.410331889770298
simulated,24.156861819412978
simulated,39.116285047549994
simulated,48.26600298354915
simulated,71.83183282481247
simulated,34.08878422431136
simulated,71.84450438841374
simulated,31.501943011061293
simulated,42.7926488698123
simulated,16.98550620478545
simulated,85.01431541671224
simulated,48.53512971051239
simulated,20.57830801267349
simulated,12.503987516262944
simulated,50.14605332523806
simulated,33.425909534389774
simulated,49.78640953110062
simulated,34.7870530980224
simulated,13.785600234944813
simulated,40.67028883674803
simulated,90.08958121203909
simulated,37.56258944963613
simulated,23.282518502793426
simulated,86.23566657369186
simulated,24.060330351167597
simulated,23.381682608089633
simulated,52.97910850124659
simulated,31.041375588086296
simulated,23.165389447058864
simulated,66.50505392822012
simulated,73.0904683637445
simulated,45.851015172528534
simulated,54.52434775301081
simulated,34.470765936666126
simulated,27.772016482217033
simulated,26.728692435809354
simulated,36.27954427745313
simulated,52.31759535346363
simulated,39.977415471470366
simulated,26.73997570824389
simulated,27.31949127508604
simulated,31.91184620101292
simulated,48.40650024921801
simulated,31.336467343986037
simulated,33.90120372759889
simulated,23.882567157212293
simulated,41.67439974125428
simulated,59.85356831399202
simulated,30.815234718685666
simulated,19.42202103714382
simulated,18.930584178587104
simulated,36.464144223761394
simulated,27.03884633789157
simulated,19.822765113479207
simulated,58.15782092693697
simulated,58.23669968334406
simulated,32.42108481810367
simulated,36.448955302557835
simulated,21.207617243787816
simulated,53.90778410303757
simulated,25.0360699385963
simulated,39.92593027535558
simulated,17.822939962958756
simulated,7.856903714296918
simulated,35.404598711938036
simulated,40.06190770992758
simulated,77.17623022555016
simulated,47.32030837751873
simulated,18.29460746693391
simulated,69.42168056136782
simulated,59.778675945850004
simulated,49.677087266009025
simulated,30.029466822360728
simulated,13.314762033968023
simulated,27.609620265386713
simulated,33.97383303065137
simulated,61.94132906501368
simulated,32.46157674529677
simulated,12.147688565382209
simulated,98.82459454334847
simulated,35.38228160641467
simulated,36.77023557066448
simulated,34.22714652315487
simulated,48.67657448388164
simulated,34.54979704214783
simulated,36.963059105646735
simulated,27.716530495163127
simulated,36.176284440082014
simulated,19.557509233934553
simulated,51.235392809483876
simulated,61.904413310952656
simulated,16.88230114097919
simulated,46.09903378391642
simulated,27.32093872544757
simulated,14.05152415999381
simulated,39.19573916506157
simulated,24.425498277705053
simulated,19.04591511553416
simulated,27.893363852658457
simulated,64.55467087863572
simulated,23.484191006065306
simulated,41.588338777310405
simulated,33.55520370739241
simulated,62.6556421491961
simulated,65.94373573860243
simulated,54.01585349195268
simulated,18.465622720224392
simulated,41.27760468421453
simulated,19.3527940820636
simulated,61.06235760265312
simulated,47.93109708525026
simulated,19.113628092275594
simulated,59.834837359714996
simulated,11.529100344367006
simulated,28.486842860393086
simulated,44.66294285124036
simulated,41.35019271142487
simulated,17.53614291123805
simulated,63.08330963100627
simulated,22.666208229975634
simulated,34.572867485835715
simulated,68.48290504594254
simulated,17.5454817291518
simulated,35.17282987495471
simulated,25.076390791115962
simulated,14.928753961180895
simulated,39.603542821530766
simulated,31.284194294313025
simulated,21.205304442465078
simulated,24.134169091160956
simulated,40.01697702902304
simulated,12.414378064134825
simulated,25.51869147558166
simulated,28.068284976370542
simulated,30.44879551052726
simulated,52.77243239406579
simulated,16.0591029875884
simulated,29.80410677477749
simulated,42.66445516107497
simulated,60.48424584493738
simulated,40.12970766415299
simulated,16.787814070976783
simulated,42.22546836998782
simulated,40.41744025960904
simulated,31.279180449183084
simulated,17.28314302300893
simulated,83.10203034872094
simulated,29.52877752618213
simulated,6.821933037214637
simulated,42.66724526773292
simulated,20.294967510059028
simulated,48.92951992214667
simulated,86.1306061405128
simulated,15.722707241437607
simulated,33.49476844248184
simulated,29.89402739514031
simulated,31.686790501358583
simulated,42.93534436055732
simulated,53.90757302566307
simulated,35.6570786637026
simulated,57.80978986918912
simulated,21.190466112538434
simulated,49.37355925319619
simulated,40.76336764531461
simulated,72.52518034792135
simulated,24.4630849086481
simulated,15.900388478699615
simulated,24.58983738585291
simulated,50.256864252939415
simulated,15.960134643898861
simulated,37.02206644007718
simulated,48.93990865968801
simulated,31.367588802878416
simulated,53.930689045824906
simulated,27.826563242513192
simulated,26.11953922136143
simulated,20.223401113173423
simulated,40.1845368010216
simulated,43.56834478617703
simulated,41.761814930210896
simulated,23.793406145412497
simulated,43.27369567542789
simulated,18.124082016099894
simulated,28.16769114519029
simulated,14.789924294469984
simulated,39.886498312394814
simulated,10.900360977066955
simulated,49.52792030594136
simulated,65.97396066545384
simulated,88.01228327998425
simulated,73.98469861776977
simulated,49.96779126693056
simulated,28.91956533309333
simulated,41.62033746648771
simulated,6.877646633423465
simulated,34.77500399668035
simulated,40.30951254676815
simulated,23.722484958196592
simulated,66.06123900512122
simulated,30.248424554822172
simulated,16.670907725205527
simulated,23.559085182016766
simulated,15.593784919274677
simulated,67.06688170816425
simulated,38.35470286481655
simulated,45.90000502860759
simulated,87.31711760199167
simulated,34.24834749549022
simulated,52.12556017974649
simulated,8.886670239343218
simulated,32.596960319145545
simulated,31.773490622137707
simulated,19.718738576881787
simulated,45.25106795940482
simulated,16.871533641542058
simulated,28.149908797029084
simulated,30.660450267462025
simulated,16.326552800475632
simulated,36.532214905348724
simulated,39.957718576377495
simulated,40.29574272385774
simulated,30.594321566223233
simulated,39.43883151529791
simulated,27.84006903718501
simulated,24.907859254562243
simulated,54.68316120825299
simulated,18.168735960048885
simulated,43.28738968600954
simulated,19.78858980541999
simulated,18.895378590757808
simulated,31.98971105638413
simulated,35.37904787261859
simulated,31.05467343837443
simulated,33.38825615142672
simulated,48.22737743410076
simulated,17.69624200922604
simulated,28.26918599029726
simulated,5.169247059874529
simulated,48.7714066213517
simulated,18.29406902738929
simulated,25.822033352238844
simulated,35.33259190982408
simulated,96.8463626173392
simulated,42.85773803541944
simulated,45.821913729723704
simulated,44.074853697946374
simulated,54.9126460034132
simulated,92.64884853887392
simulated,58.00177564140543
simulated,44.72255122496872
simulated,47.133519707539776
simulated,39.061321460647704
simulated,26.42019737213326
simulated,59.662646781375706
simulated,19.630763875904712
simulated,59.409122488410105
simulated,31.50872954112643
simulated,25.736743660753817
simulated,28.14682106203198
simulated,37.750602550078376
simulated,121.34591574167288
simulated,89.51610080023804
simulated,56.23642920827488
simulated,38.512302770448706
simulated,74.0661094812503
simulated,33.651343732425374
simulated,25.29793214819242
simulated,49.23435825309286
simulated,68.31703570680473
simulated,36.44306998850348
simulated,33.90259057483908
simulated,29.741878811576335
simulated,54.572366577945175
simulated,40.891599920169824
simulated,41.975242217216
simulated,60.791970793198715
simulated,14.277568259787136
simulated,47.74616188562088
simulated,40.61093377921214
simulated,37.82103318018049
simulated,54.47671009728634
simulated,17.88084354360783
simulated,63.23433057847688
simulated,46.745823280571116
simulated,26.760775931599106
simulated,18.77919256526337
simulated,12.372146007561664
simulated,46.035573312086846
simulated,27.472048688489757
simulated,34.136521123939566
simulated,38.49176408823849
simulated,51.782735297662576
simulated,59.2894342060866
simulated,45.42613260519837
simulated,28.497274048859065
simulated,26.62467967263563
simulated,55.471630591962914
simulated,35.1817818724591
simulated,32.85932455209175
simulated,11.17800495662049
simulated,43.193803622947215
simulated,22.772874555538717
simulated,40.38153646826712
simulated,7.166147211980861
simulated,12.617217788764938
simulated,13.365221206638378
simulated,21.250346541516436
simulated,33.14781441538793
simulated,33.35364169019219
simulated,26.21750413899462
simulated,50.40223494203074
simulated,58.28982496250668
simulated,8.108389170472329
simulated,95.90739750916974
simulated,29.724152564049454
simulated,15.900122030965743
simulated,15.522562813813726
simulated,77.77282735651096
simulated,47.664259599398086
simulated,79.5865767220619
simulated,12.90560913211658
simulated,28.06523137572951
simulated,20.547711152635884
simulated,41.04961336662893
simulated,84.91395502606638
simulated,30.392593645789272
simulated,50.419713541470784
simulated,27.081902300175095
simulated,39.917949095476196
simulated,25.002390384171807
simulated,24.47961124611158
simulated,19.6722283941903
simulated,147.95498795859265
simulated,80.8260100687215
simulated,47.6785383398012
simulated,44.160197637399065
simulated,50.45269485022067
simulated,11.281287729713636
simulated,34.16738941709562
simulated,55.243930940956915
simulated,18.530361059833925
simulated,24.399320481169543
simulated,31.403974990874417
simulated,76.51580541196296
simulated,29.99655067527535
simulated,65.90593393838945
simulated,35.95278738629888
simulated,21.801424857249373
simulated,45.05943364724243
simulated,22.44427693212465
simulated,15.666682422354356
simulated,16.590854177390213
simulated,46.15799093803807
simulated,46.22396785404714
simulated,13.575095231945769
simulated,24.599137029350437
simulated,43.54111027498635
simulated,21.093068494143417
simulated,28.973355009600816
simulated,43.6959148303994
simulated,17.933077150077253
simulated,17.698097408523637
simulated,42.02917212963177
simulated,49.73172183131104
simulated,25.1532733611
simulated,40.78397662198922
simulated,23.798166559732028
simulated,43.68650429163335
simulated,38.68610952360749
simulated,20.058292613822644
simulated,55.20847529412393
simulated,23.56260797429111
