source,sample_index,cumulative_productivity
empirical,0,16.750128355098326
empirical,1,16.543209349683842
empirical,2,34.284325870242355
empirical,3,21.300170667880646
empirical,4,32.092724026514475
empirical,5,76.50136206719628
empirical,6,6.044478515578415
empirical,7,81.42979027107349
empirical,8,51.82060017845335
empirical,9,64.88799751986774
empirical,10,62.009930293551065
empirical,11,25.886283834425956
empirical,12,17.17296377084513
empirical,13,61.08303684412461
empirical,14,72.22235544685114
empirical,15,75.55577717546979
empirical,16,12.232454131994116
empirical,17,41.235918282076554
empirical,18,54.2778243237083
empirical,19,13.223232897846557
empirical,20,42.85473604911085
empirical,21,61.84620652772394
empirical,22,7.0407410805369395
empirical,23,12.08895703115683
empirical,24,16.75377382062457
empirical,25,44.98101040394084
empirical,26,6.5482142722602195
empirical,27,7.714444087643125
empirical,28,34.54859771553765
empirical,29,52.77881258954194
empirical,30,34.70734583110115
empirical,31,54.90446642989516
empirical,32,39.81999810212082
empirical,33,46.5834157387652
empirical,34,29.636219785697897
empirical,35,36.85841996322266
empirical,36,34.12520083767085
empirical,37,59.51641441743775
empirical,38,19.84271549863019
empirical,39,39.4112796629673
empirical,40,42.762862611470325
empirical,41,37.757734725486046
empirical,42,6.530830688885647
empirical,43,7.200019461162331
empirical,44,8.69630638306041
empirical,45,23.538019710272025
empirical,46,12.575309204464062
empirical,47,9.178539820127789
empirical,48,19.763362948869258
empirical,49,50.23272977152049
empirical,50,21.80049208641316
empirical,51,35.32266540393161
empirical,52,31.845206274473362
empirical,53,23.482604188163197
empirical,54,56.91390433948527
empirical,55,17.602274406655006
empirical,56,41.90228233107237
empirical,57,2.209297097449406
empirical,58,39.83314452813962
empirical,59,32.18621317035216
empirical,60,42.29190350550025
empirical,61,58.030812999232566
empirical,62,18.986146207069204
empirical,63,18.619787720042478
empirical,64,44.58847043063544
empirical,65,34.92214431869485
empirical,66,25.04578958376121
empirical,67,32.66372562155485
empirical,68,16.422129317520888
empirical,69,88.6445783114529
empirical,70,53.04660727062422
empirical,71,32.32799489342226
empirical,72,40.116403928932314
empirical,73,83.42507696132219
empirical,74,28.51014909593123
empirical,75,38.05866330179592
empirical,76,73.58152674615424
empirical,77,8.56795459814342
empirical,78,20.951557804349584
empirical,79,40.94014225908099
empirical,80,12.46403249208769
empirical,81,17.917029117054533
empirical,82,41.82843534456016
empirical,83,25.82403932928245
empirical,84,22.014582189136107
empirical,85,5.2987651308501835
empirical,86,22.59340504212387
empirical,87,32.34120540124413
empirical,88,44.615061349872164
empirical,89,7.714444087643125
empirical,90,32.13158654006524
empirical,91,58.04429068375477
empirical,92,80.09941764668278
empirical,93,25.04129852857221
empirical,94,9.438323607335441
empirical,95,22.84745767619423
empirical,96,102.78636125312633
empirical,97,29.224486755108458
empirical,98,134.25006493899298
empirical,99,23.77056716373694
empirical,100,107.84608025719592
empirical,101,25.7393109582593
empirical,102,13.127528421362715
empirical,103,33.75233614185939
empirical,104,117.98675070397461
empirical,105,22.648820564232693
empirical,106,46.20548215712351
empirical,107,23.070815017829123
empirical,108,13.747520939901959
empirical,109,173.37820798707435
empirical,110,28.861667333991342
empirical,111,10.520331884763982
empirical,112,93.03270764718083
empirical,113,53.47861643576491
empirical,114,24.9528894384884
empirical,115,32.15123265583287
empirical,116,49.48941857514521
empirical,117,14.385187002348978
empirical,118,10.978506208333899
empirical,119,13.313504181414253
empirical,120,19.029949506609615
empirical,121,0.0
empirical,122,45.044687494768816
empirical,123,124.43237887189106
empirical,124,40.59411667499935
empirical,125,11.864659982573018
empirical,126,18.27789065971944
empirical,127,44.25029839097222
empirical,128,29.46258665194785
empirical,129,45.61392045860743
empirical,130,43.541835183121236
empirical,131,16.335827123930457
empirical,132,71.84888118943005
empirical,133,48.164153159093814
empirical,134,23.14272382991362
empirical,135,29.48994204224051
empirical,136,31.396019897862022
empirical,137,60.333947861458704
empirical,138,37.924471277690444
empirical,139,26.896581128818934
empirical,140,116.18766402526983
empirical,141,52.7366571275755
empirical,142,49.01927862055145
empirical,143,26.60911853109711
empirical,144,29.503323627598036
empirical,145,15.246006047052356
empirical,146,55.00094004711821
empirical,147,13.662980643207316
empirical,148,35.33555900291509
empirical,149,24.963748999628947
empirical,150,42.49343477334439
empirical,151,40.376832208983956
empirical,152,19.20906790811199
empirical,153,33.61418360828262
empirical,154,5.229337929769933
empirical,155,43.16547211694701
empirical,156,75.41322710141093
empirical,157,18.595374058214013
empirical,158,32.633898034401554
empirical,159,27.538043983742764
empirical,160,25.096027049785683
empirical,161,210.02347489038237
empirical,162,63.27025803203385
empirical,163,25.353566656914694
empirical,164,9.438323607335441
empirical,165,31.457656485244158
empirical,166,66.09595234560665
empirical,167,79.74384484564631
empirical,168,14.37918232736256
empirical,169,7.853119676912579
empirical,170,93.59404043554763
empirical,171,17.510433067700156
empirical,172,4.04208312582216
empirical,173,22.064938581701192
empirical,174,21.32928391012981
empirical,175,23.24543565459993
empirical,176,29.23108022694239
empirical,177,52.61164551844558
empirical,178,63.83069316283597
empirical,179,46.79893955861133
empirical,180,54.9422723304959
empirical,181,17.989747879726714
empirical,182,26.33374209536547
empirical,183,33.50449602834727
empirical,184,15.602911276978016
empirical,185,52.65924954753949
empirical,186,22.15058585563871
empirical,187,4.295879940054407
empirical,188,28.49793730576226
empirical,189,28.0103914510498
empirical,190,37.481978846996306
empirical,191,49.726998190096865
empirical,192,70.83877962687721
empirical,193,28.97957299495108
empirical,194,65.83792558822906
empirical,195,43.86755645114798
empirical,196,54.29629922465085
empirical,197,62.88064491649187
empirical,198,7.200019461162331
empirical,199,2.117645581083474
empirical,200,21.076352574759134
empirical,201,34.77133162511295
empirical,202,28.40261247707437
empirical,203,32.041072324518346
empirical,204,9.046104482200601
empirical,205,29.55755256232569
empirical,206,27.64705145256248
empirical,207,37.38476349776902
empirical,208,36.54443266776687
empirical,209,69.76745435068602
empirical,210,87.75540454640705
empirical,211,28.137680951305743
empirical,212,67.56984998278983
empirical,213,2.117645581083474
empirical,214,34.39157408403818
empirical,215,83.6697216383157
empirical,216,85.60569057597817
empirical,217,12.696510907919738
empirical,218,46.91834260513808
empirical,219,54.12786520235885
empirical,220,53.625254527854615
empirical,221,8.364215512357134
empirical,222,22.50937355644436
empirical,223,12.56972728638773
empirical,224,25.120755152801127
empirical,225,38.31260611241314
empirical,226,7.37554377769517
empirical,227,23.34930042236703
empirical,228,44.83827977431606
empirical,229,7.217717345105499
empirical,230,18.34003438448664
empirical,231,35.807712675457495
empirical,232,32.95967882219386
empirical,233,72.60152340182961
empirical,234,37.42678508629639
empirical,235,54.58902911715827
empirical,236,51.37741800690891
empirical,237,0.0
empirical,238,86.89236640638636
empirical,239,24.100333047762277
empirical,240,74.62519553062717
empirical,241,7.379632364533473
empirical,242,31.743457908297138
empirical,243,41.31911031025582
empirical,244,15.706600933880633
empirical,245,34.40801339046178
empirical,246,54.12484054050337
empirical,247,34.079877929721356
empirical,248,32.099932718894905
empirical,249,79.8015226386618
empirical,250,158.36865989639026
empirical,251,59.74892670019847
empirical,252,15.995708954342573
empirical,253,45.62520096231232
empirical,254,11.962565237773294
empirical,255,15.71878585145639
empirical,256,38.97795034912733
empirical,257,98.93787156216685
empirical,258,12.318274080206725
empirical,259,20.50541599228112
empirical,260,25.66586517116854
empirical,261,18.46390616894289
empirical,262,38.08808459484029
empirical,263,26.58590510953688
empirical,264,6.514374131845283
empirical,265,25.155612312628737
empirical,266,9.770539663939982
empirical,267,0.0
empirical,268,0.0
empirical,269,35.54234546852416
empirical,270,40.901352538487295
empirical,271,60.03023558157028
empirical,272,70.3851824209952
empirical,273,20.974071929274047
empirical,274,13.197532127876567
empirical,275,49.04669438743303
empirical,276,20.187384689761764
empirical,277,88.89575891125553
empirical,278,22.393883272397414
empirical,279,22.76046287201764
empirical,280,27.362877805441425
empirical,281,33.814124795166464
empirical,282,47.3196262171774
empirical,283,58.710400013015295
empirical,284,9.920021679317628
empirical,285,5.419332653741056
empirical,286,54.83650688482922
empirical,287,19.007385373506857
empirical,288,26.157958845566927
empirical,289,36.82000901556739
empirical,290,43.65748858774099
empirical,291,23.991810476234235
empirical,292,30.569483599129722
empirical,293,26.846514988455286
empirical,294,12.687693336561875
empirical,295,68.51794389901114
empirical,296,30.799946335987087
empirical,297,29.336022962559632
empirical,298,32.73306402401157
empirical,299,34.93433727214423
empirical,300,18.12300980012515
empirical,301,65.39783779088302
empirical,302,41.069844170968125
empirical,303,24.81570510058863
empirical,304,25.012150245530762
empirical,305,37.661488279048626
empirical,306,58.19875319172812
empirical,307,7.460442711893745
empirical,308,11.542863606416487
empirical,309,6.725400952354537
empirical,310,75.06595311123124
empirical,311,115.45316590155566
empirical,312,65.83976164076739
empirical,313,5.2896183066574505
empirical,314,17.669889100377812
empirical,315,0.0
empirical,316,63.92759736133361
empirical,317,16.159322271492417
empirical,318,12.410458577963407
empirical,319,113.92588335555007
empirical,320,0.0
empirical,321,38.99630833047971
empirical,322,51.60471113789653
empirical,323,31.675803725463048
empirical,324,25.150618408928125
empirical,325,31.44513378920971
empirical,326,31.8871550411937
empirical,327,48.898836760896195
empirical,328,108.6613011155824
empirical,329,40.9459620193923
empirical,330,34.06688497056502
empirical,331,68.91941480176477
empirical,332,88.926299888939
empirical,333,56.38295308057576
empirical,334,51.49108906659153
empirical,335,51.0924757141838
empirical,336,23.222845123604095
empirical,337,64.85731192172013
empirical,338,61.86193702989207
empirical,339,13.65173556381627
empirical,340,41.2534602342399
empirical,341,20.53073373823043
empirical,342,76.3790165461537
empirical,343,71.16674828629269
empirical,344,5.229337929769933
empirical,345,27.414013507413486
empirical,346,41.32231995383618
empirical,347,27.596496263925474
empirical,348,19.673289819641514
empirical,349,53.132153280226404
empirical,350,27.743675337900637
empirical,351,77.7140898393612
empirical,352,2.9143644012641174
empirical,353,34.10029288350157
empirical,354,0.0
empirical,355,32.0276651847645
empirical,356,69.24592525286769
empirical,357,37.837010802135204
empirical,358,84.86088292408868
empirical,359,20.754436616348386
empirical,360,59.56291122168919
empirical,361,27.186582147967915
empirical,362,42.31295887844121
empirical,363,15.279957494419726
empirical,364,64.66132414952662
empirical,365,28.58263035557149
empirical,366,17.929883033583295
empirical,367,29.559016567107353
empirical,368,15.14168725508061
empirical,369,32.88146678472734
empirical,370,4.575658505274875
empirical,371,38.33836646481477
empirical,372,9.116940328850756
empirical,373,11.089793800639665
empirical,374,25.062621188118428
empirical,375,0.0
empirical,376,17.364465723850557
empirical,377,12.291886694981278
empirical,378,16.783538080249294
empirical,379,152.25960134361006
empirical,380,4.418594194898812
empirical,381,14.913239680882281
empirical,382,35.50630719868978
empirical,383,27.67839958383663
empirical,384,20.76151268132165
empirical,385,48.05607001103612
empirical,386,14.785075091711944
empirical,387,1.9510284956776276
empirical,388,14.936695848310004
empirical,389,12.615559275442944
empirical,390,26.794531137314053
empirical,391,53.4958838707456
empirical,392,49.81300387888338
empirical,393,92.722012297005
empirical,394,46.6643148572467
empirical,395,62.15408444825233
empirical,396,3.2290636986567964
empirical,397,21.94223310220705
empirical,398,26.74408616291011
empirical,399,41.10903007219272
empirical,400,46.61420277822944
empirical,401,82.4047391601682
empirical,402,60.652273645672445
empirical,403,30.723310534157463
empirical,404,35.97360773558673
empirical,405,81.05394651792494
empirical,406,112.78195242652217
empirical,407,39.754880945273065
empirical,408,39.27051662616503
empirical,409,42.46090940791242
empirical,410,13.623315361662623
empirical,411,7.4110462816715845
empirical,412,49.80444043937999
empirical,413,43.690424078003794
empirical,414,23.459873459671375
empirical,415,57.63400420237863
empirical,416,52.22437188046999
empirical,417,55.90304640084779
empirical,418,17.265316023668717
empirical,419,40.07432181421939
empirical,420,32.34249391198389
empirical,421,43.5831105606014
empirical,422,50.16279693371309
empirical,423,44.30569696996883
empirical,424,18.30641112920554
empirical,425,45.36268087570329
empirical,426,6.941564483119553
empirical,427,13.752765372340795
empirical,428,42.127899463986985
empirical,429,2.524241630437853
empirical,430,45.09464711143648
empirical,431,36.971768122635865
empirical,432,27.434908628515682
empirical,433,52.96820861401345
empirical,434,90.23040912952419
empirical,435,12.008787567601267
empirical,436,72.8467123170472
empirical,437,18.27044634225609
empirical,438,38.254976266481535
empirical,439,25.883057654765754
empirical,440,48.56954970573677
empirical,441,38.011496201046654
empirical,442,20.420041980104763
empirical,443,41.723188375650594
empirical,444,26.66516474203011
empirical,445,9.684091295579695
empirical,446,48.33684648024801
empirical,447,64.6466602065947
empirical,448,16.072136861675304
empirical,449,25.084781970394637
empirical,450,67.88403770744061
empirical,451,12.2177513616782
empirical,452,40.948144005431715
empirical,453,54.74844595669236
empirical,454,55.00138716414051
empirical,455,14.53442638461699
empirical,456,17.024696699880547
empirical,457,8.106916491144826
empirical,458,30.079242706225834
empirical,459,54.590606618459745
empirical,460,25.47055349160985
empirical,461,14.476078276167328
empirical,462,57.808016482691244
empirical,463,27.81803623846565
empirical,464,27.249523171897852
empirical,465,8.603252302940565
empirical,466,6.294514080163746
empirical,467,29.9228872855723
empirical,468,235.332140943813
empirical,469,27.95721910302264
empirical,470,16.037931224436175
empirical,471,43.670808817470885
empirical,472,32.96847885110326
empirical,473,23.033071658646197
empirical,474,45.4923952227869
empirical,475,17.614747593825033
empirical,476,40.00683954003218
empirical,477,17.20227897516882
empirical,478,37.784584616353875
empirical,479,25.842034583003034
empirical,480,49.76154538423814
empirical,481,31.98931114958657
empirical,482,43.65988204970283
empirical,483,70.66040438049959
empirical,484,56.03064203433068
empirical,485,32.309852055414524
empirical,486,22.179671947587376
empirical,487,38.76461881044464
empirical,488,7.934427459986176
empirical,489,19.818633552094724
empirical,490,4.295879940054407
empirical,491,16.471403113685888
empirical,492,115.05598388994909
empirical,493,20.629460797792106
empirical,494,51.303988968170785
empirical,495,36.9555669496597
empirical,496,39.02279662944994
empirical,497,46.88532896207545
empirical,498,51.78601116891244
empirical,499,37.778663267621425
empirical,500,55.41048428234439
empirical,501,43.15021131490673
empirical,502,37.55100219068877
empirical,503,12.135874233080923
empirical,504,2.4119594510180393
empirical,505,32.805778149707315
empirical,506,3.600009730581166
empirical,507,69.33349069300013
empirical,508,34.77850450352405
empirical,509,2.117645581083474
empirical,510,9.782551862831369
empirical,511,169.37856520146397
empirical,512,50.533263150764206
empirical,513,17.98281210206891
empirical,514,126.18655378942066
empirical,515,26.690882253164965
empirical,516,78.5484371371395
empirical,517,23.647821745090056
empirical,518,28.673915132533722
empirical,519,43.60598687129494
empirical,520,110.98779903369005
empirical,521,47.451166502305526
empirical,522,14.685562425782424
empirical,523,21.276525854922028
empirical,524,108.87633254852199
empirical,525,56.480248938471334
empirical,526,30.935870145415983
empirical,527,44.56788410829721
empirical,528,18.347228265529157
empirical,529,34.36092035315387
empirical,530,33.189686223316684
empirical,531,13.88567165067333
empirical,532,56.8462650725831
empirical,533,16.21197441951868
empirical,534,79.92783808086963
empirical,535,44.37536100009849
empirical,536,41.34502437594981
empirical,537,74.1682456651069
empirical,538,16.892044341864114
empirical,539,104.05034950878395
empirical,540,39.83467915407729
empirical,541,26.06513476618754
empirical,542,21.25017796626468
empirical,543,34.85864579478472
empirical,544,24.25318438833049
empirical,545,26.434370233959978
empirical,546,66.3770494037373
empirical,547,56.3984509876639
empirical,548,62.50653157347552
empirical,549,0.0
empirical,550,35.24124348455953
empirical,551,8.61449738233161
empirical,552,29.88763575277148
empirical,553,49.30506009115688
empirical,554,27.371270736368647
empirical,555,24.36675097864519
empirical,556,47.02740097449958
empirical,557,147.2490253846958
empirical,558,85.14434286382695
empirical,559,47.988007050802345
empirical,560,26.397464624048734
empirical,561,59.527316266359136
empirical,562,41.661561402389346
empirical,563,128.61902119635815
empirical,564,71.48327937351664
empirical,565,16.71191439018307
empirical,566,60.40205018042913
empirical,567,58.90638951996045
empirical,568,17.056232176198836
empirical,569,57.93296613781135
empirical,570,24.106667104401094
empirical,571,17.217749685272175
empirical,572,24.264924026290824
empirical,573,31.376055121883663
empirical,574,21.54761626788062
empirical,575,44.21718639066256
empirical,576,42.37590187971936
empirical,577,23.396521634842763
empirical,578,26.347650752393726
empirical,579,79.11597704017194
empirical,580,49.500821160443365
empirical,581,29.764655606395102
empirical,582,91.71008114861942
empirical,583,19.703477168383564
empirical,584,38.679826898902874
empirical,585,21.24879627824116
empirical,586,10.338101567533156
empirical,587,35.96864999323134
empirical,588,36.5650426474103
empirical,589,36.093806636080494
empirical,590,0.0
empirical,591,9.384666787250604
empirical,592,8.778110699481458
empirical,593,21.726003924654233
empirical,594,46.49892050321429
empirical,595,124.0637242027898
empirical,596,30.948909997342778
empirical,597,4.063429644322265
empirical,598,23.54823349472163
empirical,599,131.52833703961713
empirical,600,27.695895488293672
empirical,601,15.179452637233027
empirical,602,300.1734543240668
empirical,603,39.60257358575538
empirical,604,22.798019769720888
empirical,605,13.556350193465345
empirical,606,101.70789840368836
empirical,607,44.76541722826177
empirical,608,34.31416860615833
empirical,609,20.99269985667184
empirical,610,6.928458901117127
empirical,611,25.035044789737867
empirical,612,14.245274776528772
empirical,613,123.071904640307
empirical,614,29.54275631032214
empirical,615,55.26107751095138
empirical,616,24.336999980930855
empirical,617,22.98839570073038
empirical,618,24.306257069939917
empirical,619,24.186364938028547
empirical,620,17.108477974268972
empirical,621,62.6706327868759
empirical,622,68.40354128666687
empirical,623,52.95993911319391
empirical,624,34.61702436968008
empirical,625,22.20791112570219
empirical,626,33.3687477455175
empirical,627,72.53379603468814
empirical,628,28.64923272574455
empirical,629,30.543779905680385
empirical,630,83.03191034121497
empirical,631,17.0813122544792
empirical,632,6.181204294427411
empirical,633,19.611901867227644
empirical,634,27.165795952823764
empirical,635,32.418394723711764
empirical,636,38.69709128604188
empirical,637,14.507980150494149
empirical,638,22.203564792896756
empirical,639,34.818559478089604
empirical,640,27.169767901632717
empirical,641,41.03488848460434
empirical,642,71.68980328932501
empirical,643,58.49343513229898
empirical,644,28.510179241905725
empirical,645,17.077908784420387
empirical,646,52.64007465377297
empirical,647,35.45345711725081
empirical,648,131.0953939033805
empirical,649,62.11283598956072
empirical,650,19.87337107402916
empirical,651,18.808929308212658
empirical,652,45.30833435465294
empirical,653,52.767067294897544
empirical,654,3.83543984959298
empirical,655,32.931161715596794
empirical,656,13.19340013637191
empirical,657,22.923511549583345
empirical,658,42.146279855566455
empirical,659,16.344893768650238
empirical,660,172.0060067881961
empirical,661,57.39685135387995
empirical,662,14.437977393131382
empirical,663,45.75625248294528
empirical,664,40.5709152914983
empirical,665,47.52093949388519
empirical,666,102.76108108274053
empirical,667,44.19380877878749
empirical,668,34.72015972490716
empirical,669,56.95824230748786
empirical,670,30.204535675186634
empirical,671,16.02878791276862
empirical,672,19.26321141328068
empirical,673,76.8148869052292
empirical,674,67.62659891172648
empirical,675,28.32878325080322
empirical,676,42.59086006630976
empirical,677,53.738755962894004
empirical,678,36.43128665564952
empirical,679,20.218789073916
empirical,680,42.54492767483319
simulated,0,14.333895680526512
simulated,1,39.21324837042971
simulated,2,78.13192368791778
simulated,3,126.36280728869728
simulated,4,102.39372128726185
simulated,5,7.142406070009888
simulated,6,34.65218953227686
simulated,7,47.77945190518187
simulated,8,67.3307262265624
simulated,9,11.889257602491524
simulated,10,26.684511644728794
simulated,11,14.929385728142405
simulated,12,22.303075498815716
simulated,13,31.49853775441423
simulated,14,115.50587428334029
simulated,15,56.58415030301855
simulated,16,36.928373309638246
simulated,17,100.33481980762369
simulated,18,29.04291316352265
simulated,19,52.00981068330651
simulated,20,16.950008142847494
simulated,21,9.63731135390604
simulated,22,25.56651468971805
simulated,23,21.894216743432825
simulated,24,7.666364241818274
simulated,25,35.5296320685447
simulated,26,39.77254392566087
simulated,27,86.95344967018693
simulated,28,16.544951151285648
simulated,29,34.036555535135946
simulated,30,20.66433914087279
simulated,31,46.6264404702598
simulated,32,57.725510606852
simulated,33,29.04806802582894
simulated,34,42.841462958026526
simulated,35,21.90420166532178
simulated,36,44.24432266956722
simulated,37,151.56392073058467
simulated,38,38.644786491335
simulated,39,31.2707406403503
simulated,40,117.25515276201024
simulated,41,8.578382157238664
simulated,42,80.9155211046048
simulated,43,34.06034067586276
simulated,44,6.227604308689456
simulated,45,17.58061742620331
simulated,46,12.522834618629943
simulated,47,13.842762759722834
simulated,48,17.35930333814591
simulated,49,58.608197909012915
simulated,50,44.29378841162777
simulated,51,53.09616279530001
simulated,52,11.61255254046203
simulated,53,29.191492440571302
simulated,54,44.21092201962715
simulated,55,24.442439303623946
simulated,56,31.39159339828392
simulated,57,18.280826336175323
simulated,58,52.76118980211333
simulated,59,43.108436282963396
simulated,60,33.20268919683574
simulated,61,55.59224735019252
simulated,62,51.24451639157187
simulated,63,38.8787845786482
simulated,64,27.49280114813277
simulated,65,154.16905901293845
simulated,66,42.06289352716257
simulated,67,12.17189957604445
simulated,68,22.479757355819572
simulated,69,24.999286861699204
simulated,70,34.73958382969983
simulated,71,82.68714883107158
simulated,72,17.14259000462431
simulated,73,19.88334546712599
simulated,74,72.86010291973265
simulated,75,29.5300207027487
simulated,76,24.053525507118447
simulated,77,26.238874077871536
simulated,78,15.944944630924493
simulated,79,50.64303067724235
simulated,80,22.687653156912717
simulated,81,66.87512355113593
simulated,82,86.41098215341249
simulated,83,52.97118280300261
simulated,84,24.711689748337122
simulated,85,22.340853149652794
simulated,86,39.624514292058066
simulated,87,19.6307050814358
simulated,88,62.39151630455184
simulated,89,59.01068936297955
simulated,90,129.4619605045336
simulated,91,72.07430408906517
simulated,92,62.497325316580145
simulated,93,61.391660241631236
simulated,94,154.33548841699655
simulated,95,44.99267686208495
simulated,96,38.68546028259733
simulated,97,84.06541576912221
simulated,98,41.706132269739605
simulated,99,106.23708514151015
simulated,100,27.175458378044027
simulated,101,14.25026946933884
simulated,102,42.776392482132586
simulated,103,28.762527610179845
simulated,104,15.277143062865314
simulated,105,40.27408361272418
simulated,106,109.17145637321683
simulated,107,66.11400225715786
simulated,108,19.09103250677869
simulated,109,20.78838045724673
simulated,110,46.10074124781805
simulated,111,30.32862901134135
simulated,112,19.535963636027414
simulated,113,50.091470215117624
simulated,114,3.1440734787138007
simulated,115,47.08704228924831
simulated,116,88.08035747149798
simulated,117,19.960317834012134
simulated,118,47.857352415604026
simulated,119,92.83192914472953
simulated,120,76.42620967556809
simulated,121,17.815003374149303
simulated,122,15.189864425190015
simulated,123,9.530826837689578
simulated,124,78.07885557015305
simulated,125,23.156796227617214
simulated,126,49.623446103903376
simulated,127,23.71002907788182
simulated,128,26.433825096002764
simulated,129,21.367731383723257
simulated,130,32.26548029463261
simulated,131,2.83158999671776
simulated,132,4.471248738215336
simulated,133,34.77835444396605
simulated,134,19.260925702083625
simulated,135,26.86390288353566
simulated,136,20.19775805270295
simulated,137,34.432403306832
simulated,138,40.29741181248557
simulated,139,43.58225983452872
simulated,140,10.038203979598403
simulated,141,71.98223068144995
simulated,142,19.63120752001231
simulated,143,35.47123797733515
simulated,144,35.128635734867885
simulated,145,21.34217142785911
simulated,146,38.71835224702319
simulated,147,67.27604095766351
simulated,148,31.16644686837161
simulated,149,6.053184894388302
simulated,150,177.4115556223987
simulated,151,40.31690801640607
simulated,152,20.32222181719133
simulated,153,8.767561096451123
simulated,154,141.25297269370503
simulated,155,51.04172361075198
simulated,156,12.445441696158127
simulated,157,30.736760937278582
simulated,158,14.007311994362206
simulated,159,9.514683810767695
simulated,160,47.654815714394225
simulated,161,25.632175946467143
simulated,162,27.222142107921023
simulated,163,55.3217028717737
simulated,164,12.123154346611297
simulated,165,23.19790134121297
simulated,166,22.732214345025536
simulated,167,15.130562052105066
simulated,168,9.481851070034246
simulated,169,40.692102982077074
simulated,170,27.95927097653309
simulated,171,23.060729586397585
simulated,172,26.567309760383253
simulated,173,34.13707269882089
simulated,174,74.12385901050686
simulated,175,76.78157194869192
simulated,176,9.872583507447876
simulated,177,29.07399862611451
simulated,178,60.705394369190486
simulated,179,12.541558106344045
simulated,180,11.226379942330457
simulated,181,27.487381380366177
simulated,182,79.06258088868272
simulated,183,77.40033019790091
simulated,184,119.912515033385
simulated,185,13.720945653057049
simulated,186,30.888396514396298
simulated,187,7.843012157909705
simulated,188,41.01835379082277
simulated,189,17.143655573097448
simulated,190,32.263747265606966
simulated,191,28.79659657937646
simulated,192,21.15467715922695
simulated,193,33.20235151587269
simulated,194,70.8685312161677
simulated,195,51.6694945748768
simulated,196,45.33765894607477
simulated,197,29.494135182978972
simulated,198,54.51317829257954
simulated,199,40.8257851600662
simulated,200,24.23433874732058
simulated,201,42.860747160732714
simulated,202,17.338820106064958
simulated,203,69.9451381875553
simulated,204,34.63976587201489
simulated,205,50.34203448353199
simulated,206,36.7416192685693
simulated,207,41.227706083378486
simulated,208,25.403053239282396
simulated,209,44.12649710930327
simulated,210,25.027817000602642
simulated,211,39.58494886213044
simulated,212,54.18359226370556
simulated,213,17.54998443056713
simulated,214,55.95931924309689
simulated,215,112.26692110346232
simulated,216,18.09553280013582
simulated,217,16.978725821465527
simulated,218,8.00427021890697
simulated,219,23.032617040614348
simulated,220,36.922504082435054
simulated,221,30.113759109988933
simulated,222,38.86015784465279
simulated,223,12.162675644194103
simulated,224,18.505924146272935
simulated,225,14.303583940159092
simulated,226,276.3899699602244
simulated,227,46.294121643291504
simulated,228,41.41546430324153
simulated,229,64.66516125667803
simulated,230,180.774772264906
simulated,231,23.937303971698825
simulated,232,20.780304301736773
simulated,233,8.556302843909876
simulated,234,75.11974396454536
simulated,235,56.24179823671162
simulated,236,25.936436234797597
simulated,237,15.708998927121907
simulated,238,28.6382628456108
simulated,239,17.60555423174639
simulated,240,58.78130016455324
simulated,241,49.64491230054102
simulated,242,19.710784924264864
simulated,243,52.990890296179955
simulated,244,14.357132849116228
simulated,245,50.33563696808375
simulated,246,17.904966009053307
simulated,247,36.605812882179315
simulated,248,8.596700926029373
simulated,249,4.685626383141259
simulated,250,75.34497438352363
simulated,251,7.516996450313067
simulated,252,166.7671491076252
simulated,253,35.55915726493842
simulated,254,5.89007835556567
simulated,255,33.17585797797777
simulated,256,98.869594724808
simulated,257,16.446497393535008
simulated,258,36.61249731336778
simulated,259,79.48433428899457
simulated,260,7.7763652289461875
simulated,261,86.03982762742099
simulated,262,24.63248428448877
simulated,263,23.35276935550328
simulated,264,46.14799033145537
simulated,265,22.385721583661677
simulated,266,20.295465596988674
simulated,267,64.26774860456354
simulated,268,27.79116509162476
simulated,269,49.16595152577533
simulated,270,55.12045969677307
simulated,271,45.3054812701194
simulated,272,14.85042563462201
simulated,273,33.51094052386436
simulated,274,67.17366321725646
simulated,275,18.66178451033643
simulated,276,78.15427558317442
simulated,277,12.165371541854409
simulated,278,25.026274799006185
simulated,279,84.60702246821356
simulated,280,32.119713340860905
simulated,281,20.007966687791534
simulated,282,30.922448475837545
simulated,283,70.34854447404913
simulated,284,15.005331962102101
simulated,285,31.780101853653647
simulated,286,24.55570577956407
simulated,287,50.24953019857815
simulated,288,15.533655692052807
simulated,289,23.743679852190812
simulated,290,11.23495125864519
simulated,291,34.94566471186442
simulated,292,36.51537251535176
simulated,293,115.36216375712247
simulated,294,81.80075499243779
simulated,295,29.27629244057036
simulated,296,20.94903317339305
simulated,297,54.60637086752545
simulated,298,31.232619616080893
simulated,299,42.377876501378644
simulated,300,61.921788589455694
simulated,301,54.51317338943677
simulated,302,59.051188099000626
simulated,303,26.823747967330412
simulated,304,103.79046108809722
simulated,305,37.793473294439764
simulated,306,52.400210851294474
simulated,307,58.15991669653575
simulated,308,26.87260140907676
simulated,309,16.14329759740123
simulated,310,15.846024343103824
simulated,311,81.39098235520312
simulated,312,62.67958553886094
simulated,313,28.30569433871713
simulated,314,27.881782890805773
simulated,315,44.05085728162048
simulated,316,101.46183616139331
simulated,317,36.89710750388596
simulated,318,37.57194877433653
simulated,319,63.13976355298757
simulated,320,227.62371036402942
simulated,321,49.57127447736568
simulated,322,9.954533500180222
simulated,323,14.507855825782158
simulated,324,31.86889821638473
simulated,325,39.113222626143795
simulated,326,21.778099804998465
simulated,327,50.75537190662991
simulated,328,14.133362028164457
simulated,329,16.419188539805095
simulated,330,18.983991103678562
simulated,331,29.34317029174554
simulated,332,39.873114861063854
simulated,333,19.258573006869064
simulated,334,40.01460003796842
simulated,335,21.125607210784572
simulated,336,79.19043545258336
simulated,337,26.456416535419603
simulated,338,59.4921697221702
simulated,339,14.978692370942538
simulated,340,21.802295553950863
simulated,341,37.050245669828826
simulated,342,50.104356948894534
simulated,343,110.13478622193198
simulated,344,76.68425738927614
simulated,345,17.76217188566497
simulated,346,15.058975859422713
simulated,347,16.366951355711947
simulated,348,10.493154183083508
simulated,349,20.189166072879708
simulated,350,13.021774604972428
simulated,351,42.19308059192517
simulated,352,37.663652819637186
simulated,353,31.25062916642223
simulated,354,62.588084236601254
simulated,355,88.71620443809087
simulated,356,63.69921064359611
simulated,357,56.14096082099461
simulated,358,24.593916090676753
simulated,359,32.52532554102437
simulated,360,21.000983530962866
simulated,361,50.33014214686602
simulated,362,6.26713441688837
simulated,363,14.004474413826543
simulated,364,23.886318077129886
simulated,365,32.57134788918445
simulated,366,9.537532589918854
simulated,367,63.06392100079975
simulated,368,93.02340848320033
simulated,369,163.91015672098035
simulated,370,35.68638376800921
simulated,371,52.17600833194833
simulated,372,117.59804341343488
simulated,373,27.868889391888345
simulated,374,40.28482157046014
simulated,375,25.747919623771576
simulated,376,42.76326678180422
simulated,377,16.522329994559037
simulated,378,33.80940136200152
simulated,379,18.244657955328588
simulated,380,18.173759744510267
simulated,381,30.119068598259883
simulated,382,56.123299806864686
simulated,383,110.44648364946619
simulated,384,19.246694108117836
simulated,385,22.43761645105741
simulated,386,26.941051045646933
simulated,387,38.928081970213135
simulated,388,30.946553369819547
simulated,389,18.758379818450734
simulated,390,45.45442750125827
simulated,391,21.013628197493183
simulated,392,31.74721368571101
simulated,393,28.955226916766456
simulated,394,12.24924527588022
simulated,395,36.973962901908834
simulated,396,19.528995885584333
simulated,397,32.605392133552584
simulated,398,25.78869058909695
simulated,399,23.231039518977283
simulated,400,19.063748831605928
simulated,401,142.5057350956434
simulated,402,12.21826484411846
simulated,403,31.73144821868036
simulated,404,21.68082708179671
simulated,405,113.27066401162138
simulated,406,52.20641677292636
simulated,407,26.137040620913876
simulated,408,28.154731760067634
simulated,409,28.601352658897824
simulated,410,21.713229599157607
simulated,411,57.93655538008899
simulated,412,18.426417347042285
simulated,413,114.64339748794772
simulated,414,28.122228706311695
simulated,415,45.57013147457149
simulated,416,33.60144599411669
simulated,417,9.496193717060066
simulated,418,48.682283547843625
simulated,419,12.456343271018985
simulated,420,20.86816393139836
simulated,421,63.99605858501347
simulated,422,97.63123388060353
simulated,423,108.55168996811508
simulated,424,17.88966034990156
simulated,425,32.18833034531025
simulated,426,21.128561000392494
simulated,427,17.60485774442862
simulated,428,9.881048199413557
simulated,429,46.79507207207436
simulated,430,23.009275257641193
simulated,431,21.14224315114585
simulated,432,37.480033504455236
simulated,433,18.87051157222788
simulated,434,18.14685429534984
simulated,435,98.8701907105029
simulated,436,80.91879128358481
simulated,437,41.303588027282856
simulated,438,41.407660551335816
simulated,439,32.04037401165555
simulated,440,31.665225601975934
simulated,441,76.44316148831722
simulated,442,50.38543190764578
simulated,443,40.827278986192134
simulated,444,31.163608090262727
simulated,445,100.33573507703322
simulated,446,33.263379565710736
simulated,447,26.365370459787126
simulated,448,12.503533138493385
simulated,449,13.34025240909937
simulated,450,81.88458328118617
simulated,451,62.31799664382091
simulated,452,42.869474442545325
simulated,453,55.838640657059
simulated,454,33.64437534500153
simulated,455,24.337671403149045
simulated,456,95.32317530881286
simulated,457,84.44184656908614
simulated,458,60.803662520099124
simulated,459,20.30829047738458
simulated,460,18.633243461513334
simulated,461,34.64855123118041
simulated,462,55.54204716442369
simulated,463,75.73174843833131
simulated,464,76.03970278047221
simulated,465,11.948837398078574
simulated,466,22.253767354945218
simulated,467,130.31873178296735
simulated,468,56.17910641950889
simulated,469,35.57265387420244
simulated,470,23.126986496888122
simulated,471,91.17935499747989
simulated,472,74.91141721977003
simulated,473,95.10437101004551
simulated,474,8.419913920402973
simulated,475,60.5665794553702
simulated,476,70.68782436598845
simulated,477,12.156144035278924
simulated,478,11.93095117143737
simulated,479,47.295126209279054
simulated,480,29.421720446481288
simulated,481,16.9946551358965
simulated,482,22.96140260756462
simulated,483,15.972927062412339
simulated,484,243.46082734386613
simulated,485,34.79643514011655
simulated,486,14.488184363213124
simulated,487,10.56217397752425
simulated,488,16.955858670348714
simulated,489,24.76021900731014
simulated,490,33.78916653537537
simulated,491,24.982097802462004
simulated,492,74.77163295592052
simulated,493,67.33987221974687
simulated,494,40.462340896781704
simulated,495,30.135371779433907
simulated,496,114.01821209989112
simulated,497,22.913849577369785
simulated,498,56.79552260436038
simulated,499,24.729634709638237
simulated,500,187.66780365124342
simulated,501,9.96468842989018
simulated,502,48.436576259052345
simulated,503,16.53665289585677
simulated,504,34.47423367874471
simulated,505,16.777273677838174
simulated,506,133.41131496090082
simulated,507,30.834811295144014
simulated,508,35.41036662085606
simulated,509,20.05599857180219
simulated,510,6.115447979741867
simulated,511,13.050339690485329
simulated,512,22.73359459118704
simulated,513,57.62690981407198
simulated,514,25.791722205624307
simulated,515,34.60986920131416
simulated,516,12.799618227275644
simulated,517,36.04102257841414
simulated,518,12.67675598568157
simulated,519,46.59348545177489
simulated,520,10.04594963219856
simulated,521,27.201968219325785
simulated,522,24.609204594187826
simulated,523,39.42673404487374
simulated,524,28.092883300212762
simulated,525,19.635672082624897
simulated,526,68.17758003696385
simulated,527,41.61840443830447
simulated,528,69.94577343794148
simulated,529,91.17465667645445
simulated,530,51.087773850716545
simulated,531,12.762626013765455
simulated,532,27.21387302004498
simulated,533,67.88412230246641
simulated,534,22.545932509449745
simulated,535,61.507467909805456
simulated,536,57.01867698867903
simulated,537,36.56968434140311
simulated,538,34.58389563644982
simulated,539,34.78104832916273
simulated,540,22.990794305594303
simulated,541,55.94012948531871
simulated,542,16.76109151345243
simulated,543,5.374748484037099
simulated,544,137.69629221551455
simulated,545,60.33030242148867
simulated,546,24.25206487970842
simulated,547,17.104852258275354
simulated,548,4.2525384755933535
simulated,549,14.33027143571238
simulated,550,39.279652630356864
simulated,551,220.81078583554293
simulated,552,20.392881169462843
simulated,553,34.729329773333546
simulated,554,39.343182991294334
simulated,555,238.08029272904707
simulated,556,33.956268201572264
simulated,557,34.599898997996775
simulated,558,48.44790991933863
simulated,559,12.732076666954285
simulated,560,26.331052953018283
simulated,561,3.3015980062987538
simulated,562,27.193988507265214
simulated,563,20.727986945507407
simulated,564,25.72274227795166
simulated,565,48.125212876364074
simulated,566,61.5645271424074
simulated,567,28.112902635892258
simulated,568,20.304699568276785
simulated,569,26.729482684992398
simulated,570,50.750271200582475
simulated,571,13.538154709298585
simulated,572,131.9005628335476
simulated,573,20.478289034004945
simulated,574,36.422311431513535
simulated,575,20.435077214086192
simulated,576,80.75200529844318
simulated,577,20.088896781195572
simulated,578,78.67946170737021
simulated,579,88.93859598354742
simulated,580,32.419500631234555
simulated,581,33.57162288273794
simulated,582,191.5600824796479
simulated,583,213.3345096853093
simulated,584,14.644014748306832
simulated,585,22.313018769611773
simulated,586,63.24641489841805
simulated,587,91.9486844203372
simulated,588,161.9314588278124
simulated,589,78.29177680595058
simulated,590,23.718990076722285
simulated,591,13.421266091349336
simulated,592,20.712333064831668
simulated,593,42.76843740949144
simulated,594,66.39332007290845
simulated,595,7.699904803435615
simulated,596,57.9338175815172
simulated,597,84.23506836832738
simulated,598,52.6439811929993
simulated,599,10.59534628196035
simulated,600,57.103831937533556
simulated,601,18.926478711677003
simulated,602,30.740691431478645
simulated,603,12.620721533647789
simulated,604,32.539843473511354
simulated,605,12.357537818347218
simulated,606,10.68084507642926
simulated,607,853.6028187605582
simulated,608,33.82634852850616
simulated,609,29.56692157994824
simulated,610,82.58948193424504
simulated,611,221.57254594239876
simulated,612,37.266118142563904
simulated,613,12.155170746847947
simulated,614,30.420180865792247
simulated,615,78.40679566538209
simulated,616,12.944359915788265
simulated,617,26.55898800975988
simulated,618,32.50915546112718
simulated,619,25.844023257939767
simulated,620,19.22834680696036
simulated,621,87.80666174991691
simulated,622,20.350062172368393
simulated,623,24.998140782295454
simulated,624,17.369802658441532
simulated,625,28.237943859688624
simulated,626,23.28259142612317
simulated,627,102.01088105773508
simulated,628,24.743410315421556
simulated,629,56.37765708951206
simulated,630,12.876882608293062
simulated,631,39.595658224830174
simulated,632,40.48399013254179
simulated,633,16.494720909867038
simulated,634,51.298553154833236
simulated,635,14.80705372339027
simulated,636,20.558458706158035
simulated,637,36.966773152333005
simulated,638,53.96964678307009
simulated,639,47.10477782807822
simulated,640,80.98421508062283
simulated,641,57.469218366827704
simulated,642,36.91743403513658
simulated,643,40.87631170019277
simulated,644,42.539284835951335
simulated,645,15.143757027156667
simulated,646,6.643367189460099
simulated,647,22.38832975639683
simulated,648,29.7420297943141
simulated,649,35.46588534323294
simulated,650,32.89449273281828
simulated,651,16.9000323084542
simulated,652,63.666737918870794
simulated,653,19.070428593416853
simulated,654,32.812703389367606
simulated,655,56.68005159692652
simulated,656,22.12737175119172
simulated,657,77.71444978472206
simulated,658,57.68833559748204
simulated,659,14.57685561022032
simulated,660,41.55008123522022
simulated,661,17.24286247767803
simulated,662,29.966009041787807
simulated,663,35.89602620326732
simulated,664,27.86441932456089
simulated,665,16.579192667855004
simulated,666,54.587022286448196
simulated,667,48.39419386100346
simulated,668,16.180255596836307
simulated,669,39.36205995987515
simulated,670,7.664042077479384
simulated,671,17.155869463078183
simulated,672,69.5314444159599
simulated,673,61.31303185236679
simulated,674,26.297762694418587
simulated,675,9.954015370922097
simulated,676,46.355697080714606
simulated,677,13.723482719802279
simulated,678,80.58284726857494
simulated,679,38.881169189409974
simulated,680,105.17635916512293
simulated,681,54.290046458150556
simulated,682,30.72722806429829
simulated,683,55.24588105527084
simulated,684,22.484579706051594
simulated,685,16.421888610055227
simulated,686,78.09242164980536
simulated,687,21.43505222928711
simulated,688,56.17171291192036
simulated,689,7.451977368579303
simulated,690,22.4283305906233
simulated,691,23.352326487477136
simulated,692,23.24165304913283
simulated,693,49.706128623503346
simulated,694,10.139884969847682
simulated,695,31.343158510983802
simulated,696,33.77414022225244
simulated,697,28.904045032526362
simulated,698,15.620954330340599
simulated,699,23.246776116472198
simulated,700,38.59358001299334
simulated,701,21.390763360297743
simulated,702,23.996000134489048
simulated,703,17.117042561253136
simulated,704,29.343617350276435
simulated,705,20.499260359300884
simulated,706,51.16247488745296
simulated,707,40.14898714374957
simulated,708,40.16897177816765
simulated,709,90.31451944015471
simulated,710,24.08543730197634
simulated,711,16.125209713949175
simulated,712,9.723898647961256
simulated,713,30.134174590977604
simulated,714,38.32682821523644
simulated,715,47.28828927916963
simulated,716,8.362189696220476
simulated,717,21.82914333274091
simulated,718,23.402315418164626
simulated,719,13.176764292513514
simulated,720,34.5014052966174
simulated,721,39.12113584599507
simulated,722,51.78103973311112
simulated,723,13.014524660188995
simulated,724,31.590758605278353
simulated,725,30.32643292337387
simulated,726,31.655013102828754
simulated,727,11.68050210147116
simulated,728,67.78176022595018
simulated,729,17.17036880615235
simulated,730,20.73458797842932
simulated,731,20.075257397391905
simulated,732,73.35912145448273
simulated,733,21.041400105699935
simulated,734,93.41428900726972
simulated,735,34.12118236937535
simulated,736,146.9348700534338
simulated,737,20.770193663623143
simulated,738,7.194599086605207
simulated,739,80.20452397434643
simulated,740,32.51430924402578
simulated,741,46.09252563948989
simulated,742,7.783370880656387
simulated,743,14.380043325470275
simulated,744,12.315248875311868
simulated,745,25.223338872587668
simulated,746,29.528507800930818
simulated,747,31.80627335684772
simulated,748,31.33717967072424
simulated,749,40.35862513739413
simulated,750,99.28000740460891
simulated,751,40.63759953785011
simulated,752,20.477632754794357
simulated,753,42.61437841834899
simulated,754,69.29668572849111
simulated,755,29.130092255729846
simulated,756,16.751131979540453
simulated,757,13.636128116003785
simulated,758,28.91311534973279
simulated,759,16.973527719815902
simulated,760,58.163273475239514
simulated,761,19.855544698744236
simulated,762,131.08930024676195
simulated,763,24.31761373432907
simulated,764,8.525828171629987
simulated,765,44.58935926953143
simulated,766,65.03981879836486
simulated,767,27.788455011914298
simulated,768,12.860600935003037
simulated,769,60.46324209424755
simulated,770,48.5979702563684
simulated,771,45.96574074431257
simulated,772,28.68218137291504
simulated,773,51.67404979801267
simulated,774,60.00254774070576
simulated,775,66.43411564170478
simulated,776,54.76416495042288
simulated,777,9.681812752020107
simulated,778,30.54929262597678
simulated,779,15.412385606743733
simulated,780,55.79225460971827
simulated,781,33.16134967853074
simulated,782,8.287448859934647
simulated,783,21.755861055183075
simulated,784,82.42077668560015
simulated,785,17.25428078782504
simulated,786,20.89097651561135
simulated,787,25.81663541700936
simulated,788,45.144069408449525
simulated,789,24.81866325506225
simulated,790,102.89961584624979
simulated,791,28.310713154900913
simulated,792,41.08322972663351
simulated,793,161.9234607500528
simulated,794,34.516262293314185
simulated,795,12.829308871368948
simulated,796,23.64852572549428
simulated,797,35.65905446794796
simulated,798,19.406248964544794
simulated,799,84.74832422934776
simulated,800,39.830292272942536
simulated,801,17.691842175799906
simulated,802,39.29388043713432
simulated,803,14.72084039382024
simulated,804,34.25582654476427
simulated,805,8.981621667381788
simulated,806,71.10149226125515
simulated,807,32.108909300375224
simulated,808,45.625837683533824
simulated,809,21.90443023446332
simulated,810,81.62322883747427
simulated,811,16.35777280962259
simulated,812,19.485391628803374
simulated,813,59.978100420494
simulated,814,111.1054953474702
simulated,815,39.53026972356013
simulated,816,16.893274131944523
simulated,817,26.863706712892608
simulated,818,33.85847251524502
simulated,819,35.55833530354023
simulated,820,52.337933595178846
simulated,821,46.644570664308134
simulated,822,20.2317341626905
simulated,823,8.50352821278061
simulated,824,41.110959221925185
simulated,825,21.262543373417643
simulated,826,81.41146656890331
simulated,827,54.997323158572065
simulated,828,22.300924123974532
simulated,829,5.47019810186826
simulated,830,16.964628788106634
simulated,831,26.807275793426214
simulated,832,64.16201442920722
simulated,833,25.0030763379237
simulated,834,9.219872077192793
simulated,835,44.8934342485063
simulated,836,19.112436692709544
simulated,837,91.02351138892146
simulated,838,43.98635359932845
simulated,839,19.120831667147662
simulated,840,5.7345465883258955
simulated,841,45.29133498131959
simulated,842,104.46098682471487
simulated,843,8.639649586119663
simulated,844,6.3011578075529675
simulated,845,48.54277244798041
simulated,846,27.925013433116526
simulated,847,23.01885486761879
simulated,848,19.100578197837745
simulated,849,46.083826498965145
simulated,850,16.750085898460206
simulated,851,23.169010210569937
simulated,852,17.54372229879418
simulated,853,19.286783005395804
simulated,854,4.623042869645824
simulated,855,111.57571939637894
simulated,856,13.028280366505347
simulated,857,51.76115200683174
simulated,858,56.70290381217873
simulated,859,18.516553730482244
simulated,860,24.56345016247627
simulated,861,44.35379830919615
simulated,862,48.274260924870305
simulated,863,7.2627341559501986
simulated,864,45.09763715852823
simulated,865,11.468753667575617
simulated,866,41.96479701758134
simulated,867,22.151384722200692
simulated,868,24.736986247462557
simulated,869,92.5040652251047
simulated,870,35.627570655132665
simulated,871,40.15044987288934
simulated,872,73.15705217171265
simulated,873,45.38179080537146
simulated,874,43.81437770012432
simulated,875,99.89932448354601
simulated,876,44.88137773338391
simulated,877,23.054163418686574
simulated,878,28.54978168198247
simulated,879,66.81216139828813
simulated,880,18.0773629106378
simulated,881,54.1565254402859
simulated,882,70.51206194164658
simulated,883,20.623224836270584
simulated,884,33.04957195887158
simulated,885,24.505672523622785
simulated,886,72.87548232383061
simulated,887,43.992088455014695
simulated,888,10.712963380132273
simulated,889,27.838025245279027
simulated,890,25.8547382752298
simulated,891,15.803160878704162
simulated,892,28.22654093996457
simulated,893,252.60210085731057
simulated,894,14.86514699232821
simulated,895,20.492872161680104
simulated,896,11.207023149849874
simulated,897,84.76700447524635
simulated,898,41.299299866387614
simulated,899,215.1471624124108
simulated,900,69.6996133114955
simulated,901,37.26578525551133
simulated,902,52.38338993809582
simulated,903,21.415100710474853
simulated,904,37.257593515235115
simulated,905,13.876137699513036
simulated,906,37.253393937184455
simulated,907,58.80953971535392
simulated,908,74.45988473842084
simulated,909,11.87004378799076
simulated,910,19.74370818153328
simulated,911,32.35285760464703
simulated,912,33.48539882470134
simulated,913,26.96304475156099
simulated,914,81.60034097716262
simulated,915,45.95872578067393
simulated,916,22.656898853162467
simulated,917,17.396662306044508
simulated,918,38.054197483184836
simulated,919,35.141508894099964
simulated,920,53.42854518470253
simulated,921,48.603392063334084
simulated,922,88.08244640770431
simulated,923,53.969322884945825
simulated,924,24.144288062452915
simulated,925,38.277171312252136
simulated,926,19.04048385651177
simulated,927,37.10094777163927
simulated,928,28.088438851503135
simulated,929,33.278154953095004
simulated,930,31.371726243963522
simulated,931,19.860439570927106
simulated,932,83.14921801375283
simulated,933,18.964277986450774
simulated,934,18.57603672930401
simulated,935,41.01582501374564
simulated,936,52.110563781934445
simulated,937,30.970188284970256
simulated,938,41.23801932952687
simulated,939,29.757105893720023
simulated,940,14.677043116041714
simulated,941,131.86082402961708
simulated,942,53.89120637142547
simulated,943,39.3291045541524
simulated,944,56.90152072465058
simulated,945,27.005325554558475
simulated,946,24.984350745706333
simulated,947,32.50578817999718
simulated,948,40.05049618206216
simulated,949,32.171448234077715
simulated,950,37.72901270823623
simulated,951,16.42853981631565
simulated,952,15.706538511425848
simulated,953,30.912042977218633
simulated,954,26.313769378065537
simulated,955,44.65325203365492
simulated,956,12.474093132970713
simulated,957,39.568862402472924
simulated,958,4.909552723118122
simulated,959,60.3412196046677
simulated,960,77.37580827447944
simulated,961,78.56979681171943
simulated,962,25.594223566514838
simulated,963,20.71118572803522
simulated,964,10.664759289963175
simulated,965,83.32379608648495
simulated,966,85.7079036563617
simulated,967,74.33966256373473
simulated,968,27.5814130645244
simulated,969,29.83698001373664
simulated,970,42.203166612516796
simulated,971,25.66212212848778
simulated,972,34.85447074578538
simulated,973,170.55895526945704
simulated,974,69.23332996658863
simulated,975,19.658369999594548
simulated,976,45.05905065703552
simulated,977,16.840672533493187
simulated,978,154.40936440271597
simulated,979,8.227492008117721
simulated,980,42.99288801527947
simulated,981,34.37217149821017
simulated,982,27.98222917367779
simulated,983,93.19485074445049
simulated,984,74.93060792409312
simulated,985,33.38226385643017
simulated,986,135.28480702953135
simulated,987,16.118585855907476
simulated,988,18.12966198272768
simulated,989,188.76804666961394
simulated,990,23.103857631125628
simulated,991,76.02860661182402
simulated,992,41.625475304433714
simulated,993,449.4972422213277
simulated,994,17.035002228298556
simulated,995,74.28491365478595
simulated,996,30.897396983049696
simulated,997,13.461547333315407
simulated,998,50.83375781673399
simulated,999,84.26387798365107
simulated,1000,10.51564973154462
simulated,1001,44.587319262279884
simulated,1002,7.969670975175978
simulated,1003,23.87239925283594
simulated,1004,51.131269495490926
simulated,1005,26.800261932571512
simulated,1006,36.68689801515028
simulated,1007,50.92339225677034
simulated,1008,23.37645511065268
simulated,1009,9.220563071018663
simulated,1010,9.819140392671336
simulated,1011,5.5737656397731525
simulated,1012,50.89401449374665
simulated,1013,38.679566486861674
simulated,1014,11.271917746706935
simulated,1015,21.751060955035562
simulated,1016,12.47515266684253
simulated,1017,150.16651753828523
simulated,1018,66.6806233917863
simulated,1019,36.25706893310074
simulated,1020,13.954477045626351
simulated,1021,92.28387350701941
simulated,1022,17.224418933087296
simulated,1023,35.519441050528656
simulated,1024,38.760821919030285
simulated,1025,14.165030505272618
simulated,1026,36.5115928443791
simulated,1027,57.630433756618196
simulated,1028,15.765979951929634
simulated,1029,21.725570041386955
simulated,1030,64.53303554391488
simulated,1031,94.08658647319857
simulated,1032,21.491686311707785
simulated,1033,54.360235305560956
simulated,1034,25.930751837965097
simulated,1035,9.602425030123264
simulated,1036,27.59813974502938
simulated,1037,3.5034587282055725
simulated,1038,3.6839579509982614
simulated,1039,51.59302813460123
simulated,1040,46.2594025655622
simulated,1041,8.124603882100798
simulated,1042,11.006738859566784
simulated,1043,32.605841763761006
simulated,1044,20.93683846302345
simulated,1045,18.322445029563614
simulated,1046,31.065935757271035
simulated,1047,7.862419359596673
simulated,1048,7.91131097909347
simulated,1049,38.69124654647995
simulated,1050,20.02075513671269
simulated,1051,46.10450977294043
simulated,1052,59.688765499145646
simulated,1053,85.56871052572936
simulated,1054,112.06609674756012
simulated,1055,31.922576520496307
simulated,1056,47.3235203183942
simulated,1057,71.33383977756378
simulated,1058,47.916054195720264
simulated,1059,30.912337143243597
simulated,1060,77.67957623019211
simulated,1061,34.55638715767162
simulated,1062,71.08388371752639
simulated,1063,63.14005643230968
simulated,1064,96.04755066285324
simulated,1065,124.05383691872522
simulated,1066,45.49695030815105
simulated,1067,8.109044381846672
simulated,1068,34.0983208307913
simulated,1069,45.802463142215665
simulated,1070,34.8614803309852
simulated,1071,42.59768679196606
simulated,1072,79.9196939562315
simulated,1073,29.927303855817215
simulated,1074,34.696081556639726
simulated,1075,143.7767085220898
simulated,1076,88.39068715433167
simulated,1077,46.73757253804659
simulated,1078,19.93787716273009
simulated,1079,84.56591953012583
simulated,1080,24.489052951960264
simulated,1081,37.852344018739984
simulated,1082,68.41826618900511
simulated,1083,23.94730060948623
simulated,1084,21.184578063842903
simulated,1085,545.1831047407431
simulated,1086,6.088465240495164
simulated,1087,12.034506485721776
simulated,1088,7.834797126523778
simulated,1089,9.836612095087643
simulated,1090,38.70591579862766
simulated,1091,72.26741253797903
simulated,1092,18.465458085399813
simulated,1093,16.73089277203799
simulated,1094,28.417773700692063
simulated,1095,75.085898191447
simulated,1096,17.869022249991
simulated,1097,56.82890155251975
simulated,1098,74.04337916662031
simulated,1099,34.08311523991305
simulated,1100,19.003114238891097
simulated,1101,27.078278864105858
simulated,1102,10.596619854893422
simulated,1103,16.812096936730725
simulated,1104,204.45231541547173
simulated,1105,72.86533037918144
simulated,1106,61.2776016933217
simulated,1107,24.28045559519682
simulated,1108,26.78592306645546
simulated,1109,36.81232346195891
simulated,1110,10.407041358731293
simulated,1111,24.621113094214177
simulated,1112,22.207032393074712
simulated,1113,59.36234646774183
simulated,1114,22.54977035997427
simulated,1115,21.297314056811416
simulated,1116,37.817360498893066
simulated,1117,56.80484844849707
simulated,1118,11.212205585375125
simulated,1119,21.791664399769093
simulated,1120,76.51667224805098
simulated,1121,51.64590300634327
simulated,1122,64.30058996612381
simulated,1123,58.41116218818898
simulated,1124,13.521346516742842
simulated,1125,34.04910876068117
simulated,1126,20.19994872673302
simulated,1127,10.095817500086344
simulated,1128,35.10813207884877
simulated,1129,28.545925660941457
simulated,1130,26.42827452732838
simulated,1131,24.608554125936678
simulated,1132,72.13796244144713
simulated,1133,49.15225768257825
simulated,1134,102.07394832625897
simulated,1135,17.059378410996345
simulated,1136,58.28901802060153
simulated,1137,26.716312242140873
simulated,1138,32.978721208618545
simulated,1139,30.57451960271365
simulated,1140,53.03182943781009
simulated,1141,20.365309335158095
simulated,1142,45.97660919250599
simulated,1143,13.702413982309682
simulated,1144,45.848393175206695
simulated,1145,36.717530967896465
simulated,1146,15.894693303178942
simulated,1147,24.923715728009164
simulated,1148,26.232593535337337
simulated,1149,45.74748668633683
simulated,1150,15.406624420877648
simulated,1151,12.135781997420036
simulated,1152,22.355440216898955
simulated,1153,41.23257711874347
simulated,1154,41.381640717766544
simulated,1155,48.79305199584821
simulated,1156,67.31819571007337
simulated,1157,19.254549597693156
simulated,1158,48.6269777665173
simulated,1159,18.988256830363614
simulated,1160,73.06834296737861
simulated,1161,23.043196022546088
simulated,1162,29.811557794432854
simulated,1163,9.796309004387298
simulated,1164,16.117880535801532
simulated,1165,43.11149601291991
simulated,1166,30.003751285085407
simulated,1167,42.221863318515545
simulated,1168,31.73703716653012
simulated,1169,12.048700393957601
simulated,1170,170.76881516324218
simulated,1171,24.45937402485397
simulated,1172,53.47338485365534
simulated,1173,101.10228483930756
simulated,1174,21.53539880560148
simulated,1175,36.75636251190145
simulated,1176,8.563036929656732
simulated,1177,39.7149876355611
simulated,1178,30.002271116474596
simulated,1179,73.40430683036735
simulated,1180,54.170238263303816
simulated,1181,7.317234923513519
simulated,1182,33.6546918199808
simulated,1183,15.113593525298725
simulated,1184,51.35701058710298
simulated,1185,22.854119985960484
simulated,1186,25.632538194474133
simulated,1187,37.773764292170675
simulated,1188,54.247745874518884
simulated,1189,42.57015670859736
simulated,1190,63.41653167922912
simulated,1191,47.271834992236705
simulated,1192,38.44919216890479
simulated,1193,14.061426388837095
simulated,1194,41.938440212975806
simulated,1195,28.04037643352734
simulated,1196,52.180601146802395
simulated,1197,69.99183553186344
simulated,1198,61.75077643386916
simulated,1199,5.742407772833005
simulated,1200,17.834255407886353
simulated,1201,11.550231163654198
simulated,1202,27.749396139902675
simulated,1203,86.49859773549902
simulated,1204,23.75163553255242
simulated,1205,46.84278688087401
simulated,1206,17.328985355036153
simulated,1207,33.38703189319333
simulated,1208,20.48967005846985
simulated,1209,12.87144190971851
simulated,1210,10.36328388467039
simulated,1211,20.738631983682488
simulated,1212,94.36726177568399
simulated,1213,34.257137411818874
simulated,1214,22.329270721148017
simulated,1215,43.44906610689566
simulated,1216,37.51336047359583
simulated,1217,19.61115120932038
simulated,1218,31.39925262759258
simulated,1219,1.8221046941927561
simulated,1220,12.867996913537286
simulated,1221,33.4269959039532
simulated,1222,55.831917416695816
simulated,1223,7.437457595825494
simulated,1224,18.88285216915537
simulated,1225,11.591503261941476
simulated,1226,24.134303879199685
simulated,1227,23.629718233717817
simulated,1228,21.122171643611956
simulated,1229,8.30829723057328
simulated,1230,78.9499705617482
simulated,1231,53.90496422289194
simulated,1232,45.97463363513567
simulated,1233,2.468181124780285
simulated,1234,28.2831807751746
simulated,1235,38.95326713608078
simulated,1236,16.6572379451786
simulated,1237,115.435802026121
simulated,1238,42.052477970883956
simulated,1239,22.468780686012572
simulated,1240,6.7040762730929835
simulated,1241,4.78799259232444
simulated,1242,65.5414417139574
simulated,1243,49.88210548796546
simulated,1244,22.38788640232764
simulated,1245,7.186404243028482
simulated,1246,31.171097716576025
simulated,1247,16.123428109866577
simulated,1248,33.73819447441393
simulated,1249,24.866511299950062
simulated,1250,6.645284154733634
simulated,1251,40.167356907750786
simulated,1252,22.39391850406135
simulated,1253,20.817182488834245
simulated,1254,33.359987119911395
simulated,1255,19.136888917430486
simulated,1256,78.92495478035056
simulated,1257,25.269026701442684
simulated,1258,30.78599027894823
simulated,1259,51.51524114429159
simulated,1260,10.15763062061085
simulated,1261,36.83663082988349
simulated,1262,13.591580759764591
simulated,1263,67.99388071383852
simulated,1264,32.83670926688753
simulated,1265,36.34373047554765
simulated,1266,13.06139610886978
simulated,1267,65.94564148517324
simulated,1268,18.85173255148163
simulated,1269,83.50245836399785
simulated,1270,33.46192885731853
simulated,1271,53.715765546345004
simulated,1272,32.39766380749192
simulated,1273,72.74263991856897
simulated,1274,2.407600833159634
simulated,1275,20.371859530043448
simulated,1276,88.92706992219622
simulated,1277,37.58753190857453
simulated,1278,10.745752164039946
simulated,1279,15.630529157547791
simulated,1280,25.89635642710575
simulated,1281,13.56181118965498
simulated,1282,54.49927322140751
simulated,1283,5.410602483209384
simulated,1284,29.666563048390692
simulated,1285,10.54210936565351
simulated,1286,21.40661613045414
simulated,1287,36.41616797781271
simulated,1288,130.7527730143195
simulated,1289,34.996059898855066
simulated,1290,95.13870772348436
simulated,1291,34.29072928134675
simulated,1292,34.54818686689271
simulated,1293,84.12321300743801
simulated,1294,22.464277532208463
simulated,1295,58.15535788888987
simulated,1296,64.83752869197104
simulated,1297,81.52934540187988
simulated,1298,35.39218621217349
simulated,1299,26.874189156665977
simulated,1300,32.19560921045911
simulated,1301,6.095827728169412
simulated,1302,17.87422639454553
simulated,1303,22.159149908912095
simulated,1304,83.30209362529365
simulated,1305,40.464712646278336
simulated,1306,12.691191944490447
simulated,1307,49.07589689525178
simulated,1308,84.9220861589261
simulated,1309,22.175059416071917
simulated,1310,40.4127402668344
simulated,1311,71.04020296925786
simulated,1312,11.014445337444908
simulated,1313,38.53807584352523
simulated,1314,11.705213219773906
simulated,1315,22.626519313550343
simulated,1316,17.750157150711917
simulated,1317,73.35114057956221
simulated,1318,24.39148158814127
simulated,1319,55.57202784480384
simulated,1320,83.50306883772626
simulated,1321,22.667172547837197
simulated,1322,84.22074711920719
simulated,1323,24.113915194052048
simulated,1324,27.35901018418866
simulated,1325,27.261338997167545
simulated,1326,47.51882936504294
simulated,1327,16.751568305241832
simulated,1328,12.423786420198152
simulated,1329,7.56271554500708
simulated,1330,13.20134358147751
simulated,1331,39.16761061606025
simulated,1332,12.569456508408527
simulated,1333,16.273656568960185
simulated,1334,115.31084539992851
simulated,1335,26.508719613882974
simulated,1336,40.29727430925206
simulated,1337,3.3407702625231317
simulated,1338,25.360246222008996
simulated,1339,24.987977490105067
simulated,1340,23.698883437937905
simulated,1341,8.46500824832356
simulated,1342,50.97043910270407
simulated,1343,32.07636071354226
simulated,1344,44.14057729333027
simulated,1345,47.68953156013678
simulated,1346,27.885382408505844
simulated,1347,17.774637080726244
simulated,1348,25.86157694687372
simulated,1349,9.33357479356444
simulated,1350,22.844660935935668
simulated,1351,10.201004308718089
simulated,1352,70.52386577230894
simulated,1353,32.84900234406937
simulated,1354,27.184663101390935
simulated,1355,45.46621662924166
simulated,1356,6.05554850647167
simulated,1357,37.08866175096634
simulated,1358,58.240333691031616
simulated,1359,16.145789378874323
simulated,1360,21.864168331915998
simulated,1361,17.874610803288938
simulated,1362,22.99816805588234
simulated,1363,12.362638140801401
simulated,1364,50.76401128283233
simulated,1365,16.445747167892364
simulated,1366,33.268997325745765
simulated,1367,13.516192495130253
simulated,1368,31.661031653717856
simulated,1369,21.891887474595375
simulated,1370,32.86692161261408
simulated,1371,70.8225174899462
simulated,1372,6.4831084991504575
simulated,1373,71.58471275691619
simulated,1374,18.551254051151048
simulated,1375,38.26661287878921
simulated,1376,18.333325193734552
simulated,1377,54.27322763088898
simulated,1378,72.3482297349169
simulated,1379,8.87614449796224
simulated,1380,27.217974114116345
simulated,1381,20.797535215328665
simulated,1382,18.90799740112493
simulated,1383,76.55470265114464
simulated,1384,62.18922655130229
simulated,1385,45.22542202304523
simulated,1386,5.892261014224131
simulated,1387,10.391318123036829
simulated,1388,21.527771908602887
simulated,1389,162.27877617723524
simulated,1390,9.500626041372238
simulated,1391,42.28921036557806
simulated,1392,25.650179076060034
simulated,1393,57.95812448411485
simulated,1394,13.709860698677875
simulated,1395,53.06227150407187
simulated,1396,24.71576129672134
simulated,1397,37.77587655541231
simulated,1398,7.992028568058409
simulated,1399,18.580669048279592
simulated,1400,109.55719384748313
simulated,1401,31.3151646124918
simulated,1402,126.31815136478897
simulated,1403,25.555485812293036
simulated,1404,44.128474857440835
simulated,1405,56.3871277836749
simulated,1406,11.444202599397439
simulated,1407,23.537891061642263
simulated,1408,23.811653609334112
simulated,1409,58.30290222191251
simulated,1410,19.760154638153704
simulated,1411,62.68323344431742
simulated,1412,29.123802595166126
simulated,1413,29.959864440326438
simulated,1414,117.75068339023981
simulated,1415,10.351568295220833
simulated,1416,108.41537827507176
simulated,1417,24.71093869954419
simulated,1418,28.653336004092584
simulated,1419,43.49053595974568
simulated,1420,106.911502492987
simulated,1421,65.17285738816169
simulated,1422,71.32235127789646
simulated,1423,18.407425012056162
simulated,1424,36.14266057488447
simulated,1425,15.809407683257223
simulated,1426,30.392970855871834
simulated,1427,25.06086659324017
simulated,1428,55.6503138262627
simulated,1429,14.483571030893284
simulated,1430,43.4135280971936
simulated,1431,10.58848073822776
simulated,1432,78.85195459324615
simulated,1433,18.026224020633542
simulated,1434,27.981857093557274
simulated,1435,35.124203662349814
simulated,1436,48.33178770613635
simulated,1437,260.4759456131542
simulated,1438,42.68207686762647
simulated,1439,43.716432170077525
simulated,1440,25.79614861840539
simulated,1441,30.908220320739993
simulated,1442,167.86694669621266
simulated,1443,25.86455055667248
simulated,1444,3.716700508002474
simulated,1445,45.988548202190735
simulated,1446,169.7544147345205
simulated,1447,37.238328883463076
simulated,1448,2.2187188250475995
simulated,1449,64.5573494489421
simulated,1450,16.54493792378886
simulated,1451,13.03509064197721
simulated,1452,25.953999304250758
simulated,1453,18.390482288972475
simulated,1454,21.249620443279547
simulated,1455,35.32261901282681
simulated,1456,17.331397344411684
simulated,1457,20.114008480443232
simulated,1458,13.886513695482744
simulated,1459,8.276919190715162
simulated,1460,33.427127498248964
simulated,1461,48.833150282917615
simulated,1462,30.001585941626495
simulated,1463,163.6822593222833
simulated,1464,24.135247357191975
simulated,1465,26.97496385120436
simulated,1466,21.953665417893205
simulated,1467,8.409471909360322
simulated,1468,23.702945750846826
simulated,1469,61.184835406282346
simulated,1470,18.60800967670147
simulated,1471,39.25231932961983
simulated,1472,49.58676105979936
simulated,1473,28.844178711962076
simulated,1474,10.316504380619945
simulated,1475,38.17237198597303
simulated,1476,68.29369707765301
simulated,1477,82.21881422796982
simulated,1478,22.639570731886415
simulated,1479,52.50267789233171
simulated,1480,58.84778555365689
simulated,1481,73.22084967332951
simulated,1482,15.709307283589009
simulated,1483,82.4779049072931
simulated,1484,79.63580343538328
simulated,1485,19.14729784260872
simulated,1486,22.915865855697646
simulated,1487,186.7216686233901
simulated,1488,51.62562529417292
simulated,1489,15.180667276343247
simulated,1490,74.41104137098417
simulated,1491,27.97034824215382
simulated,1492,16.17307239768865
simulated,1493,26.980392214284862
simulated,1494,25.402026373808788
simulated,1495,79.73122667677538
simulated,1496,15.930500114523564
simulated,1497,14.575213374522656
simulated,1498,39.00654413578327
simulated,1499,7.305054667501253
simulated,1500,66.78050660556636
simulated,1501,28.00710761273662
simulated,1502,50.278527963837334
simulated,1503,17.946697328102534
simulated,1504,17.429367857562
simulated,1505,44.60118738137665
simulated,1506,39.89657502171803
simulated,1507,55.05842289351358
simulated,1508,71.33225053235773
simulated,1509,24.678296668476918
simulated,1510,22.5539211653107
simulated,1511,19.380742742368646
simulated,1512,72.86525015610947
simulated,1513,48.81969118232111
simulated,1514,19.335395824538317
simulated,1515,18.222678546141285
simulated,1516,29.60750230823669
simulated,1517,106.13064519936736
simulated,1518,38.68694067816441
simulated,1519,50.753595055375975
simulated,1520,22.157284787998407
simulated,1521,62.48649830972275
simulated,1522,15.181333797219473
simulated,1523,39.4141784390776
simulated,1524,40.26144544933504
simulated,1525,46.82657488399914
simulated,1526,25.667533190072362
simulated,1527,17.2211625632812
simulated,1528,10.775461882390513
simulated,1529,54.09929309835131
simulated,1530,35.32484385147687
simulated,1531,85.65131293458772
simulated,1532,46.69467650206538
simulated,1533,39.43935869122247
simulated,1534,67.56095365259826
simulated,1535,45.23741261380768
simulated,1536,26.567448505557536
simulated,1537,19.30778800380198
simulated,1538,58.18067088351565
simulated,1539,50.58510351928794
simulated,1540,125.58387037555059
simulated,1541,41.59106023337298
simulated,1542,19.626556233710204
simulated,1543,32.225697261160576
simulated,1544,81.59767152190865
simulated,1545,63.512542713303596
simulated,1546,8.29823909581885
simulated,1547,39.75281087314823
simulated,1548,25.596824969113545
simulated,1549,202.55868146740414
simulated,1550,20.991378454406295
simulated,1551,63.33507823283264
simulated,1552,48.2457537421086
simulated,1553,49.58718213419259
simulated,1554,30.021312397262566
simulated,1555,41.753047623168385
simulated,1556,54.62336527877769
simulated,1557,92.02354727934252
simulated,1558,58.643951061826805
simulated,1559,77.81548917004744
simulated,1560,41.4226519514614
simulated,1561,117.39594833121353
simulated,1562,26.321549711705902
simulated,1563,66.41352622914775
simulated,1564,56.09165492830654
simulated,1565,11.940700813188931
simulated,1566,35.81788724359811
simulated,1567,72.06616643651806
simulated,1568,15.829777971910989
simulated,1569,22.359466806972918
simulated,1570,22.33515246089298
simulated,1571,24.485823482341488
simulated,1572,35.06772713440374
simulated,1573,34.650009269084144
simulated,1574,18.71761902872085
simulated,1575,26.52384445958038
simulated,1576,99.61450285792662
simulated,1577,16.728566879386932
simulated,1578,19.369833188355166
simulated,1579,75.01474219739072
simulated,1580,32.51323766039508
simulated,1581,44.14000255345033
simulated,1582,145.4699832322725
simulated,1583,239.4575911559919
simulated,1584,150.00794653048493
simulated,1585,63.709287381174704
simulated,1586,36.08344688229961
simulated,1587,60.428120872015555
simulated,1588,33.51490456845381
simulated,1589,19.65361469900796
simulated,1590,29.302587092055276
simulated,1591,29.928732428544333
simulated,1592,19.437636988705734
simulated,1593,14.612033258552927
simulated,1594,13.602144749213009
simulated,1595,23.530203730885408
simulated,1596,63.43490328312818
simulated,1597,29.31358248679068
simulated,1598,99.7006651137662
simulated,1599,48.895633994569195
simulated,1600,24.901900742588168
simulated,1601,32.01859600820347
simulated,1602,35.17916634076633
simulated,1603,9.821117690358639
simulated,1604,7.080541883373735
simulated,1605,32.0166797606495
simulated,1606,65.7802124080764
simulated,1607,53.10762931219252
simulated,1608,65.88031085373864
simulated,1609,10.425172848701013
simulated,1610,12.715144595450068
simulated,1611,46.90947234345142
simulated,1612,21.449309752713926
simulated,1613,72.5127652359016
simulated,1614,12.626752795671964
simulated,1615,35.858959028440864
simulated,1616,7.629913077243466
simulated,1617,36.322383262342335
simulated,1618,25.410236584251642
simulated,1619,14.749678099657928
simulated,1620,29.805012791002135
simulated,1621,39.29863501162795
simulated,1622,71.76761133676078
simulated,1623,55.4360213404612
simulated,1624,23.74416147949302
simulated,1625,17.694109941122345
simulated,1626,126.79312549353415
simulated,1627,59.82771313256536
simulated,1628,12.881545251443708
simulated,1629,104.36366593890118
simulated,1630,16.35615450112958
simulated,1631,29.399475306547792
simulated,1632,6.18321184636556
simulated,1633,9.703471278376707
simulated,1634,44.690865458480914
simulated,1635,61.175224918841
simulated,1636,57.5702957691994
simulated,1637,37.41668980523948
simulated,1638,117.57653526462461
simulated,1639,11.577881939258894
simulated,1640,39.27777126271468
simulated,1641,133.55239755111634
simulated,1642,32.41893684585821
simulated,1643,33.745250809530596
simulated,1644,94.74864381145584
simulated,1645,75.6204647800045
simulated,1646,72.79246678452984
simulated,1647,51.65142528901579
simulated,1648,42.60082222177498
simulated,1649,35.366890082522204
simulated,1650,41.19268073544174
simulated,1651,14.886657466603788
simulated,1652,109.06558719757844
simulated,1653,16.145559746340762
simulated,1654,17.458157589957118
simulated,1655,20.163937737517838
simulated,1656,18.87928908125824
simulated,1657,21.020029944374194
simulated,1658,26.16886633587192
simulated,1659,20.471515205512112
simulated,1660,19.552437482267916
simulated,1661,9.100617975603967
simulated,1662,20.526649444314078
simulated,1663,84.94271796141732
simulated,1664,145.58638869145693
simulated,1665,8.580992403090288
simulated,1666,16.311725490795375
simulated,1667,28.588821118752705
simulated,1668,54.46488056902317
simulated,1669,38.85366982292321
simulated,1670,190.62700361336792
simulated,1671,30.940708632194244
simulated,1672,36.43288937064702
simulated,1673,14.905945275952593
simulated,1674,16.13192282334185
simulated,1675,46.54602735133379
simulated,1676,32.77349398351978
simulated,1677,22.279458460166428
simulated,1678,10.421446502430692
simulated,1679,33.1435197328318
simulated,1680,20.807038739051592
simulated,1681,40.47307251996643
simulated,1682,53.806340908901376
simulated,1683,63.431477264509496
simulated,1684,204.3101316486402
simulated,1685,27.737071220480733
simulated,1686,43.22557615698156
simulated,1687,53.0882890138853
simulated,1688,14.118724952529206
simulated,1689,78.81169403645606
simulated,1690,42.03167444164058
simulated,1691,43.103039819175535
simulated,1692,11.731711573971069
simulated,1693,23.010425562544892
simulated,1694,30.923672403412578
simulated,1695,21.352312274326817
simulated,1696,121.24291113206351
simulated,1697,44.882211544718075
simulated,1698,14.689990335887867
simulated,1699,46.924042257144
simulated,1700,24.885766935704947
simulated,1701,20.261806887850874
simulated,1702,23.250986004390953
simulated,1703,38.210181027071
simulated,1704,63.49824515670146
simulated,1705,15.579818183856242
simulated,1706,171.0274296177191
simulated,1707,11.446436021076847
simulated,1708,2.6276529439077136
simulated,1709,162.0840811816779
simulated,1710,38.67080683244226
simulated,1711,21.38537695283231
simulated,1712,85.00671263181621
simulated,1713,47.92278596060692
simulated,1714,75.0451173786891
simulated,1715,5.487333087128184
simulated,1716,16.104041295920194
simulated,1717,65.70744714473568
simulated,1718,15.793773995378867
simulated,1719,54.63857485125784
simulated,1720,66.01739931859143
simulated,1721,53.01406605095751
simulated,1722,84.57924236918126
simulated,1723,45.03329053680897
simulated,1724,13.16710075787368
simulated,1725,64.1151512214673
simulated,1726,50.64690296857928
simulated,1727,23.829187580444835
simulated,1728,136.98823884722643
simulated,1729,52.97178742998787
simulated,1730,20.909297585189563
simulated,1731,19.8586928392788
simulated,1732,90.30129615400729
simulated,1733,43.835374839014364
simulated,1734,36.51008339395552
simulated,1735,60.17611195540009
simulated,1736,56.5918249222396
simulated,1737,34.93367969315259
simulated,1738,11.336777104200106
simulated,1739,61.48533359939145
simulated,1740,53.975993928787105
simulated,1741,19.119142053398008
simulated,1742,29.868402942207
simulated,1743,49.31672903970503
simulated,1744,65.03872670705307
simulated,1745,57.846648513097776
simulated,1746,34.33457543372117
simulated,1747,40.959507269816434
simulated,1748,36.86948719669818
simulated,1749,30.85734995532343
simulated,1750,29.452370228118546
simulated,1751,17.496745554497096
simulated,1752,21.69694021757831
simulated,1753,87.85298400175027
simulated,1754,23.352887946826467
simulated,1755,12.470305712262764
simulated,1756,33.382093817450034
simulated,1757,53.05297036000046
simulated,1758,93.7607507867196
simulated,1759,74.64858261878321
simulated,1760,13.794304861117137
simulated,1761,30.319352852106004
simulated,1762,110.28984087572239
simulated,1763,59.071374821041275
simulated,1764,41.05832165331998
simulated,1765,54.808035343014225
simulated,1766,17.85818272446083
simulated,1767,19.320808254432126
simulated,1768,91.43465122626309
simulated,1769,79.10746569790174
simulated,1770,66.18119002152932
simulated,1771,37.45414631721955
simulated,1772,39.54263290063398
simulated,1773,37.41798055023627
simulated,1774,146.60750094662347
simulated,1775,34.158435603964236
simulated,1776,63.78378557809319
simulated,1777,38.004980627304604
simulated,1778,17.795464605815827
simulated,1779,116.06509887787607
simulated,1780,21.56905946937131
simulated,1781,50.502506261226465
simulated,1782,9.296401565711253
simulated,1783,16.78072234072824
simulated,1784,51.220510527763764
simulated,1785,31.265052698772724
simulated,1786,45.09878400537747
simulated,1787,15.210765796717155
simulated,1788,30.114932725178498
simulated,1789,39.360718877508226
simulated,1790,41.74586574576398
simulated,1791,21.30360882809465
simulated,1792,23.944938360994744
simulated,1793,52.013771059104954
simulated,1794,35.416255684826815
simulated,1795,85.8726014918485
simulated,1796,28.67806169557028
simulated,1797,24.38438766674472
simulated,1798,68.4879333844886
simulated,1799,71.01111376367129
simulated,1800,18.757379036640025
simulated,1801,16.534084811958145
simulated,1802,36.308022049157955
simulated,1803,111.75287301472673
simulated,1804,27.819741187855826
simulated,1805,104.90826067810758
simulated,1806,44.06388398378134
simulated,1807,26.62742944201898
simulated,1808,65.7726346424988
simulated,1809,14.270403898639405
simulated,1810,5.489507054731099
simulated,1811,177.78372860894422
simulated,1812,31.452099717536587
simulated,1813,9.744790941614458
simulated,1814,16.88109034650602
simulated,1815,26.402453664900193
simulated,1816,159.3840351928495
simulated,1817,38.621481665508625
simulated,1818,31.9560982518747
simulated,1819,31.340766060034465
simulated,1820,29.43348542597773
simulated,1821,65.157663845285
simulated,1822,12.711645822404613
simulated,1823,60.00342650298752
simulated,1824,53.85839476587812
simulated,1825,37.572838824450685
simulated,1826,58.1432392384418
simulated,1827,11.862273250246783
simulated,1828,10.5429675380988
simulated,1829,58.791515286292956
simulated,1830,7.15281181822422
simulated,1831,54.2001100961188
simulated,1832,9.153615744816122
simulated,1833,72.33460133147686
simulated,1834,40.53312986595939
simulated,1835,32.246360513948076
simulated,1836,40.5866810935254
simulated,1837,28.33415719083909
simulated,1838,58.950479303225414
simulated,1839,42.04133035343371
simulated,1840,21.846385086881067
simulated,1841,69.05965319157458
simulated,1842,47.468593520361495
simulated,1843,29.83117018550103
simulated,1844,16.19354411153678
simulated,1845,18.086267853318958
simulated,1846,22.418308769949384
simulated,1847,88.61855173246973
simulated,1848,38.8040212299186
simulated,1849,44.286237838718364
simulated,1850,20.149059566059055
simulated,1851,43.94786025747303
simulated,1852,29.327120487008706
simulated,1853,26.43106906112682
simulated,1854,12.751637778584621
simulated,1855,11.5208973263771
simulated,1856,43.097875559668566
simulated,1857,25.451458451103854
simulated,1858,35.08115493251415
simulated,1859,29.399145716483744
simulated,1860,35.61688846408948
simulated,1861,16.46630291843622
simulated,1862,59.27034835723511
simulated,1863,25.283589716759188
simulated,1864,30.007902692680673
simulated,1865,22.60790981684189
simulated,1866,16.92591906268479
simulated,1867,217.57347676088358
simulated,1868,49.976852886195324
simulated,1869,6.729040990337192
simulated,1870,75.59995553871143
simulated,1871,25.66165656049647
simulated,1872,20.829263153041747
simulated,1873,60.50418476536679
simulated,1874,27.64982001644881
simulated,1875,81.47015267008416
simulated,1876,11.426165896690744
simulated,1877,135.1307123238245
simulated,1878,20.50651251907133
simulated,1879,20.331568779406503
simulated,1880,59.34260127548471
simulated,1881,32.53529684912868
simulated,1882,11.247214103253828
simulated,1883,5.752762603577446
simulated,1884,33.89468293670277
simulated,1885,19.735444670969397
simulated,1886,24.713234156113657
simulated,1887,12.632027668810272
simulated,1888,41.525487490522146
simulated,1889,30.934221871797675
simulated,1890,13.799240615476863
simulated,1891,12.993711377928461
simulated,1892,22.19931214343008
simulated,1893,4.708900156979216
simulated,1894,17.643455772632567
simulated,1895,10.578837029538827
simulated,1896,72.28904656471892
simulated,1897,48.95656484516147
simulated,1898,4.283715520486764
simulated,1899,47.580573268569495
simulated,1900,16.752878800426227
simulated,1901,77.72592346928388
simulated,1902,37.44139057751869
simulated,1903,17.32811560969953
simulated,1904,60.22030455172137
simulated,1905,34.79481233992396
simulated,1906,51.697819530322754
simulated,1907,23.60950981829453
simulated,1908,26.01529739838027
simulated,1909,197.26270372753362
simulated,1910,16.00128569143714
simulated,1911,32.15007986402587
simulated,1912,38.86691238090944
simulated,1913,83.2618792875824
simulated,1914,12.278489903760242
simulated,1915,60.405989435727776
simulated,1916,44.298113642936165
simulated,1917,72.84343170545438
simulated,1918,22.461176717005955
simulated,1919,19.586157913590945
simulated,1920,12.934874749929886
simulated,1921,109.77911049705577
simulated,1922,14.083064387846544
simulated,1923,11.996536295420885
simulated,1924,81.39822888634957
simulated,1925,36.49857647993083
simulated,1926,3.758744419643944
simulated,1927,18.005918355391724
simulated,1928,44.37737047476921
simulated,1929,13.344903181500085
simulated,1930,63.21754606156206
simulated,1931,69.65170303398739
simulated,1932,63.371494081407654
simulated,1933,45.02329070715564
simulated,1934,17.128050899922584
simulated,1935,70.5490681130852
simulated,1936,64.51350866503321
simulated,1937,3.4923058124774173
simulated,1938,24.28546684320412
simulated,1939,46.925967216845656
simulated,1940,26.782093184978017
simulated,1941,34.01876046933218
simulated,1942,38.45312187258165
simulated,1943,21.781778629153436
simulated,1944,47.59578491775697
simulated,1945,54.608739531229446
simulated,1946,14.233445606111667
simulated,1947,26.402596557585476
simulated,1948,14.520476159192723
simulated,1949,17.179690942859242
simulated,1950,18.88303805565843
simulated,1951,63.57758064082385
simulated,1952,48.63909548331158
simulated,1953,38.09856248068454
simulated,1954,20.5446243969495
simulated,1955,36.30919451740322
simulated,1956,22.802079593306104
simulated,1957,52.904994798253504
simulated,1958,95.00364882503146
simulated,1959,32.140030064883916
simulated,1960,10.893263609822663
simulated,1961,20.8953169767856
simulated,1962,27.77736308768236
simulated,1963,42.17934200315777
simulated,1964,26.470121614911356
simulated,1965,40.25484105272469
simulated,1966,35.24161724028905
simulated,1967,4.171530121793415
simulated,1968,32.20444768079108
simulated,1969,33.47198462579474
simulated,1970,66.04242335999479
simulated,1971,72.10536731853298
simulated,1972,23.15231502568964
simulated,1973,56.48767269342518
simulated,1974,19.820984920609668
simulated,1975,8.359829404932626
simulated,1976,109.30865499632196
simulated,1977,22.014339126923467
simulated,1978,30.169632219908173
simulated,1979,11.811978620750304
simulated,1980,46.450672572219226
simulated,1981,23.879109419838834
simulated,1982,25.81197128998131
simulated,1983,86.31592041829009
simulated,1984,16.025295808697443
simulated,1985,43.00094448530015
simulated,1986,15.018806788843545
simulated,1987,59.19069811149643
simulated,1988,26.642174608579293
simulated,1989,11.528385606530207
simulated,1990,30.711161840495315
simulated,1991,18.010381128072282
simulated,1992,91.58198667173932
simulated,1993,10.705264153281687
simulated,1994,41.8162881011014
simulated,1995,100.01167143304623
simulated,1996,110.63601621616746
simulated,1997,10.589398953092058
simulated,1998,33.68043787000915
simulated,1999,25.226826949062715
simulated,2000,19.727805471482394
simulated,2001,18.54572380806856
simulated,2002,87.44495462678574
simulated,2003,69.979925576573
simulated,2004,66.12227061094245
simulated,2005,33.21427244438143
simulated,2006,23.628583616606306
simulated,2007,31.64433550417568
simulated,2008,19.65845796994072
simulated,2009,15.030605461315433
simulated,2010,54.97910556007024
simulated,2011,20.36615992762294
simulated,2012,14.691127041995042
simulated,2013,38.268551858690984
simulated,2014,45.797221009214034
simulated,2015,20.94406718237013
simulated,2016,39.50093244439231
simulated,2017,6.7936373301898865
simulated,2018,263.06690378462014
simulated,2019,14.283433495174187
simulated,2020,17.529164295590583
simulated,2021,10.273416730865153
simulated,2022,57.508203507204804
simulated,2023,58.62235099267652
simulated,2024,68.68218646102575
simulated,2025,25.82502293866338
simulated,2026,18.966489134567503
simulated,2027,114.04908529173494
simulated,2028,20.94100656426216
simulated,2029,39.38089148110448
simulated,2030,78.91797697265616
simulated,2031,12.917910009656278
simulated,2032,51.27695849757568
simulated,2033,69.3592430885367
simulated,2034,12.470504333826185
simulated,2035,33.3987823008886
simulated,2036,101.4428252440979
simulated,2037,42.09055928616218
simulated,2038,89.66917590955735
simulated,2039,17.080963907810613
simulated,2040,2.418868605131891
simulated,2041,123.06347852958123
simulated,2042,32.69925644695462
simulated,2043,33.4873621833682
simulated,2044,66.48788587561393
simulated,2045,15.311159126504979
simulated,2046,5.9590597253428
simulated,2047,19.627754742918093
simulated,2048,31.41417538260918
simulated,2049,49.252988435254494
simulated,2050,48.68728427055804
simulated,2051,37.97537402037041
simulated,2052,36.88658449508377
simulated,2053,7.210699938249568
simulated,2054,49.6349576309607
simulated,2055,47.610329841982136
simulated,2056,19.1064343099927
simulated,2057,16.312523636360503
simulated,2058,283.71990187936075
simulated,2059,20.99187097744714
simulated,2060,1.4457100650106265
simulated,2061,48.13286356740705
simulated,2062,15.082313857318258
simulated,2063,72.7668744404312
simulated,2064,35.92905464396709
simulated,2065,86.88092205195463
simulated,2066,72.83329789398289
simulated,2067,35.77748886698837
simulated,2068,32.72183144412265
simulated,2069,47.43558636061354
simulated,2070,22.621530760368394
simulated,2071,54.277237327539424
simulated,2072,70.08580581547596
simulated,2073,11.493407960340365
simulated,2074,30.249501946351046
simulated,2075,32.397141739624516
simulated,2076,25.270872774128673
simulated,2077,20.131731955876596
simulated,2078,10.442615379103149
simulated,2079,36.17681963575508
simulated,2080,43.19932755230951
simulated,2081,20.232092495980076
simulated,2082,57.02967669641117
simulated,2083,34.86326947856995
simulated,2084,184.96630628552862
simulated,2085,31.284724491544754
simulated,2086,20.264184218909566
simulated,2087,32.754351940960696
simulated,2088,60.49783482883112
simulated,2089,11.567516673886416
simulated,2090,15.348669162525518
simulated,2091,84.79999301111098
simulated,2092,35.254955753953965
simulated,2093,63.698111000954114
simulated,2094,127.3574457023494
simulated,2095,19.237152476194424
simulated,2096,10.78264090839773
simulated,2097,43.81030039673444
simulated,2098,74.16955323661443
simulated,2099,11.43790335804518
simulated,2100,31.227151573348742
simulated,2101,40.193872216793594
simulated,2102,17.64373561618911
simulated,2103,19.384403878285223
simulated,2104,33.12661303320222
simulated,2105,20.659265515042964
simulated,2106,40.53185887058982
simulated,2107,87.804091498352
simulated,2108,31.198356739228817
simulated,2109,17.093333402195164
simulated,2110,11.664810038559244
simulated,2111,30.0866372206526
simulated,2112,6.707961151347314
simulated,2113,21.944591139973664
simulated,2114,22.068598095110204
simulated,2115,57.37837278564484
simulated,2116,18.56578502487289
simulated,2117,63.61959208538296
simulated,2118,26.383727030742065
simulated,2119,126.0473193697778
simulated,2120,28.767907517504394
simulated,2121,11.491794605482117
simulated,2122,22.4679153043081
simulated,2123,23.808164568136185
simulated,2124,29.32549932431942
simulated,2125,163.13819641294583
simulated,2126,85.4665199919823
simulated,2127,25.743650893117316
simulated,2128,21.491212447691957
simulated,2129,39.47084156863615
simulated,2130,24.405598125169785
simulated,2131,18.222238516512228
simulated,2132,75.04843834072791
simulated,2133,13.59027204097567
simulated,2134,10.466651830856346
simulated,2135,51.0817824868239
simulated,2136,26.10444149006807
simulated,2137,14.538352547185617
simulated,2138,12.081514840034384
simulated,2139,23.907735694703792
simulated,2140,19.07073857197645
simulated,2141,112.0207951837175
simulated,2142,69.58619044714567
simulated,2143,29.43548154043817
simulated,2144,16.678199455308203
simulated,2145,11.823426348837039
simulated,2146,15.465145847371025
simulated,2147,36.853284752389996
simulated,2148,52.56676272823378
simulated,2149,23.602187464753165
simulated,2150,8.307438041611416
simulated,2151,20.18468479787726
simulated,2152,131.03229000533634
simulated,2153,46.59126088959819
simulated,2154,37.538998462331655
simulated,2155,57.15232031897132
simulated,2156,19.332752885936138
simulated,2157,33.050380215252986
simulated,2158,62.683493657482636
simulated,2159,20.31732324880546
simulated,2160,24.750868451140207
simulated,2161,28.392905190423303
simulated,2162,54.0486039083897
simulated,2163,31.13892550526402
simulated,2164,22.272184276961397
simulated,2165,50.23517808021151
simulated,2166,53.883101837073184
simulated,2167,6.014941808725701
simulated,2168,5.994236073857012
simulated,2169,49.73025826783275
simulated,2170,38.36257698920478
simulated,2171,23.24233127652712
simulated,2172,35.37782716680645
simulated,2173,50.066144953610156
simulated,2174,26.769203391235862
simulated,2175,4.247817242797017
simulated,2176,26.789785928322377
simulated,2177,15.516006748914785
simulated,2178,46.58175410693515
simulated,2179,21.842924151513788
simulated,2180,46.3420902077391
simulated,2181,15.956844300271744
simulated,2182,9.055986635010122
simulated,2183,36.310816953205624
simulated,2184,40.88711990265552
simulated,2185,69.63367768228454
simulated,2186,17.98612444643108
simulated,2187,46.79397807529313
simulated,2188,183.01076881606173
simulated,2189,38.88107990194469
simulated,2190,35.959413370774165
simulated,2191,10.721993028065617
simulated,2192,20.969148823861786
simulated,2193,13.745514044121872
simulated,2194,95.0535615770292
simulated,2195,5.762934489530251
simulated,2196,66.72491216235198
simulated,2197,38.82809084273029
simulated,2198,17.886083192104998
simulated,2199,64.7496857095752
simulated,2200,17.61057282125206
simulated,2201,109.24205285613003
simulated,2202,27.76728627222666
simulated,2203,23.242712708872524
simulated,2204,32.39005601784907
simulated,2205,61.096669209681224
simulated,2206,12.522934846968484
simulated,2207,31.593614217160884
simulated,2208,16.840636498744132
simulated,2209,29.83964487131016
simulated,2210,33.467539106916995
simulated,2211,19.941569504566186
simulated,2212,51.76956852471735
simulated,2213,39.09566640980321
simulated,2214,17.14831963911608
simulated,2215,52.79426667531395
simulated,2216,32.0455542323783
simulated,2217,49.23536122133917
simulated,2218,28.554344266491384
simulated,2219,60.309960740198534
simulated,2220,31.15349302090681
simulated,2221,23.176846443065887
simulated,2222,70.4549889128777
simulated,2223,21.942453158973642
simulated,2224,29.64906559987542
simulated,2225,32.20413178114919
simulated,2226,9.550417091979526
simulated,2227,77.40485307944343
simulated,2228,84.58463489912143
simulated,2229,25.9185238654974
simulated,2230,29.50952941142729
simulated,2231,12.455276170734079
simulated,2232,18.515869769734486
simulated,2233,38.48914229535104
simulated,2234,26.68005986631384
simulated,2235,15.045081374235933
simulated,2236,13.576013511925286
simulated,2237,25.787179073496013
simulated,2238,14.99709732042803
simulated,2239,37.45672019693522
simulated,2240,39.93112627106127
simulated,2241,21.7223826248984
simulated,2242,28.393594440546693
simulated,2243,121.02988886662189
simulated,2244,9.58539139679997
simulated,2245,29.337430843531898
simulated,2246,46.35566378108429
simulated,2247,44.526976443867866
simulated,2248,63.137903988078186
simulated,2249,17.821097849693782
simulated,2250,56.145015407971215
simulated,2251,99.81269397788748
simulated,2252,36.792506770171684
simulated,2253,58.86727639733085
simulated,2254,70.00303830253024
simulated,2255,48.38609092773217
simulated,2256,90.41469246294837
simulated,2257,50.889048565688945
simulated,2258,19.929181203715576
simulated,2259,70.73905855015855
simulated,2260,31.122196527945036
simulated,2261,16.33673275972572
simulated,2262,11.88156920835883
simulated,2263,57.90528674493
simulated,2264,18.41645346208071
simulated,2265,60.435492266564076
simulated,2266,6.916735912866048
simulated,2267,35.71434476668088
simulated,2268,20.655040236180273
simulated,2269,125.03852957151929
simulated,2270,14.171517582073786
simulated,2271,55.38394916550615
simulated,2272,87.38440152861634
simulated,2273,21.175825863575078
simulated,2274,61.32794057327984
simulated,2275,144.0917868943196
simulated,2276,27.513118127230737
simulated,2277,66.06255562686428
simulated,2278,32.863224947706684
simulated,2279,71.87054204116495
simulated,2280,35.189045836855726
simulated,2281,24.698910372434987
simulated,2282,24.19481779288509
simulated,2283,148.6301694032039
simulated,2284,41.23156075032877
simulated,2285,12.881704138440162
simulated,2286,74.93457154845599
simulated,2287,106.30226877245087
simulated,2288,89.76962127566246
simulated,2289,60.91514825330787
simulated,2290,21.315622244051603
simulated,2291,46.092126455020804
simulated,2292,49.159266641158915
simulated,2293,135.70361971471618
simulated,2294,5.2633678665588715
simulated,2295,60.96317866986638
simulated,2296,11.971749100145502
simulated,2297,8.780394099096256
simulated,2298,35.7759756340492
simulated,2299,37.63208693742257
simulated,2300,66.57004362113035
simulated,2301,74.36331348244887
simulated,2302,19.566571081630954
simulated,2303,34.701539069005705
simulated,2304,13.8898335106385
simulated,2305,81.93640647993118
simulated,2306,60.76255959876395
simulated,2307,36.3008424601728
simulated,2308,61.740061736321316
simulated,2309,50.935874836203496
simulated,2310,30.35645962172772
simulated,2311,41.725122060569106
simulated,2312,42.94289824390205
simulated,2313,30.224215537946662
simulated,2314,30.7383968609306
simulated,2315,6.3582193564446445
simulated,2316,48.226794919197985
simulated,2317,18.135942910568282
simulated,2318,32.842804768756686
simulated,2319,72.49011744200666
simulated,2320,17.834113365432586
simulated,2321,75.98303617254679
simulated,2322,18.72223501041322
simulated,2323,78.59335492522598
simulated,2324,29.081283086361587
simulated,2325,26.609421634233694
simulated,2326,5.853647314376743
simulated,2327,36.90424116213041
simulated,2328,10.590976691200211
simulated,2329,22.01958422975521
simulated,2330,33.202743612915384
simulated,2331,39.20581827306779
simulated,2332,89.36080835040033
simulated,2333,51.88918304836794
simulated,2334,16.695914425571466
simulated,2335,40.26390288174602
simulated,2336,49.62248143804677
simulated,2337,8.903511964735898
simulated,2338,3.9636688321550553
simulated,2339,74.2795994095474
simulated,2340,35.553045169394025
simulated,2341,15.28454281181757
simulated,2342,14.894771374183627
simulated,2343,15.419875952996165
simulated,2344,27.142906891300537
simulated,2345,55.68479141450206
simulated,2346,114.43629180077292
simulated,2347,34.783381564942715
simulated,2348,44.21405754463237
simulated,2349,28.758125572475986
simulated,2350,28.64820882373653
simulated,2351,53.330765997511264
simulated,2352,5.409961339620056
simulated,2353,19.650275622764838
simulated,2354,31.43592016481018
simulated,2355,35.238213569615716
simulated,2356,9.694410336834915
simulated,2357,413.8344982778995
simulated,2358,27.6909078372986
simulated,2359,13.002490255614994
simulated,2360,13.140978394422419
simulated,2361,21.683969865321266
simulated,2362,18.337230417707733
simulated,2363,51.97736149946272
simulated,2364,10.512527751627015
simulated,2365,44.304609982488984
simulated,2366,39.139969170924374
simulated,2367,26.94721038683506
simulated,2368,6.905848538128008
simulated,2369,46.21928605697765
simulated,2370,30.995025313821596
simulated,2371,10.674311387238092
simulated,2372,28.745339016441903
simulated,2373,72.01013823080875
simulated,2374,64.76753496384757
simulated,2375,89.01408384773477
simulated,2376,50.52620305122272
simulated,2377,35.25664552802438
simulated,2378,10.713219369215517
simulated,2379,70.40925507063517
simulated,2380,14.014336672886214
simulated,2381,22.30836828103708
simulated,2382,70.51125998261831
simulated,2383,16.889831038300805
simulated,2384,60.96950499035914
simulated,2385,37.9183068575952
simulated,2386,21.194887699869188
simulated,2387,75.01167409949053
simulated,2388,13.339855307333703
simulated,2389,24.27928340675288
simulated,2390,46.88734717996624
simulated,2391,63.637438427801186
simulated,2392,21.045188002403144
simulated,2393,59.78762416500335
simulated,2394,42.72155634926491
simulated,2395,38.394741228349496
simulated,2396,120.88855118246593
simulated,2397,19.095331298191436
simulated,2398,54.06065907022565
simulated,2399,145.96688643194597
simulated,2400,42.40067861819159
simulated,2401,18.93878452603758
simulated,2402,16.365513966501513
simulated,2403,9.59657794018314
simulated,2404,78.25443808154104
simulated,2405,26.82955348401174
simulated,2406,58.53290093233596
simulated,2407,17.92803433677433
simulated,2408,45.657595788774415
simulated,2409,46.50814048667728
simulated,2410,147.85938265492672
simulated,2411,33.97890376506633
simulated,2412,17.53978523154813
simulated,2413,16.1127944285887
simulated,2414,41.25001799118308
simulated,2415,5.5601432423620745
simulated,2416,7.417631772742983
simulated,2417,30.63526693718618
simulated,2418,72.34952198045713
simulated,2419,11.863626929111952
simulated,2420,56.57053451794395
simulated,2421,15.230845423181039
simulated,2422,31.54054436453806
simulated,2423,48.58132994566607
simulated,2424,109.56987047685139
simulated,2425,54.201601607212034
simulated,2426,27.80425764491724
simulated,2427,21.72353244820962
simulated,2428,35.231739387947044
simulated,2429,28.717120309145283
simulated,2430,62.0257396646758
simulated,2431,16.246241482221446
simulated,2432,24.24307223992705
simulated,2433,36.355958764478295
simulated,2434,24.180989984027402
simulated,2435,19.96949221909268
simulated,2436,92.91026273795082
simulated,2437,13.397119110536925
simulated,2438,15.032054028476614
simulated,2439,109.56862086377222
simulated,2440,28.050512310648504
simulated,2441,5.690565940579297
simulated,2442,32.30417842374588
simulated,2443,7.856339622572282
simulated,2444,21.273896296687482
simulated,2445,76.12450320063917
simulated,2446,31.131287089426493
simulated,2447,34.494521358862656
simulated,2448,37.891166771671806
simulated,2449,50.28020770734179
simulated,2450,15.400357351837034
simulated,2451,19.226025441127014
simulated,2452,29.007491351890152
simulated,2453,59.447547367121544
simulated,2454,34.13989516976649
simulated,2455,19.258169653496495
simulated,2456,91.2266717378176
simulated,2457,39.30814684313998
simulated,2458,16.76996071731312
simulated,2459,4.034924044209647
simulated,2460,7.396504647891773
simulated,2461,25.297033059261516
simulated,2462,28.719164716042354
simulated,2463,27.451655140609372
simulated,2464,48.10521379703429
simulated,2465,55.44479834899712
simulated,2466,19.67626685879699
simulated,2467,23.972709111870426
simulated,2468,32.2627420862494
simulated,2469,16.765867292568473
simulated,2470,19.679242830513303
simulated,2471,38.19451730066545
simulated,2472,21.670930376945243
simulated,2473,73.75127441467635
simulated,2474,20.76602972677224
simulated,2475,47.35983472597331
simulated,2476,36.37884741189874
simulated,2477,28.140083243036596
simulated,2478,20.048963964839015
simulated,2479,12.303863099850187
simulated,2480,35.22943533328942
simulated,2481,16.73386678030008
simulated,2482,38.9697033435182
simulated,2483,67.15722285460657
simulated,2484,34.78559507170413
simulated,2485,61.030271832713986
simulated,2486,34.04222852190676
simulated,2487,37.16792338821443
simulated,2488,125.21141627778654
simulated,2489,39.18063649026552
simulated,2490,6.136765736317414
simulated,2491,38.74820546678156
simulated,2492,14.059826990624849
simulated,2493,40.78376644759626
simulated,2494,20.556738674026406
simulated,2495,58.45654046807386
simulated,2496,91.19041329002974
simulated,2497,13.194883355628113
simulated,2498,25.982453799336984
simulated,2499,20.82997179253978
simulated,2500,25.26481717370312
simulated,2501,27.431874537577134
simulated,2502,128.5816046010589
simulated,2503,66.90039748456799
simulated,2504,26.723948080427192
simulated,2505,28.63887934996693
simulated,2506,42.35066884723256
simulated,2507,23.440409116344533
simulated,2508,34.55950201793302
simulated,2509,44.22675885800292
simulated,2510,109.18342674221807
simulated,2511,16.69969546939696
simulated,2512,33.67037973117053
simulated,2513,13.759269133447516
simulated,2514,20.6980084916862
simulated,2515,36.450710544863234
simulated,2516,24.058537153764938
simulated,2517,22.101433684496573
simulated,2518,15.475733015759765
simulated,2519,11.217085493813371
simulated,2520,68.10458972937992
simulated,2521,42.44764692698131
simulated,2522,35.138767420847614
simulated,2523,28.27958385498262
simulated,2524,12.82088423803187
simulated,2525,21.039976758207064
simulated,2526,13.665990422397797
simulated,2527,21.044513158642545
simulated,2528,27.81979787822761
simulated,2529,53.42527668360465
simulated,2530,53.74321920203859
simulated,2531,62.98938207092394
simulated,2532,66.8389349148875
simulated,2533,16.147965018959326
simulated,2534,34.30200287733663
simulated,2535,7.592790895067404
simulated,2536,22.032780720381076
simulated,2537,56.16609409919023
simulated,2538,12.245478026761432
simulated,2539,57.96399469818688
simulated,2540,28.804385455126983
simulated,2541,37.91257097321238
simulated,2542,46.80626579015098
simulated,2543,43.80657750625915
simulated,2544,41.75479474006281
simulated,2545,23.410738068084367
simulated,2546,21.24929444528153
simulated,2547,30.809062487433984
simulated,2548,4.33678975924568
simulated,2549,27.755043843968956
simulated,2550,26.610117492293945
simulated,2551,40.4194620502019
simulated,2552,26.651278811194675
simulated,2553,122.47421715944353
simulated,2554,34.69122766968683
simulated,2555,101.67056104164003
simulated,2556,32.941951702594274
simulated,2557,63.359822186983834
simulated,2558,61.789903443461185
simulated,2559,77.42319881698843
simulated,2560,37.64435024226595
simulated,2561,12.519392450915262
simulated,2562,49.12284981179813
simulated,2563,20.11255079559235
simulated,2564,34.3796096722479
simulated,2565,14.995564622552587
simulated,2566,33.87199212464452
simulated,2567,47.25183721913109
simulated,2568,10.665418354390589
simulated,2569,54.84857541970556
simulated,2570,85.52656953871451
simulated,2571,23.277477279959538
simulated,2572,96.17642588929212
simulated,2573,37.62268689836371
simulated,2574,22.647119422977724
simulated,2575,66.3886497439923
simulated,2576,40.293883473063474
simulated,2577,28.313915100150414
simulated,2578,42.23056841576084
simulated,2579,67.74844534424052
simulated,2580,67.1083604936333
simulated,2581,77.6484897854548
simulated,2582,24.92930087520087
simulated,2583,32.27674025188058
simulated,2584,33.281687662718646
simulated,2585,50.918172120042975
simulated,2586,23.139924676465863
simulated,2587,21.802148887370166
simulated,2588,35.509668096226115
simulated,2589,24.114790788332556
simulated,2590,81.1773642017863
simulated,2591,28.998031144812757
simulated,2592,62.797348052750614
simulated,2593,26.635383333621704
simulated,2594,62.566162862848145
simulated,2595,79.22166502900805
simulated,2596,150.27711654996483
simulated,2597,59.442048427738136
simulated,2598,22.616793001198957
simulated,2599,92.38607082671507
simulated,2600,18.556903807239518
simulated,2601,82.87941899869828
simulated,2602,33.66256044780961
simulated,2603,57.576271297519035
simulated,2604,18.60258976316432
simulated,2605,54.7977710475996
simulated,2606,17.32920838276464
simulated,2607,20.590235249198553
simulated,2608,100.49968511781196
simulated,2609,33.05197378311621
simulated,2610,23.03089237819144
simulated,2611,102.21761397360767
simulated,2612,133.1705357690776
simulated,2613,28.123773516086857
simulated,2614,48.79313819310987
simulated,2615,17.077596173270315
simulated,2616,16.460536037306458
simulated,2617,55.55334842001023
simulated,2618,14.601288653387682
simulated,2619,8.373002474279955
simulated,2620,29.950898407454805
simulated,2621,14.293099731928146
simulated,2622,22.504687420505764
simulated,2623,126.3417402721355
simulated,2624,26.64327853072019
simulated,2625,6.321460915786533
simulated,2626,28.423715404166
simulated,2627,27.174805367860827
simulated,2628,80.27307609057593
simulated,2629,49.92513493986064
simulated,2630,63.10542785728421
simulated,2631,68.98706830950299
simulated,2632,50.960343196729184
simulated,2633,93.82584511559382
simulated,2634,52.892459525300495
simulated,2635,28.377023949900053
simulated,2636,29.197503026709523
simulated,2637,29.83972689321279
simulated,2638,51.42248785985294
simulated,2639,37.617395982894934
simulated,2640,30.38104894780681
simulated,2641,58.48260494914536
simulated,2642,23.70841945672967
simulated,2643,34.374103597612915
simulated,2644,43.551897523067545
simulated,2645,48.81061602441497
simulated,2646,31.055920171360306
simulated,2647,93.9603720855211
simulated,2648,52.269668600545295
simulated,2649,35.273026769492866
simulated,2650,16.61975037836913
simulated,2651,20.241021707792246
simulated,2652,5.890891874071783
simulated,2653,22.729335387093904
simulated,2654,6.81728470051025
simulated,2655,29.62321135330953
simulated,2656,27.246001312026596
simulated,2657,20.933172894932163
simulated,2658,13.612939498130622
simulated,2659,48.866442650739515
simulated,2660,9.53600016152526
simulated,2661,17.383908512185506
simulated,2662,21.598970514401095
simulated,2663,28.898179999796838
simulated,2664,80.09689210775898
simulated,2665,16.72434338145362
simulated,2666,71.5677795558686
simulated,2667,88.3649290617265
simulated,2668,19.34618512082907
simulated,2669,15.665160829646506
simulated,2670,14.45168562596648
simulated,2671,27.751992804747033
simulated,2672,4.907058541342345
simulated,2673,26.271235749315302
simulated,2674,14.70821113579049
simulated,2675,50.796471010070924
simulated,2676,28.7643122137761
simulated,2677,29.28847111797862
simulated,2678,21.838774363794936
simulated,2679,25.59695442481914
simulated,2680,23.937748005439158
simulated,2681,20.395997181573456
simulated,2682,9.121092455812235
simulated,2683,47.30026509607976
simulated,2684,17.2702488442387
simulated,2685,77.52598317352697
simulated,2686,38.141013838803005
simulated,2687,33.76959649983674
simulated,2688,24.07513353524654
simulated,2689,66.78844057589737
simulated,2690,68.31015664860954
simulated,2691,46.345993721140346
simulated,2692,23.134051682971275
simulated,2693,65.51763609982183
simulated,2694,19.840833355757617
simulated,2695,8.942674017794973
simulated,2696,31.711286673576296
simulated,2697,21.68149416514028
simulated,2698,15.332515320965099
simulated,2699,51.47174248425812
simulated,2700,27.786073614039836
simulated,2701,121.92148610243514
simulated,2702,70.6666611441951
simulated,2703,58.994852392003175
simulated,2704,49.36027843450402
simulated,2705,24.549277605798274
simulated,2706,38.533387685620866
simulated,2707,83.9773520833227
simulated,2708,31.368052541706778
simulated,2709,29.456281813859974
simulated,2710,31.891260325541452
simulated,2711,85.39123610832446
simulated,2712,130.21964921660873
simulated,2713,30.678584264199
simulated,2714,34.08807897227783
simulated,2715,11.571860114229906
simulated,2716,64.28777168514686
simulated,2717,161.3695217724371
simulated,2718,20.064329214711584
simulated,2719,35.03682423951076
simulated,2720,44.36167902515233
simulated,2721,23.042179722500432
simulated,2722,42.46324938698954
simulated,2723,52.45973260408569
simulated,2724,43.12799395871801
simulated,2725,31.108564218706356
simulated,2726,8.892702910244406
simulated,2727,90.74821328985554
simulated,2728,32.622628715427766
simulated,2729,58.67935817389244
simulated,2730,102.97824178334335
simulated,2731,45.59704468203912
simulated,2732,34.390527897883
simulated,2733,44.53900015404024
simulated,2734,77.59218711834393
simulated,2735,27.119240218544796
simulated,2736,20.222492304437473
simulated,2737,10.160355415784856
simulated,2738,11.423827096846814
simulated,2739,18.366479337125416
simulated,2740,40.697708280339526
simulated,2741,24.45996101288051
simulated,2742,39.698472883276025
simulated,2743,24.217706264564736
simulated,2744,29.31705481927426
simulated,2745,28.91913894404097
simulated,2746,33.93050662441361
simulated,2747,81.57040733288949
simulated,2748,15.572424167868924
simulated,2749,59.382050706857434
simulated,2750,13.260138416127564
simulated,2751,74.7445248221227
simulated,2752,6.080598519577945
simulated,2753,9.337997078370567
simulated,2754,80.1747756955073
simulated,2755,17.51882378666418
simulated,2756,23.449288002307526
simulated,2757,43.473235479133635
simulated,2758,15.920486863274817
simulated,2759,19.40249972121441
simulated,2760,39.81063713878559
simulated,2761,79.57638383701075
simulated,2762,11.667934166721238
simulated,2763,9.077604960582384
simulated,2764,6.567310075052656
simulated,2765,16.388403036416644
simulated,2766,60.61109289708571
simulated,2767,12.27303753350324
simulated,2768,193.96339933721066
simulated,2769,16.920545156751444
simulated,2770,10.370571426468198
simulated,2771,40.21284247676832
simulated,2772,41.62157194680312
simulated,2773,38.19874425145477
simulated,2774,21.11238252288896
simulated,2775,53.49870954066829
simulated,2776,37.2840284504029
simulated,2777,33.307099738154335
simulated,2778,42.336526003445606
simulated,2779,23.005513053022597
simulated,2780,86.40087006872984
simulated,2781,35.21365978881797
simulated,2782,31.55999653294771
simulated,2783,96.24754796439424
simulated,2784,47.19274082554771
simulated,2785,61.44676340543659
simulated,2786,8.0672766966863
simulated,2787,35.30021421842582
simulated,2788,29.389156899344364
simulated,2789,68.57819922691053
simulated,2790,34.54188748263718
simulated,2791,42.53945348492558
simulated,2792,26.049815926778596
simulated,2793,36.71529748577891
simulated,2794,27.285464073941505
simulated,2795,38.49156961908649
simulated,2796,38.29998568247123
simulated,2797,9.092416262289452
simulated,2798,31.44777093806516
simulated,2799,59.20271212878783
simulated,2800,97.72853080117552
simulated,2801,25.124738399361483
simulated,2802,100.06526113407394
simulated,2803,8.672980724739112
simulated,2804,11.745863663801163
simulated,2805,57.902715209259185
simulated,2806,35.95635003511788
simulated,2807,20.311254126157344
simulated,2808,126.87639241918626
simulated,2809,28.87440931671894
simulated,2810,20.439239982486235
simulated,2811,127.408105509065
simulated,2812,132.10703728582422
simulated,2813,14.42940088024268
simulated,2814,15.129451112540933
simulated,2815,17.035777518128942
simulated,2816,27.65074511086655
simulated,2817,18.26136422029091
simulated,2818,70.25822780181572
simulated,2819,95.3327734547309
simulated,2820,24.0336204484357
simulated,2821,25.322383511101513
simulated,2822,37.25674609529567
simulated,2823,35.82366117007778
simulated,2824,27.03024934888133
simulated,2825,16.379948682275145
simulated,2826,92.12131466932938
simulated,2827,34.7050146534104
simulated,2828,48.375525545606436
simulated,2829,81.04578415210972
simulated,2830,8.69324551689115
simulated,2831,30.143438412588814
simulated,2832,59.871391386657194
simulated,2833,16.581173830961163
simulated,2834,22.09859238936698
simulated,2835,17.285686661225338
simulated,2836,15.169616294189117
simulated,2837,55.73088618628027
simulated,2838,8.068224666210906
simulated,2839,29.474674124425054
simulated,2840,11.657108730363081
simulated,2841,65.79059054955097
simulated,2842,24.95685752111054
simulated,2843,57.82505588547715
simulated,2844,29.75407284455774
simulated,2845,78.66295091514091
simulated,2846,86.24959780768467
simulated,2847,33.122988513274414
simulated,2848,39.360394556609236
simulated,2849,132.87602917359342
simulated,2850,60.489272144875144
simulated,2851,23.374862212103736
simulated,2852,59.87075340448976
simulated,2853,10.110233170414212
simulated,2854,40.17334817575127
simulated,2855,50.02039806235457
simulated,2856,43.63640298783315
simulated,2857,24.781632497925987
simulated,2858,23.91940424953464
simulated,2859,40.50811867872978
simulated,2860,75.90501347595989
simulated,2861,127.99450469553986
simulated,2862,29.82894300561869
simulated,2863,14.19037759645072
simulated,2864,44.92299257955116
simulated,2865,78.71852745994347
simulated,2866,64.89171883175437
simulated,2867,43.52410948216742
simulated,2868,16.744271334584973
simulated,2869,19.243483984085113
simulated,2870,49.0390656291504
simulated,2871,38.3237844924095
simulated,2872,18.89385178045529
simulated,2873,42.134089311470014
simulated,2874,10.688450054205335
simulated,2875,22.20801709423899
simulated,2876,22.43962945278077
simulated,2877,29.81262442853107
simulated,2878,95.80164249523457
simulated,2879,54.9196059460712
simulated,2880,74.03436913954249
simulated,2881,100.09794868564614
simulated,2882,52.96366023372423
simulated,2883,17.13202128204252
simulated,2884,17.440517526209284
simulated,2885,23.68849174981573
simulated,2886,42.13235669072326
simulated,2887,15.05361705700031
simulated,2888,14.09163147245634
simulated,2889,92.58625485711477
simulated,2890,127.53353162237958
simulated,2891,35.87502825861815
simulated,2892,44.82066996080915
simulated,2893,42.511052135705455
simulated,2894,24.43660357051754
simulated,2895,98.41714168633233
simulated,2896,11.299893712047592
simulated,2897,63.521514945338026
simulated,2898,91.73312742766237
simulated,2899,59.16863516899231
simulated,2900,18.105719057073003
simulated,2901,21.756487058475017
simulated,2902,32.965932091027994
simulated,2903,65.91240755157372
simulated,2904,6.581240244895016
simulated,2905,28.23735271980602
simulated,2906,54.49662304276926
simulated,2907,26.94168708772637
simulated,2908,18.13990738017286
simulated,2909,13.430604484438401
simulated,2910,46.28812357349522
simulated,2911,26.378699512790018
simulated,2912,16.696788461110383
simulated,2913,18.770848576969094
simulated,2914,19.08650568506371
simulated,2915,13.318216407787904
simulated,2916,31.12920031590741
simulated,2917,36.522391994724146
simulated,2918,62.94067883552961
simulated,2919,26.79496867843056
simulated,2920,21.99528701562531
simulated,2921,41.92393299218529
simulated,2922,25.44039096768583
simulated,2923,86.5552841272377
simulated,2924,14.261172717586184
simulated,2925,32.07405683712983
simulated,2926,73.58840228889979
simulated,2927,13.57625147097772
simulated,2928,13.758499285871201
simulated,2929,17.30764146782506
simulated,2930,28.66711174996761
simulated,2931,16.0778223806591
simulated,2932,78.8402465317491
simulated,2933,37.50023644291798
simulated,2934,48.584374565445735
simulated,2935,81.36968020852487
simulated,2936,17.097551535190675
simulated,2937,5.155149969620338
simulated,2938,44.90699442022401
simulated,2939,44.924072897315135
simulated,2940,62.23122354121428
simulated,2941,6.248050433713038
simulated,2942,17.190265371267515
simulated,2943,44.00689914378494
simulated,2944,7.874494117020013
simulated,2945,26.848455843692424
simulated,2946,34.56335939845234
simulated,2947,19.803007694708292
simulated,2948,60.62033814352182
simulated,2949,49.72018182007092
simulated,2950,35.256144359626866
simulated,2951,60.069337242038394
simulated,2952,32.21562841736303
simulated,2953,24.47969386077945
simulated,2954,25.7142976970078
simulated,2955,68.19508775959852
simulated,2956,22.376374769884215
simulated,2957,44.31302856095982
simulated,2958,99.174840580962
simulated,2959,110.85094765496382
simulated,2960,21.16059035576995
simulated,2961,43.50832953854184
simulated,2962,33.08948216752556
simulated,2963,55.92111559265395
simulated,2964,47.7349624581228
simulated,2965,12.50825233473216
simulated,2966,43.322376426119206
simulated,2967,21.185907997901083
simulated,2968,9.295776224517727
simulated,2969,24.55790352499339
simulated,2970,58.01232654112245
simulated,2971,42.07122081714872
simulated,2972,54.125735767322396
simulated,2973,49.836150005252236
simulated,2974,38.678394562451004
simulated,2975,28.72817598588182
simulated,2976,29.79370995145853
simulated,2977,48.22137548722053
simulated,2978,16.78565596274065
simulated,2979,36.398689224537605
simulated,2980,88.55179087683236
simulated,2981,35.222653610746036
simulated,2982,8.4656216733784
simulated,2983,219.09225882839948
simulated,2984,59.31480032890312
simulated,2985,135.8540623957179
simulated,2986,66.79170929557695
simulated,2987,38.53333765303418
simulated,2988,43.69981933246524
simulated,2989,37.098985742262855
simulated,2990,39.96425797176164
simulated,2991,31.06459310800182
simulated,2992,27.802645792725635
simulated,2993,21.084307518937056
simulated,2994,50.295085667617904
simulated,2995,1.470270095757371
simulated,2996,83.19206360272662
simulated,2997,29.243460632705034
simulated,2998,36.4098938055821
simulated,2999,39.91793168106406
simulated,3000,22.197441119466873
simulated,3001,23.504538756830573
simulated,3002,4.340264505760572
simulated,3003,27.3074509199605
simulated,3004,52.769140922909266
simulated,3005,23.856451833698102
simulated,3006,14.064438529163269
simulated,3007,35.34014989104203
simulated,3008,18.726474049081226
simulated,3009,5.028644822170245
simulated,3010,33.89620320468688
simulated,3011,7.826163167691572
simulated,3012,14.092084149680739
simulated,3013,15.149590451073799
simulated,3014,58.90741104557043
simulated,3015,84.67140607751446
simulated,3016,66.31260035156787
simulated,3017,55.93253301104115
simulated,3018,26.79833930569632
simulated,3019,14.110483769582187
simulated,3020,57.8867495454664
simulated,3021,20.458763498041648
simulated,3022,33.93558871695059
simulated,3023,29.324127947824017
simulated,3024,48.471543441841185
simulated,3025,33.393737340560115
simulated,3026,30.053548903501945
simulated,3027,37.54806297638955
simulated,3028,13.806227689503128
simulated,3029,30.12223933635932
simulated,3030,12.351760196226177
simulated,3031,112.52603819570997
simulated,3032,66.54363237730112
simulated,3033,211.26443409942573
simulated,3034,14.952913317291015
simulated,3035,43.03616240012342
simulated,3036,24.463638614496187
simulated,3037,24.76500292031004
simulated,3038,32.808832761813264
simulated,3039,36.82724245342449
simulated,3040,18.138789243959643
simulated,3041,2.6856697856292997
simulated,3042,160.46725153357636
simulated,3043,11.11285367875
simulated,3044,25.09109870671668
simulated,3045,33.68913119011181
simulated,3046,14.744137625038064
simulated,3047,29.83371707901435
simulated,3048,28.268920813590675
simulated,3049,12.961784689975316
simulated,3050,30.45259837700664
simulated,3051,51.85082013493149
simulated,3052,4.856840144629312
simulated,3053,198.80007468821307
simulated,3054,78.44050295076659
simulated,3055,49.10017583577803
simulated,3056,11.401058237525962
simulated,3057,52.35074139146025
simulated,3058,8.858317293743282
simulated,3059,34.09660645717133
simulated,3060,70.61249191231596
simulated,3061,50.56862429800357
simulated,3062,31.15183490594874
simulated,3063,43.76760771680979
simulated,3064,12.03347962673751
simulated,3065,97.90985967200903
simulated,3066,19.5576730713495
simulated,3067,11.010408266203884
simulated,3068,56.245114740421734
simulated,3069,15.313910877108324
simulated,3070,40.692248192424366
simulated,3071,41.46294760898064
simulated,3072,12.900401649788432
simulated,3073,34.35791933072452
simulated,3074,255.59055931702306
simulated,3075,40.64045845359071
simulated,3076,75.51588705917344
simulated,3077,77.68043177256983
simulated,3078,18.86703952000508
simulated,3079,74.83631829376718
simulated,3080,37.00521540572661
simulated,3081,6.733720588306378
simulated,3082,29.809109581665354
simulated,3083,5.147904005749418
simulated,3084,32.56652739807844
simulated,3085,14.592073785817345
simulated,3086,54.158423139554245
simulated,3087,8.16575352497439
simulated,3088,149.0985870611998
simulated,3089,60.51803486780074
simulated,3090,35.66598626265431
simulated,3091,110.96103640791625
simulated,3092,28.09651896277255
simulated,3093,55.61815341854835
simulated,3094,133.3616039815824
simulated,3095,19.39746096150397
simulated,3096,39.575032359157646
simulated,3097,71.61779223541224
simulated,3098,35.87894799035519
simulated,3099,42.105127170505014
simulated,3100,33.50159607683301
simulated,3101,100.40566592099374
simulated,3102,53.92967111112629
simulated,3103,29.878734906601082
simulated,3104,41.529623014490674
simulated,3105,73.21703841404207
simulated,3106,138.335963477819
simulated,3107,20.243208022766158
simulated,3108,68.9146174813801
simulated,3109,42.682425653482056
simulated,3110,57.69549586554327
simulated,3111,18.263035879359
simulated,3112,33.71513666907793
simulated,3113,81.05717189676369
simulated,3114,77.86345570864825
simulated,3115,64.46814939991911
simulated,3116,55.85457936782683
simulated,3117,34.69167247570533
simulated,3118,65.18587595547991
simulated,3119,31.513775980107596
simulated,3120,13.105091870304731
simulated,3121,58.54839000958709
simulated,3122,16.32418409557001
simulated,3123,11.555720412410526
simulated,3124,18.685963336944504
simulated,3125,26.14790150791047
simulated,3126,74.55954935546404
simulated,3127,27.255200233907814
simulated,3128,17.79020872991324
simulated,3129,21.421567334810007
simulated,3130,50.55933680949296
simulated,3131,50.53386561450063
simulated,3132,27.742551217373787
simulated,3133,53.99191019809052
simulated,3134,60.35183890100124
simulated,3135,40.80229410646619
simulated,3136,26.530032452190824
simulated,3137,45.757278977890365
simulated,3138,46.53183299581304
simulated,3139,33.12498218778147
simulated,3140,125.56150648178453
simulated,3141,26.75662060795384
simulated,3142,21.51775375314386
simulated,3143,4.502943082096255
simulated,3144,41.37046190842625
simulated,3145,18.45783732803687
simulated,3146,13.366931683971316
simulated,3147,27.975740495448157
simulated,3148,145.96442494719383
simulated,3149,18.62898465304991
simulated,3150,44.35065682781707
simulated,3151,14.839732683100488
simulated,3152,28.87896461598022
simulated,3153,45.87209910546379
simulated,3154,6.774290455913297
simulated,3155,184.55527301999467
simulated,3156,25.451926873063623
simulated,3157,41.13381493804759
simulated,3158,46.069637752799736
simulated,3159,158.37462001314816
simulated,3160,25.510622451841478
simulated,3161,42.93374761156966
simulated,3162,27.34827446762384
simulated,3163,52.206330846680984
simulated,3164,6.0668193028793995
simulated,3165,37.51795996115085
simulated,3166,24.896144112943624
simulated,3167,23.33366934757254
simulated,3168,32.6590601429599
simulated,3169,23.728802109192735
simulated,3170,48.252013824473224
simulated,3171,89.51759830946094
simulated,3172,39.15435506938093
simulated,3173,23.82525874594108
simulated,3174,118.84880923058392
simulated,3175,10.368048700284582
simulated,3176,22.666018809777913
simulated,3177,17.447846133685186
simulated,3178,76.09901291575541
simulated,3179,11.83103841439848
simulated,3180,47.60830039452244
simulated,3181,47.851508444358714
simulated,3182,9.725407491420654
simulated,3183,40.89644281366265
simulated,3184,67.18685354902708
simulated,3185,12.180537225534884
simulated,3186,23.3886420631433
simulated,3187,33.29496910345082
simulated,3188,15.059905044024825
simulated,3189,7.7724568645009535
simulated,3190,7.290041268835258
simulated,3191,57.35347045421167
simulated,3192,74.21805666206293
simulated,3193,19.883316639818226
simulated,3194,19.208194081189205
simulated,3195,48.82857135199118
simulated,3196,33.91354572372729
simulated,3197,13.48477443998667
simulated,3198,173.67515888624536
simulated,3199,80.07185124544102
simulated,3200,22.188132690103416
simulated,3201,73.77335649600518
simulated,3202,25.2159096159776
simulated,3203,21.66747264205354
simulated,3204,32.2190946265951
simulated,3205,20.63043479726421
simulated,3206,62.22639925170775
simulated,3207,21.73657402391969
simulated,3208,14.58897892281853
simulated,3209,67.47135014814957
simulated,3210,23.20169357377246
simulated,3211,22.453965703809853
simulated,3212,10.367679361706223
simulated,3213,63.83767190252682
simulated,3214,30.50226483468857
simulated,3215,58.32480062841327
simulated,3216,18.478953260644758
simulated,3217,31.025225383276762
simulated,3218,38.484111099894214
simulated,3219,31.94466044094949
simulated,3220,63.098621116424816
simulated,3221,88.1718797701283
simulated,3222,28.045188882936714
simulated,3223,29.30992264402606
simulated,3224,46.483824836573376
simulated,3225,56.18577191547008
simulated,3226,33.058745339473745
simulated,3227,53.51643146785729
simulated,3228,15.275682787406096
simulated,3229,60.50525102765695
simulated,3230,54.90126750156867
simulated,3231,41.21356439744226
simulated,3232,31.79342080919428
simulated,3233,15.184449768202358
simulated,3234,25.736934112624404
simulated,3235,36.90445226737184
simulated,3236,24.710120477961027
simulated,3237,18.252809171997164
simulated,3238,15.076056569249952
simulated,3239,96.25228637667561
simulated,3240,34.91255954973657
simulated,3241,18.73355336329092
simulated,3242,17.602003433115172
simulated,3243,27.7536263738959
simulated,3244,206.04482598182653
simulated,3245,120.67404767241824
simulated,3246,14.176048415180261
simulated,3247,111.21102404877979
simulated,3248,36.85862589759885
simulated,3249,41.452669134650705
simulated,3250,119.9289801410936
simulated,3251,39.68441422110038
simulated,3252,25.54662921233404
simulated,3253,34.4977368287195
simulated,3254,55.67070836248499
simulated,3255,15.078166634340175
simulated,3256,41.99869354696097
simulated,3257,13.761493778862746
simulated,3258,43.84790842644864
simulated,3259,78.72743230073257
simulated,3260,7.621942178558868
simulated,3261,5.332121270655103
simulated,3262,30.85835709211714
simulated,3263,46.270680942256114
simulated,3264,8.621831694201937
simulated,3265,13.307598171640993
simulated,3266,9.827476415203236
simulated,3267,29.16660868837777
simulated,3268,72.0833987988565
simulated,3269,41.92775049604414
simulated,3270,36.14193911957686
simulated,3271,90.7407214640772
simulated,3272,55.367193263320246
simulated,3273,71.07888356657699
simulated,3274,168.2580713830742
simulated,3275,70.46335522621209
simulated,3276,25.077026046469285
simulated,3277,10.020542174581902
simulated,3278,183.76093073658117
simulated,3279,112.74164059394462
simulated,3280,56.06203336620759
simulated,3281,28.02382379507157
simulated,3282,19.497911195378585
simulated,3283,6.176332983145158
simulated,3284,23.069265108170285
simulated,3285,12.128803308112552
simulated,3286,53.1968248190547
simulated,3287,16.96724646983414
simulated,3288,51.989880265860485
simulated,3289,25.351679592600853
simulated,3290,8.907252958143106
simulated,3291,84.08569951683792
simulated,3292,14.688843723284684
simulated,3293,69.07073577785991
simulated,3294,19.732601690691467
simulated,3295,24.75164183676221
simulated,3296,36.58727434279372
simulated,3297,36.734570182662935
simulated,3298,43.02431360673208
simulated,3299,11.645878958866188
simulated,3300,32.292303464164455
simulated,3301,22.536857553348426
simulated,3302,30.951038782646698
simulated,3303,12.764373955633591
simulated,3304,33.411750281125194
simulated,3305,17.957185053638373
simulated,3306,5.963052596825015
simulated,3307,21.607113952261603
simulated,3308,42.75857923142341
simulated,3309,30.526121926637618
simulated,3310,31.604212927970522
simulated,3311,115.8469890337401
simulated,3312,29.12334370860163
simulated,3313,30.600724440437727
simulated,3314,102.36323450192319
simulated,3315,74.50998393010542
simulated,3316,40.108097065057315
simulated,3317,32.985170653190735
simulated,3318,39.86589727605961
simulated,3319,16.120625570124385
simulated,3320,45.11439989326219
simulated,3321,44.79983865206226
simulated,3322,60.3642908948382
simulated,3323,4.60076607118601
simulated,3324,20.478796910347548
simulated,3325,101.30410629513676
simulated,3326,21.37717235193805
simulated,3327,69.87217641495174
simulated,3328,33.868406726849365
simulated,3329,40.64758712829873
simulated,3330,29.838986390267564
simulated,3331,44.15630847740983
simulated,3332,15.240432998765957
simulated,3333,14.038843710157419
simulated,3334,56.725364833456446
simulated,3335,19.64384090418707
simulated,3336,38.53122562486834
simulated,3337,57.214867620455216
simulated,3338,56.90714299485073
simulated,3339,36.95229188861855
simulated,3340,55.89849133502293
simulated,3341,38.154423888970825
simulated,3342,23.05437251884527
simulated,3343,21.49054653888292
simulated,3344,24.72235012105362
simulated,3345,37.91185132102484
simulated,3346,97.4893167656997
simulated,3347,51.448610144024855
simulated,3348,12.487968802002626
simulated,3349,35.06476361735796
simulated,3350,182.32097439647686
simulated,3351,37.847940530977276
simulated,3352,51.39572572950536
simulated,3353,21.566069608825277
simulated,3354,13.078110737335226
simulated,3355,63.81800699372302
simulated,3356,54.84776071214819
simulated,3357,35.16899098693625
simulated,3358,29.328855319791145
simulated,3359,22.798919375326783
simulated,3360,9.57851561929757
simulated,3361,27.156044707956443
simulated,3362,11.902646141845112
simulated,3363,28.581917941826624
simulated,3364,6.689250749465968
simulated,3365,28.057352210087664
simulated,3366,51.126089579938956
simulated,3367,74.3181121700437
simulated,3368,33.446485782447496
simulated,3369,10.416161118734033
simulated,3370,73.35118968644386
simulated,3371,38.75178242923955
simulated,3372,28.646041916054866
simulated,3373,31.069280244870903
simulated,3374,16.76725133128202
simulated,3375,18.20441410321152
simulated,3376,17.39426762442773
simulated,3377,40.84711765237832
simulated,3378,8.991166040200552
simulated,3379,100.21281048546098
simulated,3380,48.3859303852761
simulated,3381,46.09430871160093
simulated,3382,60.6184239427826
simulated,3383,42.42315041467918
simulated,3384,15.89605148176988
simulated,3385,28.236331751374813
simulated,3386,15.224435607290875
simulated,3387,12.130672480466645
simulated,3388,60.52337895072874
simulated,3389,32.921922712186564
simulated,3390,9.921991836766423
simulated,3391,33.81970811017146
simulated,3392,17.218827572626413
simulated,3393,34.43615037305682
simulated,3394,17.948555502169132
simulated,3395,56.06752811391247
simulated,3396,17.46732556919924
simulated,3397,13.396502426540533
simulated,3398,51.76861243969985
simulated,3399,15.911459416093702
simulated,3400,34.031479047267545
simulated,3401,22.419251449461814
simulated,3402,19.578421924397183
simulated,3403,34.78341520192063
simulated,3404,38.68428395914026
simulated,3405,64.28124196952587
simulated,3406,70.22111056875458
simulated,3407,15.262111504887447
simulated,3408,30.393656060526617
simulated,3409,7.986556876830889
simulated,3410,23.20664404052315
simulated,3411,6.724379809589345
simulated,3412,42.4575732174289
simulated,3413,64.03907117502318
simulated,3414,15.656429386069204
simulated,3415,21.06233204515082
simulated,3416,17.88827606705324
simulated,3417,8.651309110480195
simulated,3418,12.758378677492729
simulated,3419,48.13652483231202
simulated,3420,18.89584370183636
simulated,3421,78.3800104032718
simulated,3422,19.894471921249767
simulated,3423,37.80984772625608
simulated,3424,8.475740439824907
simulated,3425,50.810528218527566
simulated,3426,17.013406598753235
simulated,3427,44.36337037902895
simulated,3428,90.3369821840777
simulated,3429,45.14415836983338
simulated,3430,59.90336661271573
simulated,3431,31.88741978872614
simulated,3432,25.15413814720923
simulated,3433,45.36745883821735
simulated,3434,77.91781866521372
simulated,3435,25.495149698661358
simulated,3436,17.137431524940542
simulated,3437,6.047903662074639
simulated,3438,33.755860764223236
simulated,3439,35.660833163375486
simulated,3440,72.27798064111084
simulated,3441,20.520336164068304
simulated,3442,59.692537730634584
simulated,3443,73.66451302644892
simulated,3444,9.564882256209575
simulated,3445,7.353174872084484
simulated,3446,91.09540448471941
simulated,3447,23.018712492481722
simulated,3448,42.78597398044304
simulated,3449,35.68593078231231
simulated,3450,38.418619498023645
simulated,3451,48.010798965485485
simulated,3452,8.051314521200837
simulated,3453,5.16920024393491
simulated,3454,70.59063453127246
simulated,3455,27.1518934959379
simulated,3456,13.81984589649247
simulated,3457,52.44589507571999
simulated,3458,17.354734366689506
simulated,3459,57.04092872977632
simulated,3460,42.901706226211594
simulated,3461,101.04478303910093
simulated,3462,45.77103954473959
simulated,3463,56.675824341394396
simulated,3464,27.423295194696546
simulated,3465,31.37595953144132
simulated,3466,35.72183513177766
simulated,3467,61.90229438968324
simulated,3468,63.12954748724351
simulated,3469,28.217047238496207
simulated,3470,1.5861344607041166
simulated,3471,105.87645099330669
simulated,3472,5.6282444522764905
simulated,3473,7.792617457691443
simulated,3474,11.87091529114259
simulated,3475,41.02941011769554
simulated,3476,61.4977510297163
simulated,3477,31.44902273387683
simulated,3478,89.48699518412565
simulated,3479,15.370912902592293
simulated,3480,18.667099338549498
simulated,3481,39.82672678554891
simulated,3482,39.906086933062284
simulated,3483,58.4596108664888
simulated,3484,122.73678776772209
simulated,3485,18.086936019320486
simulated,3486,18.72409062339247
simulated,3487,95.03765560147335
simulated,3488,29.915716771398912
simulated,3489,7.086944695243678
simulated,3490,94.55197257574358
simulated,3491,52.69351136729602
simulated,3492,5.1232002360956335
simulated,3493,76.66152880836677
simulated,3494,21.17770413795604
simulated,3495,44.77029198327275
simulated,3496,83.45342090211825
simulated,3497,28.284170580948228
simulated,3498,40.12618410577751
simulated,3499,17.831189176307188
simulated,3500,15.40562433774211
simulated,3501,9.415273924431276
simulated,3502,42.45509585345317
simulated,3503,45.0233247126125
simulated,3504,25.10577053143253
simulated,3505,41.39817188541802
simulated,3506,19.76223344853168
simulated,3507,76.42846524418002
simulated,3508,84.2500717201761
simulated,3509,18.776643477962644
simulated,3510,112.11195305736774
simulated,3511,73.95854587238937
simulated,3512,5.398515063412633
simulated,3513,40.7960592566136
simulated,3514,39.55159810643028
simulated,3515,45.96693377561627
simulated,3516,87.66528050247166
simulated,3517,75.80424052025818
simulated,3518,118.04409711961753
simulated,3519,88.50406209934127
simulated,3520,64.1962993501873
simulated,3521,31.30318404195478
simulated,3522,21.185713398585474
simulated,3523,28.62475322610303
simulated,3524,51.978540174154915
simulated,3525,34.94878968742815
simulated,3526,7.575401420555912
simulated,3527,28.51452327904154
simulated,3528,76.65773755824783
simulated,3529,16.608953130947913
simulated,3530,30.637287003326453
simulated,3531,84.24275148212071
simulated,3532,19.5658929724872
simulated,3533,41.46778335711864
simulated,3534,14.595387266697685
simulated,3535,24.69867414871522
simulated,3536,81.57087036862087
simulated,3537,21.52152256156505
simulated,3538,103.94654106919175
simulated,3539,32.26882729619494
simulated,3540,41.06242794798255
simulated,3541,105.36969885128495
simulated,3542,18.32538999064956
simulated,3543,74.65114569004068
simulated,3544,63.88297173242628
simulated,3545,9.55147714943632
simulated,3546,13.428974328148694
simulated,3547,51.24641996865782
simulated,3548,5.665996255053825
simulated,3549,43.70025530221824
simulated,3550,15.99700579828127
simulated,3551,97.96692860477883
simulated,3552,45.47540080392325
simulated,3553,9.926374141870404
simulated,3554,29.4772511476333
simulated,3555,52.1635545211423
simulated,3556,33.827587936341025
simulated,3557,12.853331640863972
simulated,3558,29.92223774493651
simulated,3559,36.50664629906307
simulated,3560,11.605110447501213
simulated,3561,33.09196598355435
simulated,3562,7.0355110277274955
simulated,3563,25.087553418371392
simulated,3564,77.76760300548332
simulated,3565,17.03961743043741
simulated,3566,76.19461373108263
simulated,3567,131.87370588375316
simulated,3568,61.10380343628408
simulated,3569,16.45287317538354
simulated,3570,22.988653925135807
simulated,3571,18.32684917947603
simulated,3572,65.4202390293145
simulated,3573,74.29809414752734
simulated,3574,28.1531461128079
simulated,3575,54.51255993370491
simulated,3576,24.40752737398467
simulated,3577,40.784402633477306
simulated,3578,23.054897044797894
simulated,3579,144.264398681805
simulated,3580,19.873391630639475
simulated,3581,2.242340983795458
simulated,3582,72.23514710508728
simulated,3583,46.46862862335652
simulated,3584,181.18209375533772
simulated,3585,17.084680255711437
simulated,3586,66.20548118275806
simulated,3587,34.4178036881963
simulated,3588,71.90667422012844
simulated,3589,64.26034545265911
simulated,3590,22.779177827845587
simulated,3591,16.907273890328604
simulated,3592,18.4019902813682
simulated,3593,23.19098315141908
simulated,3594,105.2421832115752
simulated,3595,21.789261610340738
simulated,3596,59.553945902044205
simulated,3597,23.600220086321816
simulated,3598,52.425930792322006
simulated,3599,63.51246104042502
simulated,3600,46.39246976133966
simulated,3601,27.051200656381432
simulated,3602,30.215566513830122
simulated,3603,17.15044270663105
simulated,3604,33.5264603335932
simulated,3605,17.91120912088214
simulated,3606,15.62230691963534
simulated,3607,143.9570211912992
simulated,3608,39.04778051651313
simulated,3609,53.851514080911336
simulated,3610,39.06847421785713
simulated,3611,20.04989971139739
simulated,3612,23.38211730957474
simulated,3613,7.194622465914931
simulated,3614,15.15785633845903
simulated,3615,15.339496368837384
simulated,3616,62.28094119287021
simulated,3617,21.332070376784465
simulated,3618,23.34179228389655
simulated,3619,129.82632582674248
simulated,3620,63.635853206565045
simulated,3621,41.755027422100675
simulated,3622,106.39241667510345
simulated,3623,5.730451720486594
simulated,3624,78.9959750237864
simulated,3625,28.946415943873276
simulated,3626,40.07077044049826
simulated,3627,22.70482162713091
simulated,3628,10.129668040963955
simulated,3629,14.671637354022057
simulated,3630,15.116544308640247
simulated,3631,67.60586046176465
simulated,3632,61.35682043441027
simulated,3633,75.33454686061441
simulated,3634,36.974010243780434
simulated,3635,39.96342330665925
simulated,3636,11.219196180822495
simulated,3637,62.50292139839729
simulated,3638,59.65684828870847
simulated,3639,43.16828122114361
simulated,3640,4.04485924007365
simulated,3641,23.7176627441852
simulated,3642,68.36758166386272
simulated,3643,21.74720470650594
simulated,3644,60.6589809877223
simulated,3645,44.78723235809481
simulated,3646,8.875673537334631
simulated,3647,106.70397691596887
simulated,3648,51.53789062397091
simulated,3649,114.49161728768296
simulated,3650,24.19432738715767
simulated,3651,80.49364162288876
simulated,3652,34.08147868624242
simulated,3653,19.109050095574712
simulated,3654,12.607623592466341
simulated,3655,153.94594373666587
simulated,3656,20.561560609005397
simulated,3657,71.61879414035887
simulated,3658,15.092542404854317
simulated,3659,9.796634740944269
simulated,3660,48.45074885961016
simulated,3661,23.836496365301187
simulated,3662,61.38933381361386
simulated,3663,28.91837427160651
simulated,3664,59.68918399664527
simulated,3665,9.825772702561915
simulated,3666,98.14045362089746
simulated,3667,61.097458946867754
simulated,3668,132.6946221898968
simulated,3669,47.65040668605971
simulated,3670,57.235609670993725
simulated,3671,64.7078768127983
simulated,3672,3.6350917413432615
simulated,3673,47.192307489105275
simulated,3674,28.46147838653948
simulated,3675,23.64660465066129
simulated,3676,110.89852797325644
simulated,3677,17.759725012452826
simulated,3678,126.414353207517
simulated,3679,37.30193531951983
simulated,3680,109.50145772566518
simulated,3681,161.7404586398603
simulated,3682,24.08052181316394
simulated,3683,45.34562139537668
simulated,3684,20.903286010486386
simulated,3685,61.52469811145656
simulated,3686,43.46249705233728
simulated,3687,12.362298547845276
simulated,3688,20.182757100274866
simulated,3689,62.634279410674495
simulated,3690,28.750338511530394
simulated,3691,49.12289958785512
simulated,3692,0.11663199991210726
simulated,3693,56.79853400538359
simulated,3694,5.253145983792734
simulated,3695,15.564253447876645
simulated,3696,62.057028806817996
simulated,3697,11.285978201163104
simulated,3698,118.22847185480394
simulated,3699,20.96881655712595
simulated,3700,11.055441445270432
simulated,3701,21.317283786221815
simulated,3702,99.73711851590934
simulated,3703,34.491626175664635
simulated,3704,10.258992796165971
simulated,3705,74.88817762710619
simulated,3706,14.87964912533306
simulated,3707,60.78808555779046
simulated,3708,25.172738985868623
simulated,3709,46.496560223649624
simulated,3710,47.493049269208726
simulated,3711,63.556879507540714
simulated,3712,53.938438208286364
simulated,3713,61.35246875534159
simulated,3714,17.901169423887364
simulated,3715,56.82918196512635
simulated,3716,8.849956529163396
simulated,3717,57.78246969856904
simulated,3718,34.909157114083584
simulated,3719,10.792270723455989
simulated,3720,112.94566081459784
simulated,3721,18.683413128461872
simulated,3722,22.654637074450694
simulated,3723,30.529326066948506
simulated,3724,52.64005234109091
simulated,3725,18.110977403829477
simulated,3726,27.208779625645096
simulated,3727,46.126825998710466
simulated,3728,24.057031260612256
simulated,3729,29.370585232807823
simulated,3730,37.156763896257004
simulated,3731,10.567445188641194
simulated,3732,27.760894402751816
simulated,3733,24.95325603126821
simulated,3734,29.637327800994402
simulated,3735,23.221309454391893
simulated,3736,56.716373670580936
simulated,3737,33.251153737780996
simulated,3738,111.19297162798844
simulated,3739,29.66757042054318
simulated,3740,46.77573671537443
simulated,3741,58.664672308740634
simulated,3742,5.385808132173486
simulated,3743,14.492626324374521
simulated,3744,26.419253355406838
simulated,3745,49.95524139813662
simulated,3746,17.589705297311916
simulated,3747,37.6638798449722
simulated,3748,27.40590607423727
simulated,3749,38.95158813690015
simulated,3750,23.099739983076983
simulated,3751,98.66055722380213
simulated,3752,56.40654096379574
simulated,3753,10.30779498082979
simulated,3754,55.14011370075791
simulated,3755,32.005117797852755
simulated,3756,30.51088628410273
simulated,3757,13.136451758913434
simulated,3758,13.08072721117831
simulated,3759,53.238328970845956
simulated,3760,21.87525501659203
simulated,3761,37.63764962107065
simulated,3762,12.61393041106169
simulated,3763,25.760597264006016
simulated,3764,39.01852935780913
simulated,3765,35.55731972176156
simulated,3766,29.666082767813734
simulated,3767,67.2157418732571
simulated,3768,19.09426162415087
simulated,3769,14.232186600099718
simulated,3770,29.6009336384636
simulated,3771,83.49393284426462
simulated,3772,111.50622844826725
simulated,3773,19.014352789765045
simulated,3774,46.76567017968018
simulated,3775,36.543650272162196
simulated,3776,31.340908774111817
simulated,3777,43.862899509114506
simulated,3778,65.51300408221333
simulated,3779,17.710562460572184
simulated,3780,11.256111127785559
simulated,3781,44.82775131104639
simulated,3782,43.753610826946854
simulated,3783,69.91589878031542
simulated,3784,12.3759510634458
simulated,3785,16.280473904695175
simulated,3786,34.826298497076095
simulated,3787,27.610622327673582
simulated,3788,38.8933960111362
simulated,3789,20.146975393907404
simulated,3790,77.70281543385228
simulated,3791,64.15909381073457
simulated,3792,25.641728499674933
simulated,3793,43.17392523079519
simulated,3794,39.695157426185446
simulated,3795,17.801307563998865
simulated,3796,41.68827426467987
simulated,3797,56.49718120603967
simulated,3798,13.750499984312457
simulated,3799,32.46121372022521
simulated,3800,55.21556634008264
simulated,3801,21.531828972540463
simulated,3802,17.94615118402143
simulated,3803,9.620196251347302
simulated,3804,69.56075491293282
simulated,3805,44.99842598476789
simulated,3806,72.82154564961803
simulated,3807,42.5110594195545
simulated,3808,130.9076193001888
simulated,3809,10.894836814867773
simulated,3810,19.41354468590759
simulated,3811,15.086600765842025
simulated,3812,20.822703938661345
simulated,3813,110.71183918746277
simulated,3814,18.803570137074566
simulated,3815,20.56301448649159
simulated,3816,18.881664463989825
simulated,3817,45.28680694068854
simulated,3818,24.8633506286051
simulated,3819,36.078042254379675
simulated,3820,67.38212092447547
simulated,3821,36.796945768185154
simulated,3822,39.75871282870606
simulated,3823,23.314174162429747
simulated,3824,21.587260641311772
simulated,3825,52.412067989351215
simulated,3826,30.468229023544875
simulated,3827,48.519721591287635
simulated,3828,10.714103351181217
simulated,3829,69.43543407285097
simulated,3830,16.221500697902936
simulated,3831,20.66446901314407
simulated,3832,57.13222467208456
simulated,3833,20.582066444447957
simulated,3834,71.43157527842025
simulated,3835,19.80514700405738
simulated,3836,15.511603098941185
simulated,3837,36.11260704968465
simulated,3838,37.62352613325815
simulated,3839,20.50133502383438
simulated,3840,27.491493471787393
simulated,3841,25.905883449511784
simulated,3842,57.91853751311435
simulated,3843,142.4353403927729
simulated,3844,37.45734500459125
simulated,3845,41.59629442008754
simulated,3846,10.579531552962028
simulated,3847,6.408430865651553
simulated,3848,19.8844741534466
simulated,3849,49.390532735868234
simulated,3850,12.965423218618628
simulated,3851,18.073261333530827
simulated,3852,73.184950342186
simulated,3853,42.59439796134567
simulated,3854,120.78764381245446
simulated,3855,31.35668799170475
simulated,3856,40.63871836773133
simulated,3857,28.258053170556586
simulated,3858,36.677759820297695
simulated,3859,35.4306444457316
simulated,3860,18.37813664425137
simulated,3861,36.75662258617996
simulated,3862,44.3266276113903
simulated,3863,62.687791358607036
simulated,3864,13.609019746293141
simulated,3865,16.659526507213286
simulated,3866,52.73209510634244
simulated,3867,12.810487896268757
simulated,3868,26.442946537226476
simulated,3869,93.3665437763622
simulated,3870,29.87476789387229
simulated,3871,38.08155840451888
simulated,3872,48.405499906931524
simulated,3873,37.45125919882079
simulated,3874,17.240660396279203
simulated,3875,20.58882982118956
simulated,3876,27.500784639943447
simulated,3877,13.160296941454048
simulated,3878,53.5710662763547
simulated,3879,47.21726041648064
simulated,3880,105.88378908987283
simulated,3881,37.18914732209332
simulated,3882,74.2849169922245
simulated,3883,57.86021395641691
simulated,3884,10.0799659246459
simulated,3885,48.69921274097989
simulated,3886,46.181045464949285
simulated,3887,94.86933582737561
simulated,3888,9.379999372820588
simulated,3889,15.068409131701536
simulated,3890,165.56388189218094
simulated,3891,15.404856556210518
simulated,3892,139.73142515382423
simulated,3893,25.813306198362945
simulated,3894,38.83071668108316
simulated,3895,12.299161669619057
simulated,3896,11.241854132116075
simulated,3897,12.075596825253081
simulated,3898,18.665705448809202
simulated,3899,32.68857024325255
simulated,3900,55.05712911815999
simulated,3901,24.149139788542996
simulated,3902,45.51865172976363
simulated,3903,78.09283103823071
simulated,3904,112.90874264253202
simulated,3905,97.54006631777995
simulated,3906,22.915296671662546
simulated,3907,23.984327026212753
simulated,3908,15.71900855456482
simulated,3909,25.77267098272829
simulated,3910,110.9027320375761
simulated,3911,40.864255966216
simulated,3912,19.996363880741566
simulated,3913,33.74933063099662
simulated,3914,121.52969395695588
simulated,3915,17.038622542346037
simulated,3916,49.14541352866869
simulated,3917,23.17462823739446
simulated,3918,34.19644974929334
simulated,3919,90.17696194629106
simulated,3920,50.05085059716217
simulated,3921,26.851380906938903
simulated,3922,40.55736232876403
simulated,3923,13.682661727198875
simulated,3924,200.14187608897663
simulated,3925,8.38979359958056
simulated,3926,28.68657870369129
simulated,3927,33.71209662630391
simulated,3928,13.11739971035181
simulated,3929,19.52780573807801
simulated,3930,29.925437584141747
simulated,3931,83.38662574535168
simulated,3932,49.48098984976467
simulated,3933,21.62100996113167
simulated,3934,47.88924801281118
simulated,3935,16.120976423693428
simulated,3936,22.59943840256595
simulated,3937,26.470385144481472
simulated,3938,115.42827774888157
simulated,3939,20.55110058334067
simulated,3940,53.14102664382496
simulated,3941,23.560797888202828
simulated,3942,58.95218348480588
simulated,3943,38.66270248897619
simulated,3944,57.17986913625339
simulated,3945,27.70353549068599
simulated,3946,31.80862181282878
simulated,3947,114.8889155839407
simulated,3948,26.426950533102904
simulated,3949,16.862884915354933
simulated,3950,19.88176791282472
simulated,3951,24.30998605416845
simulated,3952,32.42858808550623
simulated,3953,47.82422893512894
simulated,3954,20.745312012966014
simulated,3955,46.82787306977024
simulated,3956,38.61867227004264
simulated,3957,17.423845972931634
simulated,3958,14.631043993995002
simulated,3959,24.953287970616927
simulated,3960,62.45674487349814
simulated,3961,72.39666694134822
simulated,3962,24.640703313511693
simulated,3963,48.1044559637084
simulated,3964,54.93306400346502
simulated,3965,44.20028112547806
simulated,3966,50.110181443557686
simulated,3967,49.19695046652653
simulated,3968,55.48027573628477
simulated,3969,63.79586612947621
simulated,3970,9.499155386921583
simulated,3971,24.445200985341305
simulated,3972,22.835447410959954
simulated,3973,23.27477645437938
simulated,3974,16.371656613503763
simulated,3975,28.502471126311676
simulated,3976,41.7905231477644
simulated,3977,33.00442885605679
simulated,3978,37.571815017009
simulated,3979,32.43963246837842
simulated,3980,56.64572700873406
simulated,3981,31.560102743958826
simulated,3982,91.97499404539373
simulated,3983,28.28587273783335
simulated,3984,36.6218305084583
simulated,3985,8.18256189119655
simulated,3986,21.261551872848145
simulated,3987,28.547080154070525
simulated,3988,59.89787188045885
simulated,3989,15.95763725405252
simulated,3990,40.34939094980916
simulated,3991,10.467017486302161
simulated,3992,78.11423226842116
simulated,3993,24.259912325258142
simulated,3994,42.80311866877474
simulated,3995,9.778167514563712
simulated,3996,23.25348478024123
simulated,3997,17.07404149352027
simulated,3998,25.318895125730755
simulated,3999,7.587456252827783
simulated,4000,16.749145180381362
simulated,4001,20.07960274416979
simulated,4002,4.351783420426871
simulated,4003,56.987233845744
simulated,4004,21.93126187582854
simulated,4005,9.67020759864133
simulated,4006,20.79609043097259
simulated,4007,27.10448928507252
simulated,4008,130.4465215824353
simulated,4009,44.37444362655004
simulated,4010,28.46727749551217
simulated,4011,36.862607976796895
simulated,4012,4.367748696976124
simulated,4013,14.311132656036472
simulated,4014,53.98419824379214
simulated,4015,76.7787237431941
simulated,4016,11.499962827207398
simulated,4017,14.595568725737081
simulated,4018,18.575334653574345
simulated,4019,29.843199427893623
simulated,4020,14.117780627173149
simulated,4021,33.59415754498904
simulated,4022,33.2978757365747
simulated,4023,23.438094659446275
simulated,4024,29.8770335604707
simulated,4025,20.206176350915328
simulated,4026,40.31291922349786
simulated,4027,14.322555748612258
simulated,4028,74.05304029712597
simulated,4029,19.537973031162963
simulated,4030,45.62523698443729
simulated,4031,22.23205812531612
simulated,4032,48.10328048430877
simulated,4033,9.881913518881678
simulated,4034,22.39524177230881
simulated,4035,31.86774204749434
simulated,4036,58.545229086510076
simulated,4037,20.039659636029565
simulated,4038,65.22729724789659
simulated,4039,64.27016309877564
simulated,4040,27.946835553474205
simulated,4041,37.65477958387669
simulated,4042,29.478162918820647
simulated,4043,23.684003498547526
simulated,4044,30.79037956114498
simulated,4045,41.9986488802158
simulated,4046,24.65705185274061
simulated,4047,69.60999523149813
simulated,4048,75.29486187548024
simulated,4049,36.84479318019598
simulated,4050,28.95671993588745
simulated,4051,31.38222518744802
simulated,4052,21.943179441794793
simulated,4053,63.01558810615139
simulated,4054,55.655823092464665
simulated,4055,30.653951523673165
simulated,4056,41.53126417885281
simulated,4057,22.82105134881803
simulated,4058,89.64317626339168
simulated,4059,46.887957944400604
simulated,4060,16.022690387082637
simulated,4061,29.351702590815343
simulated,4062,26.60429893223666
simulated,4063,40.26262155433859
simulated,4064,41.6564041354652
simulated,4065,102.54747294169616
simulated,4066,30.653270020905644
simulated,4067,16.681381346012472
simulated,4068,44.10110309649841
simulated,4069,15.407022117375936
simulated,4070,15.791002309219579
simulated,4071,156.58990314748002
simulated,4072,12.318097930443693
simulated,4073,25.481979415448247
simulated,4074,26.0868169325897
simulated,4075,10.199744143820158
simulated,4076,30.165598416814802
simulated,4077,40.11191202768408
simulated,4078,67.13376708908874
simulated,4079,111.10377035747186
simulated,4080,29.96200892734422
simulated,4081,67.28569988766105
simulated,4082,76.99727060569246
simulated,4083,22.913392296006528
simulated,4084,46.578446729668116
simulated,4085,64.06489021176486
simulated,4086,27.785755012892174
simulated,4087,16.907823628133926
simulated,4088,17.129226144880725
simulated,4089,9.801557419322886
simulated,4090,21.75251254769272
simulated,4091,68.03597168173712
simulated,4092,6.301560618267939
simulated,4093,54.82662341682938
simulated,4094,68.84537827732328
simulated,4095,43.55495290820179
simulated,4096,61.03076419917213
simulated,4097,30.07704211550834
simulated,4098,15.264568175203205
simulated,4099,94.17014799672148
simulated,4100,33.62495775167458
simulated,4101,37.002561186944725
simulated,4102,18.696459213568367
simulated,4103,9.428038516222085
simulated,4104,38.33381048338639
simulated,4105,20.291138805388236
simulated,4106,33.48412863596274
simulated,4107,43.32486140439783
simulated,4108,58.57874940041446
simulated,4109,46.168912694359896
simulated,4110,22.9034213994589
simulated,4111,20.937267517424633
simulated,4112,33.50811305237409
simulated,4113,41.597267962639904
simulated,4114,22.809481136219148
simulated,4115,29.16976155342241
simulated,4116,30.49420506371087
simulated,4117,6.849540900878773
simulated,4118,90.86071203801632
simulated,4119,77.8490226101063
simulated,4120,31.283486490779246
simulated,4121,50.31735295124575
simulated,4122,42.03105610463494
simulated,4123,28.471380806269895
simulated,4124,26.659373393962333
simulated,4125,87.45121549857394
simulated,4126,20.66604900377255
simulated,4127,27.010521750094576
simulated,4128,29.15891804242238
simulated,4129,18.790794823688913
simulated,4130,26.03287685700615
simulated,4131,3.0392185538084915
simulated,4132,14.161926423697658
simulated,4133,46.67635797572515
simulated,4134,16.919725601151615
simulated,4135,17.84526816001886
simulated,4136,32.773993077849966
simulated,4137,26.772615088508974
simulated,4138,4.361796296038297
simulated,4139,21.22631862949282
simulated,4140,5.404669658121945
simulated,4141,23.735132246290213
simulated,4142,58.69248011854325
simulated,4143,94.64588185506634
simulated,4144,5.684670077656918
simulated,4145,14.160917768114388
simulated,4146,15.659481374314874
simulated,4147,20.57812147794069
simulated,4148,60.70363111124229
simulated,4149,20.66777918215056
simulated,4150,21.41089479233681
simulated,4151,71.33873785199214
simulated,4152,11.597577462364978
simulated,4153,9.795036786193767
simulated,4154,28.635283146114553
simulated,4155,15.13675560715144
simulated,4156,23.0586405692651
simulated,4157,16.949737163443196
simulated,4158,33.87046871701012
simulated,4159,47.224496909048405
simulated,4160,19.93848377274813
simulated,4161,11.468651397641715
simulated,4162,22.91415759994502
simulated,4163,95.10951110472656
simulated,4164,31.441918985367494
simulated,4165,30.771777359748718
simulated,4166,76.49527227923022
simulated,4167,39.72488199223891
simulated,4168,58.63698631763293
simulated,4169,47.0376458557099
simulated,4170,13.0093168753955
simulated,4171,10.533942042236593
simulated,4172,15.040246156234414
simulated,4173,28.46165042880423
simulated,4174,73.37541654570575
simulated,4175,187.27511489218796
simulated,4176,20.72980062904598
simulated,4177,6.952465623364591
simulated,4178,26.943248240597626
simulated,4179,17.83451091503619
simulated,4180,34.44119927023263
simulated,4181,13.454240336584974
simulated,4182,75.722097480743
simulated,4183,13.198999152610966
simulated,4184,73.682202043027
simulated,4185,29.950264753057017
simulated,4186,63.20242332411919
simulated,4187,19.97364308904712
simulated,4188,5.795003451705499
simulated,4189,30.361235898577664
simulated,4190,41.89940592397595
simulated,4191,15.452903601383916
simulated,4192,113.30016220661477
simulated,4193,42.039006145744736
simulated,4194,94.66771922754228
simulated,4195,61.04476432215533
simulated,4196,57.713124962498654
simulated,4197,74.49968894585051
simulated,4198,20.39292637141333
simulated,4199,43.48195724745754
simulated,4200,131.17571552978742
simulated,4201,31.93775302103955
simulated,4202,7.589208825319336
simulated,4203,19.845889137907633
simulated,4204,39.80176463577058
simulated,4205,83.60861645804593
simulated,4206,50.48772426586424
simulated,4207,20.896175068133285
simulated,4208,9.969742619330425
simulated,4209,24.21451390977156
simulated,4210,65.23538561263663
simulated,4211,38.02984442640446
simulated,4212,154.25255858479915
simulated,4213,51.40698487222634
simulated,4214,46.499179249268245
simulated,4215,50.875027367568
simulated,4216,48.57055587111495
simulated,4217,55.69971944513327
simulated,4218,25.039589477946908
simulated,4219,11.410853300933269
simulated,4220,40.69802661355551
simulated,4221,4.904904335770594
simulated,4222,37.25846817592057
simulated,4223,41.60675916643315
simulated,4224,102.82224915026379
simulated,4225,31.350718316705585
simulated,4226,3.9181386060360444
simulated,4227,44.25419721479457
simulated,4228,36.74964655322867
simulated,4229,342.9561741979846
simulated,4230,32.86386888130848
simulated,4231,42.725210047587545
simulated,4232,44.36826929024077
simulated,4233,11.454096829914306
simulated,4234,11.61847954708747
simulated,4235,49.99859188320073
simulated,4236,90.29913281581919
simulated,4237,80.78632718482379
simulated,4238,18.296107695682753
simulated,4239,25.582168224257806
simulated,4240,24.751718288293418
simulated,4241,38.147446189033346
simulated,4242,27.686277676017024
simulated,4243,29.89485108896413
simulated,4244,26.491264397790175
simulated,4245,40.56819915735551
simulated,4246,68.71492364188838
simulated,4247,18.038623118506155
simulated,4248,27.93202282895195
simulated,4249,16.22145991029892
simulated,4250,129.8120355441388
simulated,4251,9.598744432560157
simulated,4252,19.1084753486912
simulated,4253,42.71623718684779
simulated,4254,28.84248354124867
simulated,4255,31.175007421251863
simulated,4256,41.790188819082736
simulated,4257,39.80176350830372
simulated,4258,32.09733245502835
simulated,4259,26.649069419612815
simulated,4260,27.531769691057338
simulated,4261,113.74843079780797
simulated,4262,16.944314787757627
simulated,4263,8.05984379330141
simulated,4264,62.204853587538985
simulated,4265,33.30346278179672
simulated,4266,23.439291672296815
simulated,4267,33.7861139300887
simulated,4268,39.91146529588279
simulated,4269,21.73131971121316
simulated,4270,38.88524061753147
simulated,4271,26.957191028872927
simulated,4272,24.937544913006803
simulated,4273,12.877905507413287
simulated,4274,26.237440020497843
simulated,4275,16.614379669086283
simulated,4276,32.82190212217446
simulated,4277,26.371408227032312
simulated,4278,65.5315563037013
simulated,4279,14.567279340864435
simulated,4280,45.823418084570314
simulated,4281,77.78043861550962
simulated,4282,39.88260967983287
simulated,4283,43.46771414375727
simulated,4284,54.57940576911856
simulated,4285,71.73605866026617
simulated,4286,28.080435999768646
simulated,4287,12.017227801989899
simulated,4288,132.03849336312038
simulated,4289,112.8406227905319
simulated,4290,136.85017222283068
simulated,4291,7.997774012516468
simulated,4292,260.1901915391597
simulated,4293,21.63628053766311
simulated,4294,26.51270738970483
simulated,4295,57.57654818504413
simulated,4296,68.32698892866583
simulated,4297,64.5680528642962
simulated,4298,147.4286951165135
simulated,4299,52.021748653204185
simulated,4300,70.60327294631975
simulated,4301,23.288693150996526
simulated,4302,17.969006380345814
simulated,4303,42.526374401507944
simulated,4304,23.004843335365962
simulated,4305,9.884652598000397
simulated,4306,21.044193792474932
simulated,4307,48.25299015032573
simulated,4308,89.57773471418506
simulated,4309,29.91760231878473
simulated,4310,33.64517763322306
simulated,4311,30.42150062300671
simulated,4312,15.31545318591505
simulated,4313,30.145542476056626
simulated,4314,34.472552431666806
simulated,4315,23.572284668408233
simulated,4316,9.461446674102255
simulated,4317,19.933916442733896
simulated,4318,27.373486813812715
simulated,4319,44.44047897439784
simulated,4320,12.446367693203506
simulated,4321,33.02002742923767
simulated,4322,39.06487496326522
simulated,4323,56.74490620949506
simulated,4324,14.789961176482539
simulated,4325,49.75460799668399
simulated,4326,26.17134365383134
simulated,4327,17.990718874368618
simulated,4328,18.8462557674114
simulated,4329,21.951876624681578
simulated,4330,48.672331414142384
simulated,4331,67.81081713462834
simulated,4332,32.808178597549244
simulated,4333,141.19465735645812
simulated,4334,27.891115525678426
simulated,4335,30.782957905823945
simulated,4336,34.42408842278652
simulated,4337,63.37238421456292
simulated,4338,69.1550455316088
simulated,4339,59.25687802943977
simulated,4340,18.809277735229653
simulated,4341,16.85743593327551
simulated,4342,146.42980984677627
simulated,4343,35.24608005467397
simulated,4344,11.319515464217556
simulated,4345,14.041641256370022
simulated,4346,84.7941393647563
simulated,4347,28.188100988120322
simulated,4348,113.04319859210389
simulated,4349,6.854928246480225
simulated,4350,53.91453325665457
simulated,4351,39.28560218754196
simulated,4352,4.6688203530257235
simulated,4353,24.152494929905366
simulated,4354,81.31841168708127
simulated,4355,21.920052559289775
simulated,4356,14.904201168159886
simulated,4357,36.914012990660424
simulated,4358,79.55951591385372
simulated,4359,25.71895111349251
simulated,4360,12.658550781393181
simulated,4361,30.45798803050751
simulated,4362,58.7032636630827
simulated,4363,9.266469649343556
simulated,4364,29.19476679089617
simulated,4365,12.72216591927415
simulated,4366,46.28826721647819
simulated,4367,153.8543948851269
simulated,4368,25.431541283407
simulated,4369,23.722952979842816
simulated,4370,63.50579073787725
simulated,4371,46.324821008499164
simulated,4372,39.14531790728418
simulated,4373,16.50278956184895
simulated,4374,48.732415636455194
simulated,4375,29.39661857222215
simulated,4376,7.582623573922238
simulated,4377,25.348868545980473
simulated,4378,29.647107456867918
simulated,4379,42.195357632191744
simulated,4380,34.236357202316306
simulated,4381,52.37884860850009
simulated,4382,19.67812533302642
simulated,4383,20.051954837462436
simulated,4384,26.73573804526975
simulated,4385,19.99130084973406
simulated,4386,62.630495918507314
simulated,4387,35.59565640926145
simulated,4388,139.36339615797647
simulated,4389,78.46289252776197
simulated,4390,10.640434568219241
simulated,4391,50.413759030358335
simulated,4392,19.05493034302946
simulated,4393,24.11899450687816
simulated,4394,37.852504427471374
simulated,4395,17.249099782635938
simulated,4396,101.0384081606304
simulated,4397,99.06570085731241
simulated,4398,32.07472333462641
simulated,4399,30.28187212666327
simulated,4400,68.58845565420431
simulated,4401,34.73383955218405
simulated,4402,48.70213973978532
simulated,4403,16.11720622906639
simulated,4404,31.040913534725963
simulated,4405,46.986197264634555
simulated,4406,59.48736629279335
simulated,4407,52.00149849838326
simulated,4408,12.280370527741251
simulated,4409,64.44291759195175
simulated,4410,24.54385062989093
simulated,4411,5.008747805882747
simulated,4412,140.31997151547728
simulated,4413,57.94938318369435
simulated,4414,18.273965292270873
simulated,4415,118.75016824407419
simulated,4416,14.602314226984614
simulated,4417,53.80157084678764
simulated,4418,14.323633115389468
simulated,4419,15.350971070377472
simulated,4420,82.27581701563292
simulated,4421,29.02187978581204
simulated,4422,34.48795320995833
simulated,4423,39.44727854137758
simulated,4424,75.42577200036794
simulated,4425,47.351259027921984
simulated,4426,61.93633417770401
simulated,4427,22.59696937718855
simulated,4428,33.881964992293774
simulated,4429,12.042925946343153
simulated,4430,16.068713171960162
simulated,4431,26.535252701640488
simulated,4432,79.0757330605268
simulated,4433,136.834404758222
simulated,4434,23.83868850899131
simulated,4435,24.561594428109615
simulated,4436,42.30099592051548
simulated,4437,10.143132313591943
simulated,4438,45.80791663120287
simulated,4439,19.261415950408175
simulated,4440,38.315177214470836
simulated,4441,21.62263407152222
simulated,4442,13.359682193426085
simulated,4443,57.685155495180354
simulated,4444,13.982573683183098
simulated,4445,59.36961848538715
simulated,4446,55.01144850524619
simulated,4447,13.113317254604537
simulated,4448,49.49727378116527
simulated,4449,35.53230576309708
simulated,4450,28.638013712119285
simulated,4451,30.238655542115485
simulated,4452,28.387653606189215
simulated,4453,9.744035415302466
simulated,4454,10.714112490450322
simulated,4455,14.065474904500206
simulated,4456,50.16204409317384
simulated,4457,108.81915373937431
simulated,4458,43.03600578715326
simulated,4459,8.967566701254224
simulated,4460,25.628142459603094
simulated,4461,78.87776742099182
simulated,4462,14.028271715507014
simulated,4463,40.39055560360585
simulated,4464,63.67018791994412
simulated,4465,40.33319690159595
simulated,4466,35.061543580890316
simulated,4467,31.534304446600736
simulated,4468,239.11598395505277
simulated,4469,30.08617418356153
simulated,4470,29.175699876470333
simulated,4471,41.13938026134323
simulated,4472,52.95190121721517
simulated,4473,18.087957013984703
simulated,4474,16.246888604857386
simulated,4475,68.75950795862643
simulated,4476,14.162250265857574
simulated,4477,35.55510450320711
simulated,4478,35.65871719198988
simulated,4479,10.293938851219467
simulated,4480,30.90095217678888
simulated,4481,55.83896364245257
simulated,4482,29.32855873791374
simulated,4483,37.477207544124205
simulated,4484,45.867953572868544
simulated,4485,57.18056832500577
simulated,4486,44.74302149695688
simulated,4487,35.313682437441265
simulated,4488,63.459757756663976
simulated,4489,52.8388460815857
simulated,4490,2.881157058166418
simulated,4491,73.02525000980305
simulated,4492,71.23507235693165
simulated,4493,52.4273660936031
simulated,4494,20.84951267677253
simulated,4495,21.81284259839431
simulated,4496,26.832326716202356
simulated,4497,12.802132974258218
simulated,4498,38.86486990896497
simulated,4499,40.333387063142865
simulated,4500,19.105315784482578
simulated,4501,44.27491126364847
simulated,4502,9.988562773715863
simulated,4503,28.089545281738438
simulated,4504,29.23079566305929
simulated,4505,37.29425441036734
simulated,4506,18.21707642358434
simulated,4507,38.201702628261785
simulated,4508,11.49860237392237
simulated,4509,26.585279444066853
simulated,4510,7.8505135549646345
simulated,4511,95.72574988482468
simulated,4512,16.593510225589917
simulated,4513,20.954509057963755
simulated,4514,8.012867987984697
simulated,4515,16.980604791793166
simulated,4516,34.8509334919019
simulated,4517,22.442375312371396
simulated,4518,26.141844866869143
simulated,4519,13.957487729105377
simulated,4520,30.446309801530198
simulated,4521,125.5734472281937
simulated,4522,26.697647270779953
simulated,4523,101.03467870337474
simulated,4524,33.8219939374012
simulated,4525,87.74747850597979
simulated,4526,89.76718622704593
simulated,4527,21.0363543300123
simulated,4528,15.409725084885604
simulated,4529,95.89863766026713
simulated,4530,58.26407500605168
simulated,4531,45.811810085257946
simulated,4532,25.62702014987383
simulated,4533,16.647966847614047
simulated,4534,23.793510672364174
simulated,4535,27.746737690620446
simulated,4536,58.406843125440005
simulated,4537,34.217976910724616
simulated,4538,63.62033340024655
simulated,4539,70.61194446583008
simulated,4540,80.0412819093186
simulated,4541,31.563120244862127
simulated,4542,56.418553584124474
simulated,4543,34.34234564540533
simulated,4544,10.690896049230254
simulated,4545,29.600384738885253
simulated,4546,23.27912035949325
simulated,4547,16.47234910814316
simulated,4548,62.16743252754439
simulated,4549,38.45948966235965
simulated,4550,130.50991758613154
simulated,4551,81.00436826506257
simulated,4552,4.702691061450719
simulated,4553,81.36868472438525
simulated,4554,24.150792227631555
simulated,4555,21.24486225620629
simulated,4556,36.56761674898697
simulated,4557,51.55849694421914
simulated,4558,294.78591348341206
simulated,4559,32.53937252060538
simulated,4560,44.01300767856774
simulated,4561,28.352953521557836
simulated,4562,12.602695961577192
simulated,4563,35.6546048955862
simulated,4564,48.949964120538816
simulated,4565,142.40531917226014
simulated,4566,35.358565773642525
simulated,4567,53.2294929474744
simulated,4568,5.3123890987337505
simulated,4569,21.048917105080566
simulated,4570,97.15150430685733
simulated,4571,11.84169930156046
simulated,4572,33.347334228400314
simulated,4573,12.787321826977047
simulated,4574,56.983228005118335
simulated,4575,26.115805392479185
simulated,4576,20.73991463311829
simulated,4577,49.870851325799705
simulated,4578,27.380628653195906
simulated,4579,171.3181289897631
simulated,4580,11.69235913065133
simulated,4581,33.299002404238145
simulated,4582,32.725139990275146
simulated,4583,16.52650829624172
simulated,4584,10.74598494542066
simulated,4585,30.543935136288262
simulated,4586,18.17646934292754
simulated,4587,27.121061704574252
simulated,4588,86.40644766073294
simulated,4589,42.77980598148065
simulated,4590,9.828159393320046
simulated,4591,14.981125893760007
simulated,4592,234.83535217480383
simulated,4593,184.02065232549745
simulated,4594,19.568185609564097
simulated,4595,55.36708954601044
simulated,4596,56.59063866358004
simulated,4597,29.698834398626097
simulated,4598,14.667915351559373
simulated,4599,38.27918242030769
simulated,4600,53.796613356063624
simulated,4601,81.74417789685492
simulated,4602,31.256268527568675
simulated,4603,45.26494326859907
simulated,4604,17.8226152828241
simulated,4605,74.63948933956317
simulated,4606,17.418192898332215
simulated,4607,31.645256797073216
simulated,4608,169.78922843326114
simulated,4609,56.17251229422405
simulated,4610,48.58099849719835
simulated,4611,17.365923340552165
simulated,4612,37.65966145984919
simulated,4613,14.235108119662852
simulated,4614,60.511293714973505
simulated,4615,15.319786567423
simulated,4616,25.207830901332525
simulated,4617,12.441320888633857
simulated,4618,90.8206570197914
simulated,4619,21.558466500700884
simulated,4620,19.743531812286925
simulated,4621,14.564223632551693
simulated,4622,64.2162517489998
simulated,4623,79.15456642928073
simulated,4624,10.03870547677942
simulated,4625,28.976119375300904
simulated,4626,16.125159577987763
simulated,4627,102.34174711357987
simulated,4628,15.552830627680654
simulated,4629,15.169551952905344
simulated,4630,43.46198729647083
simulated,4631,25.807481961505225
simulated,4632,53.51323212912714
simulated,4633,135.4700872682589
simulated,4634,63.03824387311928
simulated,4635,93.0671732205985
simulated,4636,51.93633445581651
simulated,4637,23.744022065470805
simulated,4638,25.486355940755946
simulated,4639,132.6816971031686
simulated,4640,18.200756143509004
simulated,4641,21.462315010648307
simulated,4642,15.30042449668733
simulated,4643,18.6462966803118
simulated,4644,31.05004507240416
simulated,4645,16.39706157030079
simulated,4646,81.67876258654283
simulated,4647,37.263319758385485
simulated,4648,23.23927350747296
simulated,4649,28.676882385876524
simulated,4650,66.2707211826849
simulated,4651,34.141916048584115
simulated,4652,64.82762252634993
simulated,4653,19.92027654930849
simulated,4654,46.879050280091086
simulated,4655,47.93412317846858
simulated,4656,22.17313101375907
simulated,4657,44.09606571636776
simulated,4658,13.63646283021957
simulated,4659,85.39461711128153
simulated,4660,22.570234674765572
simulated,4661,22.51367506133227
simulated,4662,24.516073796798846
simulated,4663,72.58219015471154
simulated,4664,7.019881604921047
simulated,4665,23.202662398232118
simulated,4666,11.609512324034988
simulated,4667,43.65078435539415
simulated,4668,68.5299016010256
simulated,4669,25.703573575150813
simulated,4670,98.55944576617973
simulated,4671,18.285624905790485
simulated,4672,27.905273023753438
simulated,4673,30.57755519109711
simulated,4674,38.347890709541
simulated,4675,88.59894250547816
simulated,4676,18.851207619546678
simulated,4677,75.36471117055841
simulated,4678,53.927266002902385
simulated,4679,73.23757669772613
simulated,4680,34.036364947012025
simulated,4681,4.4387089285631145
simulated,4682,64.40523656006579
simulated,4683,6.046975477638602
simulated,4684,62.20148341645232
simulated,4685,14.67728572303979
simulated,4686,62.24949017004312
simulated,4687,68.67581579830342
simulated,4688,22.274026560209244
simulated,4689,45.15936974058679
simulated,4690,156.92052061144807
simulated,4691,13.344827220267357
simulated,4692,22.874579190546655
simulated,4693,55.86428166961086
simulated,4694,54.64020665202431
simulated,4695,86.74727078815764
simulated,4696,16.54813502447108
simulated,4697,20.845571333892465
simulated,4698,13.954123084945872
simulated,4699,8.21059810615289
simulated,4700,33.59835104262169
simulated,4701,14.329355286231017
simulated,4702,47.0589489576825
simulated,4703,39.55545398199747
simulated,4704,101.98486177901965
simulated,4705,27.087473590473447
simulated,4706,34.4529916056976
simulated,4707,34.219788155288924
simulated,4708,26.375023712855796
simulated,4709,32.30668556092784
simulated,4710,79.23384218307294
simulated,4711,33.48820892208251
simulated,4712,14.068362543159626
simulated,4713,34.74201703302504
simulated,4714,40.310733379500945
simulated,4715,38.1910071381413
simulated,4716,57.083020284293404
simulated,4717,29.19517452673603
simulated,4718,44.16162780911597
simulated,4719,27.108120976944722
simulated,4720,51.64591015446383
simulated,4721,161.95628883951227
simulated,4722,85.285223098841
simulated,4723,16.67086900526822
simulated,4724,11.621109198137574
simulated,4725,27.17420473872224
simulated,4726,76.4653196547983
simulated,4727,57.9519906556625
simulated,4728,46.11335870873691
simulated,4729,51.965997107751456
simulated,4730,25.983076096650194
simulated,4731,53.389194729949814
simulated,4732,35.54154935360393
simulated,4733,22.75623921340415
simulated,4734,124.61063328572733
simulated,4735,32.886714850008005
simulated,4736,29.267556742909814
simulated,4737,12.712894465813577
simulated,4738,2.566644350565491
simulated,4739,46.02670349629164
simulated,4740,32.29840670906869
simulated,4741,23.340057211725547
simulated,4742,24.167387450540666
simulated,4743,23.251697303537895
simulated,4744,47.224927195138946
simulated,4745,18.15780438932012
simulated,4746,18.423717889632027
simulated,4747,11.574045482578246
simulated,4748,51.83123372187108
simulated,4749,43.301993070817524
simulated,4750,14.566268971836722
simulated,4751,38.679961892063226
simulated,4752,43.39654535139323
simulated,4753,63.18094043344061
simulated,4754,30.891810998120427
simulated,4755,20.335553012216003
simulated,4756,29.190075938955395
simulated,4757,7.6570502714571
simulated,4758,9.2084263554317
simulated,4759,25.391440290749465
simulated,4760,40.31854835145003
simulated,4761,16.142476835847233
simulated,4762,101.94514583065023
simulated,4763,6.794455277757798
simulated,4764,61.749684642573264
simulated,4765,28.724056146009957
simulated,4766,239.69975214195614
simulated,4767,44.330880393152846
simulated,4768,25.502324673551186
simulated,4769,28.262809018899205
simulated,4770,14.79253755740231
simulated,4771,22.28745058026137
simulated,4772,72.02134746277551
simulated,4773,21.58908039647058
simulated,4774,51.94887375433278
simulated,4775,20.852987838806364
simulated,4776,13.690654913431466
simulated,4777,27.008240685839453
simulated,4778,40.749564072660185
simulated,4779,62.89924303902001
simulated,4780,36.844035916013866
simulated,4781,15.578326613975175
simulated,4782,47.586445595137114
simulated,4783,63.695412844312905
simulated,4784,16.468554273844205
simulated,4785,23.418926873856634
simulated,4786,70.85443617390138
simulated,4787,20.87898028777834
simulated,4788,36.16050043603691
simulated,4789,146.4309214915572
simulated,4790,161.43621933841314
simulated,4791,15.763411599285828
simulated,4792,23.81744890952376
simulated,4793,45.519815303571036
simulated,4794,11.852186177801887
simulated,4795,3.731410484632449
simulated,4796,73.31125309213368
simulated,4797,6.565420737244568
simulated,4798,19.938739297504945
simulated,4799,41.48593041498765
simulated,4800,14.505160920252848
simulated,4801,183.9418878014157
simulated,4802,55.75990354132753
simulated,4803,27.46115027077281
simulated,4804,18.492134532600588
simulated,4805,39.85459893643096
simulated,4806,15.620340761820572
simulated,4807,32.97730427283901
simulated,4808,32.272041846845475
simulated,4809,31.811995070943727
simulated,4810,27.25346155725286
simulated,4811,37.958512397928594
simulated,4812,37.83915878104303
simulated,4813,19.27802055891646
simulated,4814,4.018440554760217
simulated,4815,33.82782619099783
simulated,4816,82.79764303966003
simulated,4817,35.58000044691108
simulated,4818,112.72471528158376
simulated,4819,48.592132373402926
simulated,4820,34.880632640997426
simulated,4821,30.719067397641545
simulated,4822,16.993205778296414
simulated,4823,31.25329578770651
simulated,4824,101.93542922035554
simulated,4825,22.867139278196802
simulated,4826,25.04290757936253
simulated,4827,46.60922204709083
simulated,4828,19.894378526623715
simulated,4829,164.40773102288568
simulated,4830,15.915014712822813
simulated,4831,25.927100875193236
simulated,4832,46.92174794424881
simulated,4833,88.12729828668519
simulated,4834,14.721925422403613
simulated,4835,54.58887552685681
simulated,4836,16.670210973432514
simulated,4837,42.628525830711006
simulated,4838,59.12594002061629
simulated,4839,22.532899563969508
simulated,4840,27.790740482488072
simulated,4841,45.19016204327535
simulated,4842,49.94265181006473
simulated,4843,76.21403751428377
simulated,4844,36.59501354509048
simulated,4845,30.15482388991316
simulated,4846,79.83719405632698
simulated,4847,11.472997797851054
simulated,4848,47.285854179104625
simulated,4849,18.759766354820126
simulated,4850,28.466021530311572
simulated,4851,14.490640181191301
simulated,4852,10.274330565264409
simulated,4853,190.26075806331278
simulated,4854,8.549099900742059
simulated,4855,15.683295925848611
simulated,4856,43.523798297354624
simulated,4857,35.63339162441315
simulated,4858,91.53060249393394
simulated,4859,159.45588664800252
simulated,4860,19.667891201829562
simulated,4861,88.10286633454847
simulated,4862,40.124022932824055
simulated,4863,58.43965100264835
simulated,4864,25.323144655720117
simulated,4865,34.60215742433784
simulated,4866,20.802673647624548
simulated,4867,51.599714568428546
simulated,4868,41.60840668569847
simulated,4869,17.460234101543037
simulated,4870,45.81006694950576
simulated,4871,126.93426367442059
simulated,4872,135.17777215740233
simulated,4873,40.702602916731216
simulated,4874,23.299280010151957
simulated,4875,32.66189315095294
simulated,4876,48.119340532323584
simulated,4877,45.365325561582765
simulated,4878,75.49805693093994
simulated,4879,8.66347182434745
simulated,4880,163.8085293273086
simulated,4881,5.2227151329836055
simulated,4882,41.18649283417935
simulated,4883,28.695205513133693
simulated,4884,31.102335201700345
simulated,4885,16.453514502996665
simulated,4886,30.991478935298147
simulated,4887,14.559720851912259
simulated,4888,47.546685166089205
simulated,4889,10.564435434295678
simulated,4890,10.947065970105523
simulated,4891,86.80634334164888
simulated,4892,122.76127387005417
simulated,4893,33.61457296091812
simulated,4894,56.46087882916555
simulated,4895,30.628318201887875
simulated,4896,13.120902601539472
simulated,4897,30.340588373170398
simulated,4898,12.69551944689148
simulated,4899,27.24215031233705
simulated,4900,28.543393551100596
simulated,4901,120.54377357889429
simulated,4902,12.009529065534412
simulated,4903,43.10199349119976
simulated,4904,44.70037705889117
simulated,4905,56.00184022124197
simulated,4906,29.320419594596576
simulated,4907,26.600733577730022
simulated,4908,14.097477939856944
simulated,4909,12.535060464072266
simulated,4910,71.00392669294999
simulated,4911,49.46321379743601
simulated,4912,87.7840167331387
simulated,4913,28.87534611259947
simulated,4914,40.494836467893755
simulated,4915,51.908298783047556
simulated,4916,24.130512299943447
simulated,4917,4.213446073867579
simulated,4918,45.63682281555157
simulated,4919,32.335739181764886
simulated,4920,15.937828175850814
simulated,4921,24.632081599282063
simulated,4922,40.72350695900758
simulated,4923,23.173138987727427
simulated,4924,171.77540608383106
simulated,4925,30.36030952850382
simulated,4926,45.23369756903203
simulated,4927,55.82309918099093
simulated,4928,55.318263234735966
simulated,4929,32.10315038267341
simulated,4930,15.470514425276617
simulated,4931,5.112515394265233
simulated,4932,13.398828114977274
simulated,4933,122.6563797412922
simulated,4934,12.07614228687111
simulated,4935,73.49313030077654
simulated,4936,36.243773344488005
simulated,4937,11.915465494935155
simulated,4938,85.04560228899746
simulated,4939,52.74327957208426
simulated,4940,51.159970873997295
simulated,4941,12.073410032971008
simulated,4942,21.998834240572023
simulated,4943,41.65556797390929
simulated,4944,137.58869065389342
simulated,4945,37.00841517482497
simulated,4946,16.837511150912203
simulated,4947,29.244770225587807
simulated,4948,63.26015128013137
simulated,4949,18.651863941174312
simulated,4950,39.27773320795491
simulated,4951,78.13613722955655
simulated,4952,53.87040649823139
simulated,4953,42.377660135239935
simulated,4954,105.81814747084317
simulated,4955,23.94548206337801
simulated,4956,27.666437465368396
simulated,4957,17.215319195196894
simulated,4958,35.059634733082255
simulated,4959,76.51178304526235
simulated,4960,33.96563712893458
simulated,4961,30.889703081734623
simulated,4962,15.8720886652258
simulated,4963,62.392363611005905
simulated,4964,86.27830990389057
simulated,4965,23.539618342280725
simulated,4966,49.181158633422555
simulated,4967,49.86779002892919
simulated,4968,55.686391827318076
simulated,4969,58.10173867822577
simulated,4970,23.014915252583258
simulated,4971,34.56605973188702
simulated,4972,15.538318359351361
simulated,4973,64.35357297229221
simulated,4974,20.339625431294472
simulated,4975,97.75538938891972
simulated,4976,20.32173317688317
simulated,4977,63.74386076129417
simulated,4978,52.07906172773617
simulated,4979,14.390609493523856
simulated,4980,40.54484773950121
simulated,4981,33.79730489368749
simulated,4982,24.210651860475025
simulated,4983,17.506497529346195
simulated,4984,33.44943383986037
simulated,4985,77.6598503487277
simulated,4986,120.88009062741394
simulated,4987,25.602594270329913
simulated,4988,72.32373101430794
simulated,4989,13.110634914237265
simulated,4990,58.31896711978402
simulated,4991,86.39033735285817
simulated,4992,65.99769256259852
simulated,4993,7.168273855010815
simulated,4994,189.60519834881396
simulated,4995,64.33381675440596
simulated,4996,22.98330550018714
simulated,4997,107.29895442230628
simulated,4998,7.778102113366765
simulated,4999,13.46720034712256
simulated,5000,32.863653024000975
simulated,5001,24.25876569051436
simulated,5002,25.398367709109596
simulated,5003,18.222144031089996
simulated,5004,27.520237523989387
simulated,5005,54.20287888244737
simulated,5006,44.23167372061456
simulated,5007,6.766284123021626
simulated,5008,34.8440126363221
simulated,5009,95.90962947175413
simulated,5010,83.09909760244487
simulated,5011,35.13641019207381
simulated,5012,9.632435412847482
simulated,5013,48.33715514524909
simulated,5014,149.30853536015766
simulated,5015,20.001409152808645
simulated,5016,23.652910472782267
simulated,5017,75.11560475886816
simulated,5018,52.43449911257674
simulated,5019,13.73147565997373
simulated,5020,18.656008844987813
simulated,5021,21.959896564854464
simulated,5022,51.8347701657805
simulated,5023,50.04228081707578
simulated,5024,6.746739761613726
simulated,5025,46.38713796459555
simulated,5026,56.58164575870906
simulated,5027,19.283526431550733
simulated,5028,23.805414739278515
simulated,5029,17.571290695880702
simulated,5030,108.57598719764067
simulated,5031,33.20508958055012
simulated,5032,71.84282314169107
simulated,5033,33.557995269392634
simulated,5034,13.8808291838735
simulated,5035,18.524883393724977
simulated,5036,23.942916914187077
simulated,5037,34.3919079346924
simulated,5038,45.73632076219658
simulated,5039,36.17584773488816
simulated,5040,137.6966264623454
simulated,5041,9.927769240032386
simulated,5042,36.875200108287686
simulated,5043,23.160627674699263
simulated,5044,24.090055230776674
simulated,5045,85.98818170013867
simulated,5046,63.24856011572945
simulated,5047,43.20707494424809
simulated,5048,10.0077153825923
simulated,5049,15.049375382277024
simulated,5050,11.470277439290431
simulated,5051,34.552336021531346
simulated,5052,26.15682513069896
simulated,5053,18.390805207299024
simulated,5054,10.288982354267516
simulated,5055,47.735337821070345
simulated,5056,66.0799103354517
simulated,5057,82.08945621675903
simulated,5058,33.819224623518245
simulated,5059,28.04805940825944
simulated,5060,15.698043668842242
simulated,5061,13.79004633165751
simulated,5062,34.95043432004178
simulated,5063,39.936648824842614
simulated,5064,131.3337149811175
simulated,5065,22.003230550732624
simulated,5066,58.26141973966825
simulated,5067,43.136047828281995
simulated,5068,13.85372242115967
simulated,5069,43.544019069481934
simulated,5070,103.20521448986418
simulated,5071,66.18555568837724
simulated,5072,28.256335862339167
simulated,5073,9.2458248732548
simulated,5074,8.720899556040033
simulated,5075,33.906471107807995
simulated,5076,6.596136912645246
simulated,5077,41.86054304514751
simulated,5078,44.627054517246634
simulated,5079,124.98535428299422
simulated,5080,13.852740510184105
simulated,5081,14.103664996905628
simulated,5082,34.09608354989402
simulated,5083,24.350386254297895
simulated,5084,11.825660957997712
simulated,5085,42.38668826520896
simulated,5086,30.176577175842286
simulated,5087,43.84372140670931
simulated,5088,1.8986829768824027
simulated,5089,69.42851852965293
simulated,5090,6.2613994903110894
simulated,5091,16.315000959205136
simulated,5092,27.597164778015426
simulated,5093,13.332408872856837
simulated,5094,30.536683713581922
simulated,5095,36.468723645786355
simulated,5096,28.770605917692727
simulated,5097,26.051352504520743
simulated,5098,5.482898264842884
simulated,5099,11.153366954140493
simulated,5100,18.06000073894084
simulated,5101,10.610514907923474
simulated,5102,103.28076027658648
simulated,5103,53.05539365579667
simulated,5104,30.779530592325035
simulated,5105,35.101597270342936
simulated,5106,15.93484402824763
simulated,5107,19.0675960864422
simulated,5108,8.20152404302558
simulated,5109,60.101242281787435
simulated,5110,39.685624861826106
simulated,5111,28.418862844917996
simulated,5112,25.578734103366426
simulated,5113,65.92456860177158
simulated,5114,94.7547265099143
simulated,5115,75.19382666767615
simulated,5116,17.076513345529953
simulated,5117,56.28039576954804
simulated,5118,38.73609123890992
simulated,5119,17.060656199028255
simulated,5120,18.138571776742452
simulated,5121,13.622797291434676
simulated,5122,80.73494050619638
simulated,5123,67.4266148753939
simulated,5124,3.3726746935006364
simulated,5125,89.07011832091254
simulated,5126,26.056890153918747
simulated,5127,266.5585860171398
simulated,5128,30.614351112360517
simulated,5129,54.25225241182553
simulated,5130,95.75368164871884
simulated,5131,37.75397011699485
simulated,5132,49.31121951760656
simulated,5133,9.102271952108795
simulated,5134,70.00578153387187
simulated,5135,21.789169097854018
simulated,5136,20.154645653324195
simulated,5137,83.47509535177872
simulated,5138,11.62770649734846
simulated,5139,45.261762712262026
simulated,5140,208.93410624419815
simulated,5141,37.51353397171533
simulated,5142,66.68752609416154
simulated,5143,43.14205830034705
simulated,5144,60.84541426882574
simulated,5145,51.81837084909501
simulated,5146,10.911814210351842
simulated,5147,34.87103407038576
simulated,5148,54.790870315608544
simulated,5149,13.313720364061115
simulated,5150,18.95534951145936
simulated,5151,33.51414524617492
simulated,5152,32.81880769259137
simulated,5153,11.411428972478804
simulated,5154,18.684882849594967
simulated,5155,107.29829958997072
simulated,5156,15.434475753545614
simulated,5157,62.60937661377436
simulated,5158,51.734688688601665
simulated,5159,31.284693268110097
simulated,5160,25.794681991981516
simulated,5161,37.2897496087472
simulated,5162,74.74213943638327
simulated,5163,36.10845192094501
simulated,5164,80.83229465207994
simulated,5165,55.71991048353694
simulated,5166,52.123306228354224
simulated,5167,47.51374557077642
simulated,5168,30.17853134453758
simulated,5169,54.08914244541154
simulated,5170,21.083683561748106
simulated,5171,16.771130896309273
simulated,5172,39.88093210916973
simulated,5173,24.46129819360088
simulated,5174,22.83714238798654
simulated,5175,43.338908581983006
simulated,5176,84.75477832658787
simulated,5177,19.08252754732518
simulated,5178,22.533058656887533
simulated,5179,36.12335849207673
simulated,5180,66.21944652383966
simulated,5181,30.311748150019955
simulated,5182,8.117960706805357
simulated,5183,26.907955357777734
simulated,5184,13.377818367028752
simulated,5185,25.663975382721542
simulated,5186,24.16834211851682
simulated,5187,40.22947038148567
simulated,5188,66.63564879314211
simulated,5189,32.86390418994271
simulated,5190,24.1638939105224
simulated,5191,103.77287179561864
simulated,5192,62.583200974651064
simulated,5193,28.155201791507288
simulated,5194,38.00448731402239
simulated,5195,120.6646683160989
simulated,5196,32.63771499579277
simulated,5197,25.83824658726235
simulated,5198,36.80323908983751
simulated,5199,29.137263472690694
simulated,5200,84.27549888585308
simulated,5201,24.015307461854746
simulated,5202,45.42970006103479
simulated,5203,26.19726976154472
simulated,5204,21.74065537361125
simulated,5205,37.14577823794415
simulated,5206,20.712360804633096
simulated,5207,15.375123724035252
simulated,5208,14.289957310393387
simulated,5209,182.7263922769454
simulated,5210,11.581670760813703
simulated,5211,31.219485433187256
simulated,5212,89.948913895027
simulated,5213,9.765270814122495
simulated,5214,85.7754716858802
simulated,5215,16.10298110700867
simulated,5216,11.901282883517244
simulated,5217,64.5944532404205
simulated,5218,38.47712324721816
simulated,5219,142.12029717369012
simulated,5220,20.424171071296094
simulated,5221,14.298379662637213
simulated,5222,55.52104228239681
simulated,5223,17.75846921604348
simulated,5224,46.18517079083986
simulated,5225,25.1919283679206
simulated,5226,42.89083009397507
simulated,5227,56.93923329035397
simulated,5228,21.819320806680132
simulated,5229,10.91775017594146
simulated,5230,6.896604491465985
simulated,5231,97.6082515345359
simulated,5232,24.867559479299704
simulated,5233,18.49437772843485
simulated,5234,73.18431757500495
simulated,5235,27.467967509249483
simulated,5236,21.526690848369856
simulated,5237,29.3732442487423
simulated,5238,28.119782369437708
simulated,5239,60.11100260638978
simulated,5240,77.44350008626714
simulated,5241,6.891126856554087
simulated,5242,65.17684420913305
simulated,5243,16.75688765882762
simulated,5244,18.195611994890573
simulated,5245,9.006099612802927
simulated,5246,21.170334445287683
simulated,5247,32.022917921387936
simulated,5248,79.16176635898047
simulated,5249,14.495969342972966
simulated,5250,49.66499292665099
simulated,5251,57.21194235187321
simulated,5252,18.338005736214377
simulated,5253,18.994644455222883
simulated,5254,17.767667207585276
simulated,5255,48.298369652448585
simulated,5256,68.99854661480289
simulated,5257,104.70132993743569
simulated,5258,58.62617794561018
simulated,5259,34.50164948920285
simulated,5260,16.54506003228524
simulated,5261,34.99973490141378
simulated,5262,26.782547378337753
simulated,5263,58.07870534011226
simulated,5264,88.68640899738395
simulated,5265,29.887603921231587
simulated,5266,64.27891666173731
simulated,5267,82.73850963501607
simulated,5268,27.895910960181606
simulated,5269,34.37402446228245
simulated,5270,41.32333239467596
simulated,5271,38.978336636337005
simulated,5272,62.761053649044754
simulated,5273,24.56814335918489
simulated,5274,30.657579049496416
simulated,5275,16.96135133105727
simulated,5276,9.667823346525777
simulated,5277,60.761678208596386
simulated,5278,18.270004392327934
simulated,5279,28.41114902323254
simulated,5280,26.69918619542216
simulated,5281,26.24337818058422
simulated,5282,16.979585779099335
simulated,5283,31.70486637176576
simulated,5284,30.115547689650107
simulated,5285,49.199749266407366
simulated,5286,7.860843258782447
simulated,5287,55.852894555205694
simulated,5288,74.62289766778392
simulated,5289,80.33182796790408
simulated,5290,30.616068630146156
simulated,5291,20.24098064713469
simulated,5292,50.19594885940773
simulated,5293,14.520070146295353
simulated,5294,69.19659006619986
simulated,5295,16.118844283921817
simulated,5296,29.69027872569511
simulated,5297,19.628054894601917
simulated,5298,38.36131661434474
simulated,5299,18.13089012972484
simulated,5300,95.16776883255545
simulated,5301,31.590949135412703
simulated,5302,86.34838695026302
simulated,5303,76.58382603302817
simulated,5304,55.86080735718979
simulated,5305,11.701514022001815
simulated,5306,44.96700712297844
simulated,5307,25.038121750829745
simulated,5308,36.548195616550814
simulated,5309,70.18231766735228
simulated,5310,63.846251726386186
simulated,5311,11.466924419328794
simulated,5312,12.188847902207971
simulated,5313,36.45673180396602
simulated,5314,22.923745113251012
simulated,5315,10.821956360356296
simulated,5316,29.39076103896169
simulated,5317,39.05025688468133
simulated,5318,44.990018962759905
simulated,5319,12.282055445714922
simulated,5320,73.56657703996876
simulated,5321,29.160509634743477
simulated,5322,13.832711320325373
simulated,5323,106.24283121930318
simulated,5324,98.36897445132546
simulated,5325,40.84751698622296
simulated,5326,39.43127095257496
simulated,5327,86.6259616477017
simulated,5328,13.615022741285527
simulated,5329,36.63361737669791
simulated,5330,43.332604556901444
simulated,5331,108.49355465353835
simulated,5332,68.20450005958983
simulated,5333,29.115940388573765
simulated,5334,22.607303017674113
simulated,5335,53.4660142580276
simulated,5336,21.23669018286511
simulated,5337,57.2045368364449
simulated,5338,66.58267881065896
simulated,5339,65.83294485177944
simulated,5340,14.808350076876875
simulated,5341,19.749365935054023
simulated,5342,36.06731140248482
simulated,5343,65.58404850715459
simulated,5344,15.204137148129657
simulated,5345,13.583271277779154
simulated,5346,24.84173508044214
simulated,5347,34.62978851641505
simulated,5348,4.324507102436637
simulated,5349,26.197326149805466
simulated,5350,110.74844465127495
simulated,5351,26.12245661910996
simulated,5352,39.25061944153561
simulated,5353,42.987984440635046
simulated,5354,25.44339309720154
simulated,5355,36.78926791105706
simulated,5356,102.59145893355986
simulated,5357,13.21903586447741
simulated,5358,16.53795255003057
simulated,5359,34.03715243758707
simulated,5360,6.811443476198766
simulated,5361,116.4306198831356
simulated,5362,28.625427065089657
simulated,5363,104.10402104908952
simulated,5364,12.698098224875366
simulated,5365,85.75645131838566
simulated,5366,44.04652591241962
simulated,5367,39.07398716359498
simulated,5368,312.2765644869862
simulated,5369,69.60302519906763
simulated,5370,14.911214924621492
simulated,5371,37.79349236715337
simulated,5372,58.1245020198573
simulated,5373,27.420538038427452
simulated,5374,43.2738100880409
simulated,5375,19.215996247804714
simulated,5376,64.52263782512007
simulated,5377,20.034805117162193
simulated,5378,47.50210655267501
simulated,5379,32.39368796519114
simulated,5380,73.02656456236545
simulated,5381,54.95950688286526
simulated,5382,31.774460235767602
simulated,5383,32.79092616951484
simulated,5384,60.28292075700393
simulated,5385,41.527733656714894
simulated,5386,28.77167408854433
simulated,5387,24.66462343273884
simulated,5388,37.077785909757836
simulated,5389,21.212357434679703
simulated,5390,27.996319203080578
simulated,5391,96.29492433297557
simulated,5392,38.99039186394585
simulated,5393,56.04307350934099
simulated,5394,22.70704781396873
simulated,5395,36.98624047963715
simulated,5396,37.30062534459057
simulated,5397,56.66082911215653
simulated,5398,17.660317416981027
simulated,5399,56.22362695266602
simulated,5400,26.005344882191913
simulated,5401,15.897156863222605
simulated,5402,11.672669579935555
simulated,5403,40.1558451274698
simulated,5404,29.437167586059953
simulated,5405,13.490512856468996
simulated,5406,62.60415602689723
simulated,5407,39.71053121984443
simulated,5408,34.827222241679664
simulated,5409,21.982915421879635
simulated,5410,37.564138101346074
simulated,5411,64.56060654291316
simulated,5412,4.4105734893521245
simulated,5413,35.51950286239661
simulated,5414,38.52164029173362
simulated,5415,11.560144422085578
simulated,5416,9.276850980291272
simulated,5417,7.734163357067563
simulated,5418,31.498517409648755
simulated,5419,107.50226883475563
simulated,5420,105.66781261641688
simulated,5421,53.09105788029952
simulated,5422,18.972848060381725
simulated,5423,32.00182833849237
simulated,5424,21.609367150507367
simulated,5425,22.17321047241495
simulated,5426,15.600631348674305
simulated,5427,80.30364161337593
simulated,5428,58.4776896460659
simulated,5429,71.74375806532242
simulated,5430,24.23472592615731
simulated,5431,32.057975439407144
simulated,5432,48.16486615737871
simulated,5433,5.288431426749215
simulated,5434,68.02717385997552
simulated,5435,26.201137166009524
simulated,5436,80.14625025342136
simulated,5437,37.130692377479754
simulated,5438,35.65253648764875
simulated,5439,20.44845012046332
simulated,5440,18.09269210507534
simulated,5441,35.07601425677059
simulated,5442,29.455796616292062
simulated,5443,25.948866660367248
simulated,5444,43.0191661352716
simulated,5445,21.375759608592823
simulated,5446,41.250431879126985
simulated,5447,15.755027610807725
simulated,5448,8.125367476663742
simulated,5449,49.989919935881666
simulated,5450,10.898690751255565
simulated,5451,50.68252497175682
simulated,5452,34.30635124318094
simulated,5453,27.31415089059689
simulated,5454,11.607618248488231
simulated,5455,16.968429199321346
simulated,5456,15.275780615840619
simulated,5457,18.85162098463536
simulated,5458,82.26360974783137
simulated,5459,80.06714113218112
simulated,5460,18.154102290941086
simulated,5461,35.0057458822627
simulated,5462,14.622275959397456
simulated,5463,47.65964466664072
simulated,5464,15.096909152831293
simulated,5465,26.480487916427396
simulated,5466,28.309561700235307
simulated,5467,42.851067162395324
simulated,5468,45.724199072938305
simulated,5469,39.921293598204514
simulated,5470,18.916086053207575
simulated,5471,28.070203826794526
simulated,5472,17.7528690492559
simulated,5473,10.828811502472503
simulated,5474,33.179832117882306
simulated,5475,45.92869994737758
simulated,5476,89.43066898215382
simulated,5477,6.787222629876028
simulated,5478,86.17921183267606
simulated,5479,16.47626517479398
simulated,5480,14.00585513331814
simulated,5481,49.30986658810773
simulated,5482,18.76246174716645
simulated,5483,24.78069768899215
simulated,5484,16.47184748996629
simulated,5485,12.150965624842478
simulated,5486,31.613246564960093
simulated,5487,18.630128217309313
simulated,5488,9.16204280005693
simulated,5489,5.843564097964447
simulated,5490,123.86111564620217
simulated,5491,59.229755882385554
simulated,5492,45.97849477213369
simulated,5493,57.729779816741605
simulated,5494,101.48589456779618
simulated,5495,8.648854726827906
simulated,5496,56.092814155976754
simulated,5497,21.24540697811086
simulated,5498,21.219186696478904
simulated,5499,46.51607196585917
simulated,5500,34.116866058871885
simulated,5501,14.919691140249135
simulated,5502,62.71476631597279
simulated,5503,25.520950039507927
simulated,5504,40.79530110959397
simulated,5505,25.17261983243059
simulated,5506,38.90527415322528
simulated,5507,192.55743034170652
simulated,5508,44.6549150184968
simulated,5509,49.068068223678296
simulated,5510,40.760652765036035
simulated,5511,27.378970927893
simulated,5512,9.12633445407942
simulated,5513,64.57816297122432
simulated,5514,23.829477998402258
simulated,5515,28.028200633712842
simulated,5516,21.511024588242044
simulated,5517,45.844245899337636
simulated,5518,38.80517217797427
simulated,5519,24.902308900378742
simulated,5520,69.33459069939148
simulated,5521,34.998427208994286
simulated,5522,35.234648711537574
simulated,5523,8.520357952768668
simulated,5524,32.22374840803393
simulated,5525,40.216068430695074
simulated,5526,124.92597404979996
simulated,5527,40.06586225404004
simulated,5528,42.20042501018274
simulated,5529,9.37821336643065
simulated,5530,13.986406768230033
simulated,5531,54.55162780019286
simulated,5532,62.34309649116226
simulated,5533,13.897631331979861
simulated,5534,73.47851296985272
simulated,5535,38.086547979443765
simulated,5536,49.09838016626021
simulated,5537,10.315843982816038
simulated,5538,24.54869953355364
simulated,5539,22.93229861640308
simulated,5540,18.112384529702926
simulated,5541,90.96029327517812
simulated,5542,39.236689805685394
simulated,5543,22.30954484418839
simulated,5544,40.735291017813374
simulated,5545,4.7680452690786925
simulated,5546,17.266483234337223
simulated,5547,20.64478074332248
simulated,5548,124.42832129304938
simulated,5549,31.45892268377776
simulated,5550,18.766476785869678
simulated,5551,96.51414842869622
simulated,5552,60.2179800290191
simulated,5553,27.99835878006965
simulated,5554,20.010944267464534
simulated,5555,12.7120197561405
simulated,5556,38.4653984268201
simulated,5557,78.26417855752896
simulated,5558,6.848693952754462
simulated,5559,10.772640350648018
simulated,5560,137.8452097918257
simulated,5561,38.93923256071953
simulated,5562,40.10075948904318
simulated,5563,25.823905265670316
simulated,5564,49.984798628880306
simulated,5565,21.947400246851995
simulated,5566,139.61130213860523
simulated,5567,69.00233150026217
simulated,5568,20.44065069720823
simulated,5569,46.47406947866827
simulated,5570,9.304997165948393
simulated,5571,18.653376681080996
simulated,5572,42.46668971783939
simulated,5573,34.76960027137546
simulated,5574,71.2767810248753
simulated,5575,38.114175715238154
simulated,5576,43.292672170827316
simulated,5577,17.66095431473964
simulated,5578,72.55221081091692
simulated,5579,46.450064652119146
simulated,5580,50.24624572967594
simulated,5581,20.620257699552173
simulated,5582,24.762769563843474
simulated,5583,11.154186364251826
simulated,5584,65.99781441623765
simulated,5585,5.0584671047946
simulated,5586,29.949457461838918
simulated,5587,71.24403938908753
simulated,5588,60.81354538142255
simulated,5589,48.336746062548606
simulated,5590,30.01003908612245
simulated,5591,39.87461834211292
simulated,5592,76.90398155759121
simulated,5593,41.96656912629582
simulated,5594,32.626721028754524
simulated,5595,74.5137215383138
simulated,5596,22.222774966114223
simulated,5597,51.37462518990369
simulated,5598,57.37443384406534
simulated,5599,66.6176254405487
simulated,5600,12.212192963176484
simulated,5601,32.3870696261105
simulated,5602,73.70107742182259
simulated,5603,25.576933428461597
simulated,5604,93.54786298801069
simulated,5605,44.42461341868932
simulated,5606,42.844756404615964
simulated,5607,34.46760341737889
simulated,5608,9.057763018445629
simulated,5609,63.535023193553016
simulated,5610,37.25096571665392
simulated,5611,62.397483255537594
simulated,5612,80.11374248737283
simulated,5613,13.601308757657007
simulated,5614,15.209969889606011
simulated,5615,104.42954895125547
simulated,5616,15.07225743103217
simulated,5617,101.51657730088323
simulated,5618,15.431408752683634
simulated,5619,18.4809337033724
simulated,5620,120.6279816781478
simulated,5621,11.538803835292958
simulated,5622,72.12327591821176
simulated,5623,17.633018313445582
simulated,5624,33.869473336307415
simulated,5625,46.77908633598025
simulated,5626,59.57935580815001
simulated,5627,18.852836367823123
simulated,5628,11.32795317708115
simulated,5629,28.499828358522244
simulated,5630,53.74222630972
simulated,5631,14.31263524313998
simulated,5632,15.797781772731767
simulated,5633,50.45890573863702
simulated,5634,77.64208391740335
simulated,5635,15.661056877248528
simulated,5636,3.8180919522970793
simulated,5637,15.944514714256528
simulated,5638,47.348774181455155
simulated,5639,5.588051958779652
simulated,5640,9.139619136279588
simulated,5641,29.99505983658495
simulated,5642,14.933449368950122
simulated,5643,59.09870118083265
simulated,5644,31.545451551254995
simulated,5645,50.89707564105164
simulated,5646,20.225355242098807
simulated,5647,162.51792634965597
simulated,5648,27.43170991061719
simulated,5649,16.729878825830916
simulated,5650,34.02894437176823
simulated,5651,36.515436496301994
simulated,5652,12.227972360096055
simulated,5653,49.594062225625954
simulated,5654,49.47609692245951
simulated,5655,41.38847038301026
simulated,5656,24.60139211676203
simulated,5657,57.39794832944503
simulated,5658,19.362443897666516
simulated,5659,16.253249279419215
simulated,5660,104.30022540303585
simulated,5661,36.51738653826391
simulated,5662,93.64623711563321
simulated,5663,13.38605527744006
simulated,5664,9.613437814987545
simulated,5665,15.332053028133648
simulated,5666,53.34394269607764
simulated,5667,10.12128382400083
simulated,5668,30.32273182182185
simulated,5669,18.524058455474886
simulated,5670,14.240127523117586
simulated,5671,12.087130969286202
simulated,5672,36.324415230219394
simulated,5673,139.46662356765478
simulated,5674,17.632796656834863
simulated,5675,42.518638974191425
simulated,5676,20.86567369375628
simulated,5677,63.35429012150789
simulated,5678,35.03444562058516
simulated,5679,17.80076683592091
simulated,5680,46.87896686940304
simulated,5681,38.66820674334823
simulated,5682,33.834548847980955
simulated,5683,10.288892614412223
simulated,5684,34.112165794431945
simulated,5685,7.617326077857126
simulated,5686,98.51343411728276
simulated,5687,53.69633090001552
simulated,5688,7.760046315282744
simulated,5689,18.428406390442458
simulated,5690,12.226796164732367
simulated,5691,27.53220458118309
simulated,5692,43.415186506646634
simulated,5693,107.64755878401499
simulated,5694,18.137550711027902
simulated,5695,25.96507822715073
simulated,5696,39.84243444765293
simulated,5697,51.35429736515029
simulated,5698,12.019143543807562
simulated,5699,13.173429475255409
simulated,5700,40.43944786961259
simulated,5701,36.76569723955193
simulated,5702,146.4624919128568
simulated,5703,69.7525534139054
simulated,5704,34.85579672086494
simulated,5705,30.924566300130245
simulated,5706,28.1899015699445
simulated,5707,85.57083992194259
simulated,5708,99.54512478979737
simulated,5709,68.69296406452912
simulated,5710,9.420227702082197
simulated,5711,37.812274868846295
simulated,5712,44.30695512889559
simulated,5713,13.808218855082279
simulated,5714,54.148247699320436
simulated,5715,56.142184163398674
simulated,5716,65.7353377183635
simulated,5717,16.791707373083792
simulated,5718,53.88369531493121
simulated,5719,20.54072405074581
simulated,5720,33.72909297314276
simulated,5721,17.392114980428573
simulated,5722,157.65630279531103
simulated,5723,13.07294123435815
simulated,5724,29.064732180038707
simulated,5725,17.638744668397614
simulated,5726,25.961563144156514
simulated,5727,38.405098600935965
simulated,5728,68.84291897706059
simulated,5729,16.486798679629175
simulated,5730,20.286853842712638
simulated,5731,47.61388337964803
simulated,5732,39.00088172961178
simulated,5733,31.215158996324384
simulated,5734,13.025571206457217
simulated,5735,32.79224276858256
simulated,5736,31.347309729700562
simulated,5737,34.24482155349174
simulated,5738,9.254027298066577
simulated,5739,7.964360623014347
simulated,5740,14.334225194574337
simulated,5741,24.849762438208757
simulated,5742,47.89972094526975
simulated,5743,32.19597132609382
simulated,5744,40.35999736082444
simulated,5745,34.70028837463917
simulated,5746,24.876397582415414
simulated,5747,10.769924608066034
simulated,5748,43.28912412322343
simulated,5749,10.280993141518731
simulated,5750,15.849479469401958
simulated,5751,18.332831155249025
simulated,5752,78.61548438583735
simulated,5753,34.11833613630449
simulated,5754,65.80267559393141
simulated,5755,13.337076242460789
simulated,5756,73.34536162456762
simulated,5757,23.666372736025572
simulated,5758,25.951312272556997
simulated,5759,56.92626424984734
simulated,5760,80.72979429645295
simulated,5761,43.45162255947402
simulated,5762,42.84421435314048
simulated,5763,21.762516467779164
simulated,5764,33.8224231921966
simulated,5765,22.87340942178746
simulated,5766,44.522764659151484
simulated,5767,5.30019974698372
simulated,5768,65.6942914478112
simulated,5769,43.90087071205846
simulated,5770,4.386172298926718
simulated,5771,43.443995799751015
simulated,5772,39.08225266629594
simulated,5773,28.48940061684653
simulated,5774,37.68134866843195
simulated,5775,17.926997931030833
simulated,5776,19.428995449458625
simulated,5777,23.29036642345048
simulated,5778,33.93663853448409
simulated,5779,23.322130285375273
simulated,5780,35.73162620226905
simulated,5781,46.053744834482444
simulated,5782,87.67517945192799
simulated,5783,33.86479300693754
simulated,5784,121.32109442864044
simulated,5785,33.42893649058976
simulated,5786,117.00985828964052
simulated,5787,30.787048678408148
simulated,5788,33.79039825217775
simulated,5789,56.73851182649619
simulated,5790,67.36339312283584
simulated,5791,16.40680407476436
simulated,5792,17.88381147537074
simulated,5793,23.834498041232855
simulated,5794,29.167404886946777
simulated,5795,17.685074442644236
simulated,5796,36.27516613065894
simulated,5797,10.227726493439715
simulated,5798,11.851331183580733
simulated,5799,24.170417949461555
simulated,5800,89.35288079210808
simulated,5801,31.68316273914286
simulated,5802,54.965271024988105
simulated,5803,66.99516880212315
simulated,5804,24.13015284917654
simulated,5805,18.81833386768841
simulated,5806,13.525950547824369
simulated,5807,15.664506180009063
simulated,5808,20.95255820413272
simulated,5809,16.886653659832696
simulated,5810,24.36960885538252
simulated,5811,23.55448337077307
simulated,5812,27.922809472915322
simulated,5813,26.283425395900966
simulated,5814,8.909871597599071
simulated,5815,11.988524956498859
simulated,5816,30.341297964140672
simulated,5817,16.7050453126812
simulated,5818,45.985329192904885
simulated,5819,31.58319537461151
simulated,5820,42.02540314163634
simulated,5821,28.427272721618184
simulated,5822,56.23811495125687
simulated,5823,31.72098274006966
simulated,5824,57.11550868933079
simulated,5825,78.938946175012
simulated,5826,50.98927155412183
simulated,5827,226.23852565028398
simulated,5828,128.16843945481187
simulated,5829,24.887868662825994
simulated,5830,57.94529733207817
simulated,5831,55.7774552168731
simulated,5832,58.15228958771161
simulated,5833,37.9412344368816
simulated,5834,56.79369428026215
simulated,5835,34.71066220040383
simulated,5836,34.756185310363705
simulated,5837,38.799218980921694
simulated,5838,34.96093605645449
simulated,5839,25.640810339938866
simulated,5840,26.472275905529735
simulated,5841,5.858917916133062
simulated,5842,28.708192018321135
simulated,5843,32.2933382914731
simulated,5844,20.382023614005952
simulated,5845,12.048032560780243
simulated,5846,60.22817680014261
simulated,5847,55.61867200589249
simulated,5848,40.04703003177935
simulated,5849,91.63498753439445
simulated,5850,15.984694644633038
simulated,5851,8.726774647393693
simulated,5852,19.645576373269737
simulated,5853,40.48108714536488
simulated,5854,86.57966691238816
simulated,5855,4.656641794025322
simulated,5856,25.493387789991353
simulated,5857,37.31999704256394
simulated,5858,13.042691076175057
simulated,5859,57.06880526773836
simulated,5860,62.19389786141617
simulated,5861,30.68322194759938
simulated,5862,36.89021886353946
simulated,5863,9.357693849525095
simulated,5864,24.399357599601164
simulated,5865,60.911538951538326
simulated,5866,63.933298187663056
simulated,5867,27.08387373420671
simulated,5868,54.18912867093041
simulated,5869,27.322141406390564
simulated,5870,15.724640420906262
simulated,5871,39.79616913672683
simulated,5872,94.97407841339884
simulated,5873,14.8234677982622
simulated,5874,26.720493123530606
simulated,5875,27.12447396983793
simulated,5876,25.53597923319504
simulated,5877,53.23005766421342
simulated,5878,25.728708245330388
simulated,5879,44.941861294473355
simulated,5880,13.257827844695438
simulated,5881,1.0479591215591677
simulated,5882,66.45247904760754
simulated,5883,59.68440283060272
simulated,5884,51.26421297050326
simulated,5885,46.579169357358275
simulated,5886,35.66489803057122
simulated,5887,32.12903246981951
simulated,5888,10.381171050480894
simulated,5889,3.888487690952659
simulated,5890,23.59933171195471
simulated,5891,19.380950682246542
simulated,5892,26.770033363115683
simulated,5893,20.887288875938957
simulated,5894,17.24080985413309
simulated,5895,49.811493879724296
simulated,5896,37.07148157741791
simulated,5897,21.40075004576621
simulated,5898,12.23815247047521
simulated,5899,68.96660789033854
simulated,5900,9.075609935764524
simulated,5901,13.265017843275864
simulated,5902,49.185577250108324
simulated,5903,38.07146810825955
simulated,5904,29.47933917839745
simulated,5905,29.72459937749099
simulated,5906,50.19208249732384
simulated,5907,100.24827498830294
simulated,5908,34.547201358817105
simulated,5909,33.27493559956725
simulated,5910,10.177352568726626
simulated,5911,35.69456596653416
simulated,5912,76.1969489922107
simulated,5913,51.67586744437853
simulated,5914,55.367490448385894
simulated,5915,82.11937590271548
simulated,5916,19.819605661149886
simulated,5917,25.13591327165296
simulated,5918,20.6723422048564
simulated,5919,28.15014958748637
simulated,5920,54.55510490987419
simulated,5921,19.582628169252445
simulated,5922,58.33053281983045
simulated,5923,81.5556394820082
simulated,5924,10.41249357015275
simulated,5925,108.1459517570327
simulated,5926,34.26202753413119
simulated,5927,13.332634328390782
simulated,5928,19.671949486918205
simulated,5929,61.535129965787604
simulated,5930,110.81326875521594
simulated,5931,19.536010964678578
simulated,5932,53.773731098409
simulated,5933,31.377684255229653
simulated,5934,13.791548584131508
simulated,5935,14.441025631587252
simulated,5936,38.57891454075444
simulated,5937,18.185629783859135
simulated,5938,63.44852973591268
simulated,5939,19.662037764171856
simulated,5940,22.955898028321315
simulated,5941,61.55919702443089
simulated,5942,78.50085720210537
simulated,5943,23.350411828672854
simulated,5944,47.23890399870138
simulated,5945,47.98277968645989
simulated,5946,12.079175900685957
simulated,5947,50.49881004475513
simulated,5948,13.831278249906825
simulated,5949,40.68735282289093
simulated,5950,41.4223183878728
simulated,5951,77.7383730849525
simulated,5952,38.129879995522764
simulated,5953,39.76083478389486
simulated,5954,31.199939929191824
simulated,5955,19.902940998635653
simulated,5956,53.77286512250281
simulated,5957,81.5327588533123
simulated,5958,44.42392506249191
simulated,5959,47.211675657666994
simulated,5960,11.746693542968169
simulated,5961,17.48803206216923
simulated,5962,14.589156434511578
simulated,5963,44.283932113222924
simulated,5964,34.801211417819964
simulated,5965,24.724111544206828
simulated,5966,11.010619113774277
simulated,5967,30.285760103748142
simulated,5968,7.386230237545993
simulated,5969,26.218526779137246
simulated,5970,112.1405864699885
simulated,5971,18.407996187248322
simulated,5972,26.67714378681346
simulated,5973,37.78007561107038
simulated,5974,10.330979510815482
simulated,5975,22.1589469160791
simulated,5976,54.48263483667189
simulated,5977,32.79601750686307
simulated,5978,42.30674438956604
simulated,5979,12.143742326454364
simulated,5980,97.61285025944969
simulated,5981,24.957921389902495
simulated,5982,14.274095776606437
simulated,5983,166.50049768872287
simulated,5984,20.750647010281046
simulated,5985,48.55210678322641
simulated,5986,31.174805522635523
simulated,5987,12.517525372890578
simulated,5988,30.326608317670246
simulated,5989,27.796535049639452
simulated,5990,47.301706650119556
simulated,5991,30.612774537259135
simulated,5992,58.95926631554954
simulated,5993,29.497289558470616
simulated,5994,31.372707102804828
simulated,5995,37.055949831681964
simulated,5996,27.563391427057347
simulated,5997,25.89438681126985
simulated,5998,42.50570441215882
simulated,5999,12.98205623573193
simulated,6000,69.04559281799808
simulated,6001,20.66747172462914
simulated,6002,16.692348967395418
simulated,6003,19.294297028894817
simulated,6004,73.34370574348935
simulated,6005,66.72276553200396
simulated,6006,49.859256249280364
simulated,6007,47.14114711805212
simulated,6008,37.16287659551779
simulated,6009,57.24707922327059
simulated,6010,87.21398061408294
simulated,6011,7.159692887072086
simulated,6012,14.394144119009535
simulated,6013,20.367985411776026
simulated,6014,29.721987049200276
simulated,6015,18.07372869284588
simulated,6016,33.33050767328744
simulated,6017,20.02455007513535
simulated,6018,51.20048810407315
simulated,6019,15.654762060837374
simulated,6020,13.654055824858684
simulated,6021,55.00413039591088
simulated,6022,14.441419422429668
simulated,6023,34.98700204959509
simulated,6024,39.08926921927274
simulated,6025,20.945507597620665
simulated,6026,34.45802023673003
simulated,6027,51.153308565645716
simulated,6028,30.647887537722035
simulated,6029,83.83496905975575
simulated,6030,33.06897782728625
simulated,6031,9.659548432404337
simulated,6032,14.608071829174394
simulated,6033,29.152211333212165
simulated,6034,14.419756353934359
simulated,6035,142.30288880837688
simulated,6036,81.49082525503428
simulated,6037,30.089103636345612
simulated,6038,51.87122826897995
simulated,6039,29.42593633284166
simulated,6040,25.89078026373523
simulated,6041,15.685847422840897
simulated,6042,25.87964986919784
simulated,6043,11.190789984351932
simulated,6044,14.067457340507872
simulated,6045,26.942423537815998
simulated,6046,62.86690081540783
simulated,6047,46.76041469949559
simulated,6048,20.76034156299721
simulated,6049,30.188170728857173
simulated,6050,34.95023539530557
simulated,6051,109.41441564018386
simulated,6052,49.37963562288073
simulated,6053,71.67042959395245
simulated,6054,21.769096165859516
simulated,6055,15.421543346563425
simulated,6056,20.320715281437792
simulated,6057,5.04672136278921
simulated,6058,36.54318361219707
simulated,6059,19.214526589813815
simulated,6060,23.6727939212361
simulated,6061,138.5026039994204
simulated,6062,34.61888305583235
simulated,6063,16.248418440526223
simulated,6064,76.4221401383784
simulated,6065,21.50172452770185
simulated,6066,8.373046997848181
simulated,6067,71.71887121278853
simulated,6068,99.48134613293573
simulated,6069,24.99618546318465
simulated,6070,6.425626948901273
simulated,6071,10.971643723248944
simulated,6072,14.981342354820207
simulated,6073,38.7824270935461
simulated,6074,27.03500636523772
simulated,6075,32.1064060926399
simulated,6076,43.04505785128144
simulated,6077,7.481753824985058
simulated,6078,32.915655248298805
simulated,6079,47.43433934868899
simulated,6080,22.37984680960668
simulated,6081,29.266094236136066
simulated,6082,45.32231712055369
simulated,6083,13.646921351616136
simulated,6084,48.72402401832133
simulated,6085,24.63209494893089
simulated,6086,26.22867828104988
simulated,6087,20.951063198172147
simulated,6088,73.21106095951772
simulated,6089,36.67178470982752
simulated,6090,29.856470336935523
simulated,6091,37.4418439677588
simulated,6092,68.24040007297171
simulated,6093,88.47112917930048
simulated,6094,25.400267216304723
simulated,6095,29.858501393415995
simulated,6096,21.40449358937951
simulated,6097,57.014807608272
simulated,6098,163.13215038072545
simulated,6099,86.9649541269133
simulated,6100,8.135686976427609
simulated,6101,18.648276938422622
simulated,6102,17.7972160434497
simulated,6103,33.397818948143055
simulated,6104,36.51622709258338
simulated,6105,22.29877081953038
simulated,6106,27.92201596829213
simulated,6107,50.54400703463301
simulated,6108,75.21568816456463
simulated,6109,33.34087677168849
simulated,6110,41.615906080964656
simulated,6111,12.699169636234487
simulated,6112,44.19932624418081
simulated,6113,49.3523346594794
simulated,6114,41.913608605417515
simulated,6115,31.78991027146222
simulated,6116,52.242501508594266
simulated,6117,30.582605597678654
simulated,6118,17.577908667331453
simulated,6119,62.829597240287555
simulated,6120,39.79214993518161
simulated,6121,19.903279425454187
simulated,6122,89.21834322293566
simulated,6123,35.32287642386076
simulated,6124,16.244111786695562
simulated,6125,47.218399035531974
simulated,6126,20.459387190659417
simulated,6127,58.729493154882576
simulated,6128,48.73469517720093
simulated,6129,48.68330092564855
simulated,6130,98.37862734320407
simulated,6131,103.29827331725552
simulated,6132,20.730098317419937
simulated,6133,46.620408488668204
simulated,6134,12.476519615096642
simulated,6135,6.607194902355207
simulated,6136,51.35428931016167
simulated,6137,79.38240344258584
simulated,6138,139.79826277620182
simulated,6139,10.23919079226355
simulated,6140,38.02568821630729
simulated,6141,74.03371253453726
simulated,6142,32.8325816640208
simulated,6143,23.04726808272671
simulated,6144,21.332132168857243
simulated,6145,42.859474742049265
simulated,6146,4.944806466051476
simulated,6147,6.994376144793046
simulated,6148,63.861451825223256
simulated,6149,33.8057833954502
simulated,6150,35.20132869170285
simulated,6151,84.69810916860041
simulated,6152,15.736165740176006
simulated,6153,33.77898674369414
simulated,6154,86.87576958608538
simulated,6155,35.14439581381081
simulated,6156,19.41334677945695
simulated,6157,15.593114356300127
simulated,6158,17.715804531891955
simulated,6159,47.00718436007104
simulated,6160,49.36491829531699
simulated,6161,8.848740245491864
simulated,6162,14.830133163610002
simulated,6163,27.942500904418154
simulated,6164,75.74432871015986
simulated,6165,41.66087094385199
simulated,6166,80.71541586353639
simulated,6167,19.350828064096532
simulated,6168,17.727506047193483
simulated,6169,30.594430217404657
simulated,6170,14.139414406784486
simulated,6171,39.54246660028596
simulated,6172,16.846969342037404
simulated,6173,40.08208047054998
simulated,6174,25.02411736989255
simulated,6175,30.44994260009801
simulated,6176,43.07523966441
simulated,6177,118.91132188673028
simulated,6178,43.407424087298175
simulated,6179,19.793887125660156
simulated,6180,20.95000215960413
simulated,6181,41.21326847471331
simulated,6182,78.17297729196041
simulated,6183,18.295181953594366
simulated,6184,9.866598403154443
simulated,6185,34.03192408326286
simulated,6186,36.92036908518949
simulated,6187,122.72959867371482
simulated,6188,94.19455691774542
simulated,6189,39.07430468175563
simulated,6190,12.047517669183216
simulated,6191,30.994410780399548
simulated,6192,38.53310751622072
simulated,6193,31.460235649350125
simulated,6194,24.62902347273517
simulated,6195,37.074410935078504
simulated,6196,46.1531001132681
simulated,6197,64.61535399367105
simulated,6198,34.87034850513946
simulated,6199,32.445314549506556
simulated,6200,116.22968521125473
simulated,6201,54.10621805825052
simulated,6202,13.570526422130792
simulated,6203,14.573710468117007
simulated,6204,51.5243282222356
simulated,6205,25.276586707116806
simulated,6206,28.12025851542452
simulated,6207,22.079765331834228
simulated,6208,26.211366772915976
simulated,6209,51.671337200275964
simulated,6210,148.68123451833333
simulated,6211,12.447887205038489
simulated,6212,32.131069330225344
simulated,6213,47.528510568831436
simulated,6214,14.432416063184991
simulated,6215,22.508019069466624
simulated,6216,309.355373162654
simulated,6217,61.04863949701128
simulated,6218,25.474957234581762
simulated,6219,80.52848576078306
simulated,6220,69.12347004946041
simulated,6221,73.37684633868119
simulated,6222,26.770478420021927
simulated,6223,82.55599502781344
simulated,6224,28.071834457238285
simulated,6225,10.407886438799647
simulated,6226,41.702153313460926
simulated,6227,67.75089473055192
simulated,6228,55.526390479335234
simulated,6229,18.48044227575194
simulated,6230,79.6267467762037
simulated,6231,57.79807756894721
simulated,6232,11.76493042172672
simulated,6233,15.245907850181291
simulated,6234,14.67321652616801
simulated,6235,47.263841258075125
simulated,6236,22.872191222785144
simulated,6237,92.85289512181518
simulated,6238,44.625646916604026
simulated,6239,55.50110880710912
simulated,6240,135.99489074542782
simulated,6241,49.06438148990578
simulated,6242,38.785806099384196
simulated,6243,27.038126138210195
simulated,6244,13.0468186761494
simulated,6245,50.79489635197616
simulated,6246,19.58103876321826
simulated,6247,21.04703258115029
simulated,6248,27.353923461528616
simulated,6249,16.474736861726925
simulated,6250,99.01034339162564
simulated,6251,39.22711707021226
simulated,6252,10.850903965655636
simulated,6253,21.509217941295123
simulated,6254,24.55268556622088
simulated,6255,21.213830460491327
simulated,6256,26.911104471753553
simulated,6257,10.39453791262987
simulated,6258,53.03185194674873
simulated,6259,75.34107862228008
simulated,6260,108.86838781422951
simulated,6261,182.09235512898275
simulated,6262,67.11494425763796
simulated,6263,40.53120022438334
simulated,6264,34.10249633823982
simulated,6265,55.80369882580368
simulated,6266,17.804025298443662
simulated,6267,14.70080438452686
simulated,6268,88.73124084208642
simulated,6269,44.79082167846229
simulated,6270,32.885391602084376
simulated,6271,61.47085743756632
simulated,6272,36.79783820126327
simulated,6273,33.05235822599553
simulated,6274,76.7899927907589
simulated,6275,108.25938693215542
simulated,6276,24.524721422758788
simulated,6277,52.13804653715444
simulated,6278,11.208650208668647
simulated,6279,12.428085780016861
simulated,6280,30.714341479435397
simulated,6281,43.173028532461245
simulated,6282,86.3459149522248
simulated,6283,42.92560258283511
simulated,6284,56.630479583502854
simulated,6285,57.19553291203498
simulated,6286,15.773247661972
simulated,6287,10.510901666715995
simulated,6288,27.127036395772738
simulated,6289,11.767301304134692
simulated,6290,24.545568123633686
simulated,6291,14.86863871394339
simulated,6292,120.45238716156464
simulated,6293,24.877517294402193
simulated,6294,147.2311123273991
simulated,6295,31.73788160426309
simulated,6296,73.63700037454456
simulated,6297,33.593481422617764
simulated,6298,36.430524526450355
simulated,6299,16.3297331345925
simulated,6300,37.289729944929185
simulated,6301,34.769129996533046
simulated,6302,24.256052120733536
simulated,6303,19.672966666045166
simulated,6304,32.066214511489406
simulated,6305,32.58883217109275
simulated,6306,26.832668970465516
simulated,6307,44.87776063168723
simulated,6308,67.95343520349472
simulated,6309,28.468065602695596
simulated,6310,58.390551467016515
simulated,6311,27.48923833519351
simulated,6312,33.443013664788346
simulated,6313,30.833507111407908
simulated,6314,37.563589950704504
simulated,6315,23.01410194173129
simulated,6316,20.23559949325069
simulated,6317,11.006000262594487
simulated,6318,17.353465222391492
simulated,6319,96.01575223492127
simulated,6320,17.056909250520054
simulated,6321,92.89030895960315
simulated,6322,17.939223397934043
simulated,6323,112.46493361547445
simulated,6324,55.91717100522602
simulated,6325,22.374202740479213
simulated,6326,42.14451575066255
simulated,6327,16.015887220203698
simulated,6328,129.2336758135706
simulated,6329,43.93645023529987
simulated,6330,50.80050053322383
simulated,6331,59.00953641411629
simulated,6332,15.530339999209165
simulated,6333,26.602082757560115
simulated,6334,12.654426275805609
simulated,6335,41.096400536848584
simulated,6336,16.164247956993933
simulated,6337,66.39972002025318
simulated,6338,54.343730574865
simulated,6339,14.782134444058038
simulated,6340,42.537033762162835
simulated,6341,38.32042173634416
simulated,6342,45.90948618225316
simulated,6343,91.35314602965347
simulated,6344,28.107795564678415
simulated,6345,10.462303004787316
simulated,6346,115.0805148242805
simulated,6347,322.3880428833528
simulated,6348,41.41859173719935
simulated,6349,97.39999544114934
simulated,6350,69.44514169119067
simulated,6351,33.442915776309384
simulated,6352,49.85158443905884
simulated,6353,33.28315443744041
simulated,6354,30.113522229493544
simulated,6355,19.288906084285767
simulated,6356,60.76297136821274
simulated,6357,37.99349550680144
simulated,6358,18.78842856195901
simulated,6359,20.401503776591923
simulated,6360,10.0685744743536
simulated,6361,50.178770095134475
simulated,6362,42.72757228406215
simulated,6363,18.551848363167537
simulated,6364,28.425359905229634
simulated,6365,48.96778403750848
simulated,6366,15.144857956509538
simulated,6367,16.82248235677779
simulated,6368,48.974328537609125
simulated,6369,74.35638813062009
simulated,6370,4.923239775572537
simulated,6371,21.694533381868574
simulated,6372,28.516773620599952
simulated,6373,23.309340812255904
simulated,6374,21.98939518952331
simulated,6375,55.480304143684975
simulated,6376,15.33059711926579
simulated,6377,9.244216003143801
simulated,6378,129.93071176923507
simulated,6379,18.6798783560826
simulated,6380,34.42951699268562
simulated,6381,21.48051927802551
simulated,6382,27.50257013981617
simulated,6383,25.67070211672523
simulated,6384,25.33560530632382
simulated,6385,47.11019191410924
simulated,6386,39.67571892553356
simulated,6387,18.028611911921004
simulated,6388,71.08382154926448
simulated,6389,18.946614896658872
simulated,6390,11.302529134289124
simulated,6391,18.003695505562547
simulated,6392,15.657718268361146
simulated,6393,56.018101764492286
simulated,6394,42.16794813284086
simulated,6395,25.763485419291037
simulated,6396,13.666245995469934
simulated,6397,11.732548326668171
simulated,6398,50.987680463866404
simulated,6399,43.23266921775463
simulated,6400,18.981115643696622
simulated,6401,23.231013568323736
simulated,6402,11.567652562954219
simulated,6403,148.7911033853402
simulated,6404,64.31775332003677
simulated,6405,47.79131537174937
simulated,6406,14.932410960347577
simulated,6407,28.484582783590934
simulated,6408,64.22589904810361
simulated,6409,57.121818840798035
simulated,6410,90.32306753149598
simulated,6411,7.365546362292939
simulated,6412,207.21056192556412
simulated,6413,72.76374232066559
simulated,6414,20.80271748076541
simulated,6415,22.444017820210224
simulated,6416,122.07527370367335
simulated,6417,23.504031287908752
simulated,6418,12.685660755216364
simulated,6419,55.78902406414028
simulated,6420,19.582098013688523
simulated,6421,20.1174585559549
simulated,6422,5.478861009087146
simulated,6423,26.466652295294995
simulated,6424,16.698102575529678
simulated,6425,38.13714203327225
simulated,6426,27.205957027286765
simulated,6427,48.415960513044226
simulated,6428,22.0569089543189
simulated,6429,21.452241029846423
simulated,6430,79.6451848683154
simulated,6431,41.77826861146489
simulated,6432,50.58886797192503
simulated,6433,36.28427827690756
simulated,6434,135.14374320660394
simulated,6435,25.27412059622295
simulated,6436,24.308975431186134
simulated,6437,44.250325729960664
simulated,6438,94.42874731769359
simulated,6439,31.27928300477948
simulated,6440,5.480268610744728
simulated,6441,172.89064277875053
simulated,6442,94.58975174734697
simulated,6443,28.614903168286215
simulated,6444,15.156715596640574
simulated,6445,34.89657699779016
simulated,6446,19.205568070188967
simulated,6447,42.34272789555743
simulated,6448,114.91948068010709
simulated,6449,54.02209444281457
simulated,6450,21.911331428278338
simulated,6451,9.18960457684483
simulated,6452,83.4497577072631
simulated,6453,24.886969272725395
simulated,6454,15.03860342777007
simulated,6455,30.954842467212924
simulated,6456,36.87225266790273
simulated,6457,23.5553770239423
simulated,6458,6.197223136968788
simulated,6459,133.41607467484533
simulated,6460,13.731373335594217
simulated,6461,14.047316402493337
simulated,6462,13.39456102202756
simulated,6463,23.230909967652227
simulated,6464,74.85000563381585
simulated,6465,27.286502754899587
simulated,6466,13.717073011633877
simulated,6467,56.84869627706365
simulated,6468,26.59560612410586
simulated,6469,83.2395568225693
simulated,6470,34.3055357628828
simulated,6471,42.09949690406292
simulated,6472,7.777497659874892
simulated,6473,44.73748767138389
simulated,6474,61.11414201088233
simulated,6475,8.286491291039951
simulated,6476,27.294644323041016
simulated,6477,13.55879496678675
simulated,6478,37.346518557330874
simulated,6479,15.713076736366116
simulated,6480,17.26077387834946
simulated,6481,130.98027374818733
simulated,6482,19.368589369084738
simulated,6483,32.49075481744394
simulated,6484,9.480402698725312
simulated,6485,5.8718851116508475
simulated,6486,154.76794491926447
simulated,6487,30.093784269802196
simulated,6488,47.313358679955975
simulated,6489,40.55877368661315
simulated,6490,15.341072527659376
simulated,6491,31.470587030140376
simulated,6492,18.313478826600832
simulated,6493,49.68661772227674
simulated,6494,87.97053259283254
simulated,6495,36.23693636684006
simulated,6496,24.282123871642202
simulated,6497,52.26553274186186
simulated,6498,94.94384633758241
simulated,6499,30.940491643243185
simulated,6500,13.03331408050626
simulated,6501,70.29938070310533
simulated,6502,36.132343926259175
simulated,6503,57.24389095188927
simulated,6504,59.784411448180585
simulated,6505,17.75138801768947
simulated,6506,0.6917992648529254
simulated,6507,24.48400263449979
simulated,6508,18.20679106432516
simulated,6509,29.75677871063113
simulated,6510,47.37428378399209
simulated,6511,32.19653707060468
simulated,6512,50.20869483015212
simulated,6513,38.45720010627118
simulated,6514,26.032483157025887
simulated,6515,7.743812099710183
simulated,6516,17.647617526363394
simulated,6517,16.27725612524339
simulated,6518,37.64560366636931
simulated,6519,68.48085305875198
simulated,6520,50.29099092502179
simulated,6521,7.129053955831466
simulated,6522,26.760942951814084
simulated,6523,12.51506686945008
simulated,6524,66.44391741095727
simulated,6525,164.86154080271052
simulated,6526,66.59658993287367
simulated,6527,23.114232845062126
simulated,6528,73.52541280666549
simulated,6529,20.57574369864369
simulated,6530,137.7543508557127
simulated,6531,17.652418600555258
simulated,6532,18.84893378264772
simulated,6533,18.758037912822537
simulated,6534,32.15450346184545
simulated,6535,13.669787460107658
simulated,6536,20.328902093624535
simulated,6537,47.81390882771266
simulated,6538,4.989992382886031
simulated,6539,24.550494610709144
simulated,6540,16.9993334764201
simulated,6541,17.52751037288857
simulated,6542,15.231723710948167
simulated,6543,33.313827721434144
simulated,6544,28.754600587143976
simulated,6545,50.02807229565966
simulated,6546,29.657807591741047
simulated,6547,41.54642530521188
simulated,6548,90.70464942348343
simulated,6549,52.47432757017953
simulated,6550,25.489404324995746
simulated,6551,7.334974330135183
simulated,6552,29.978863201816537
simulated,6553,19.853838628757643
simulated,6554,48.0047242048049
simulated,6555,37.491202641776134
simulated,6556,25.513838631225784
simulated,6557,37.89159733981504
simulated,6558,29.90249906373583
simulated,6559,26.11578567696478
simulated,6560,51.18341401982937
simulated,6561,15.746320036743965
simulated,6562,29.148134117071734
simulated,6563,40.695140494576556
simulated,6564,115.2864652040663
simulated,6565,60.95224207053398
simulated,6566,43.97927959680623
simulated,6567,46.08504782469817
simulated,6568,9.41867051766556
simulated,6569,89.38985774690832
simulated,6570,51.90497252473853
simulated,6571,60.84611435007796
simulated,6572,43.32765378343319
simulated,6573,26.154814279048733
simulated,6574,63.81263909108306
simulated,6575,25.946255739833216
simulated,6576,14.862427881456131
simulated,6577,102.22627449947561
simulated,6578,29.44941293055914
simulated,6579,34.1384344454368
simulated,6580,56.80495425327488
simulated,6581,81.22657771134018
simulated,6582,25.206565016482458
simulated,6583,45.028112963267795
simulated,6584,17.62640315467334
simulated,6585,59.46216694335474
simulated,6586,15.585572852445695
simulated,6587,11.449816939158353
simulated,6588,19.53785334262427
simulated,6589,18.884548615374758
simulated,6590,24.302987640172468
simulated,6591,19.164894065578757
simulated,6592,25.169637033527955
simulated,6593,26.315487078672554
simulated,6594,16.212409372587313
simulated,6595,28.611834011314297
simulated,6596,108.21067905887874
simulated,6597,40.53895388941557
simulated,6598,61.11778765057245
simulated,6599,5.919159950928048
simulated,6600,45.900067345248715
simulated,6601,10.293941911955468
simulated,6602,7.270842687453344
simulated,6603,142.87788039698788
simulated,6604,65.81607242763546
simulated,6605,41.28760831700201
simulated,6606,20.92555105656597
simulated,6607,33.289118574185075
simulated,6608,5.087918187527203
simulated,6609,25.415193278504617
simulated,6610,37.80625322801422
simulated,6611,28.940011568064193
simulated,6612,19.08643758690207
simulated,6613,43.430380637918816
simulated,6614,19.95154316717402
simulated,6615,25.093327098295866
simulated,6616,31.50099960989998
simulated,6617,5.0521436129709505
simulated,6618,148.11162836260345
simulated,6619,145.49427966981017
simulated,6620,60.067519591177714
simulated,6621,24.18956102167261
simulated,6622,35.51368772069861
simulated,6623,40.87124250447478
simulated,6624,20.935429536918477
simulated,6625,39.93001877286517
simulated,6626,24.97725339236092
simulated,6627,26.056692967320515
simulated,6628,43.73227544567518
simulated,6629,36.55747749198275
simulated,6630,126.90282853432981
simulated,6631,32.391194388282926
simulated,6632,144.93113729322468
simulated,6633,54.17429754248247
simulated,6634,63.2630659015547
simulated,6635,32.82432710547938
simulated,6636,62.491389011071405
simulated,6637,15.747963270674262
simulated,6638,69.98100433841664
simulated,6639,64.1866498278619
simulated,6640,65.20191117886174
simulated,6641,143.4330443524515
simulated,6642,14.266215915484574
simulated,6643,103.60677126538812
simulated,6644,16.684310107770145
simulated,6645,8.854644927912144
simulated,6646,37.94152494846474
simulated,6647,19.36443346820645
simulated,6648,28.231751272770566
simulated,6649,56.967236536923274
simulated,6650,7.349173767725647
simulated,6651,10.28753108013494
simulated,6652,13.104984970625956
simulated,6653,16.776664765276113
simulated,6654,55.18189849082026
simulated,6655,32.294195479735585
simulated,6656,34.238499607796555
simulated,6657,34.81107754440516
simulated,6658,43.04280985777678
simulated,6659,9.782968512624747
simulated,6660,27.999583459481716
simulated,6661,55.12692686466865
simulated,6662,90.33866597634538
simulated,6663,52.83796117331724
simulated,6664,8.552402958883512
simulated,6665,19.159311953781987
simulated,6666,15.698143993436627
simulated,6667,3.976076901057273
simulated,6668,60.43684707579145
simulated,6669,58.99601997028921
simulated,6670,21.96775471114119
simulated,6671,28.892936604194304
simulated,6672,50.158703366602126
simulated,6673,15.39883534365321
simulated,6674,127.18534357548057
simulated,6675,48.113016304426296
simulated,6676,4.1222759430650715
simulated,6677,108.32825396781868
simulated,6678,30.736759824362824
simulated,6679,79.83998744079526
simulated,6680,182.4373367548811
simulated,6681,38.21933471432692
simulated,6682,15.488502390601276
simulated,6683,15.992173678539952
simulated,6684,30.218652233547314
simulated,6685,63.281011087888075
simulated,6686,22.20051163157327
simulated,6687,27.018124632045577
simulated,6688,37.17750114531869
simulated,6689,15.204505884269377
simulated,6690,33.602393322658024
simulated,6691,17.8964126427994
simulated,6692,29.244798592322603
simulated,6693,65.05006931137503
simulated,6694,91.3981030277879
simulated,6695,23.233144808794343
simulated,6696,13.931979272979182
simulated,6697,109.26971139930949
simulated,6698,33.8930563876618
simulated,6699,65.50931610198435
simulated,6700,8.097612338238134
simulated,6701,20.408058776517944
simulated,6702,56.793618808764215
simulated,6703,14.473201738993554
simulated,6704,16.87004999427583
simulated,6705,27.763234496751405
simulated,6706,16.20901496993964
simulated,6707,7.619586908115698
simulated,6708,19.63925709772798
simulated,6709,35.247941166987324
simulated,6710,68.58519338961548
simulated,6711,48.84759892471999
simulated,6712,14.201280418064137
simulated,6713,103.08039780043384
simulated,6714,16.967416225954317
simulated,6715,24.338046312613233
simulated,6716,99.45446698241742
simulated,6717,34.16598193491572
simulated,6718,21.401413424523213
simulated,6719,46.567412687545456
simulated,6720,25.20429010901806
simulated,6721,47.651946005377816
simulated,6722,149.91986492087173
simulated,6723,66.75762580355772
simulated,6724,13.734283125001191
simulated,6725,37.0783142065815
simulated,6726,12.364098341420416
simulated,6727,21.311183149140618
simulated,6728,13.679083524128547
simulated,6729,53.913937096736106
simulated,6730,19.391322117778877
simulated,6731,19.373509443837353
simulated,6732,18.74083660303512
simulated,6733,74.61907554815926
simulated,6734,35.29295479113212
simulated,6735,92.24422535946292
simulated,6736,18.43073807967969
simulated,6737,46.45803769957652
simulated,6738,96.8503919369855
simulated,6739,65.58706950114632
simulated,6740,26.944690722863026
simulated,6741,38.02109423962057
simulated,6742,50.7637610492503
simulated,6743,30.168621057994038
simulated,6744,49.25844686987628
simulated,6745,80.78737364867187
simulated,6746,29.152630122984995
simulated,6747,102.77686044467632
simulated,6748,50.920961509465684
simulated,6749,21.291543145157004
simulated,6750,29.028373257506924
simulated,6751,25.671520550216503
simulated,6752,12.253299923827733
simulated,6753,5.282104753311536
simulated,6754,38.79844900133918
simulated,6755,67.92534065649771
simulated,6756,60.670974465848424
simulated,6757,19.817279905566558
simulated,6758,20.333616123911106
simulated,6759,178.27554154037207
simulated,6760,20.190029336297947
simulated,6761,61.29612444647485
simulated,6762,61.83021391693667
simulated,6763,7.941670286684386
simulated,6764,44.29591327562416
simulated,6765,58.167107263607384
simulated,6766,30.37460525433699
simulated,6767,76.51720255188464
simulated,6768,106.82853121542674
simulated,6769,31.12228071247861
simulated,6770,48.66426565019442
simulated,6771,68.93139982831903
simulated,6772,19.247525723820985
simulated,6773,20.48137317414316
simulated,6774,15.99021266237868
simulated,6775,21.376895566674833
simulated,6776,48.834927511961986
simulated,6777,61.92274224795673
simulated,6778,21.293220640164417
simulated,6779,52.95628010302005
simulated,6780,37.40646777537425
simulated,6781,20.994710385367735
simulated,6782,18.409001337248046
simulated,6783,59.99590631390362
simulated,6784,81.94003289333435
simulated,6785,25.55711413134259
simulated,6786,13.438482861606031
simulated,6787,26.861045932758284
simulated,6788,78.43756895323888
simulated,6789,21.584795533145204
simulated,6790,83.46731811588954
simulated,6791,24.44110748825475
simulated,6792,42.232259894047125
simulated,6793,14.715114019657353
simulated,6794,16.72488489680994
simulated,6795,74.91108957414308
simulated,6796,16.41762157058205
simulated,6797,65.83629875624814
simulated,6798,24.008558066748378
simulated,6799,21.603693405044286
simulated,6800,55.31171951355481
simulated,6801,17.817012906022562
simulated,6802,11.780582746285821
simulated,6803,19.14305740489757
simulated,6804,14.263900135217852
simulated,6805,20.057858869638846
simulated,6806,50.58526549890413
simulated,6807,54.17906894335263
simulated,6808,62.5135411109206
simulated,6809,167.6502740888506
simulated,6810,30.482845594144397
simulated,6811,24.57724565323842
simulated,6812,84.92009743712009
simulated,6813,59.99827827464671
simulated,6814,46.16440643990775
simulated,6815,100.47372608728176
simulated,6816,27.19551466536598
simulated,6817,53.54026290553519
simulated,6818,51.777881704116936
simulated,6819,15.820548191684438
simulated,6820,150.35697142323943
simulated,6821,11.491963090809058
simulated,6822,29.441455931663647
simulated,6823,76.96848035737291
simulated,6824,15.24622139833969
simulated,6825,26.14720648291914
simulated,6826,79.76412798965377
simulated,6827,59.61732395455935
simulated,6828,43.524845524656854
simulated,6829,43.94917373335762
simulated,6830,19.15657306656691
simulated,6831,87.39964959932216
simulated,6832,6.970674187262817
simulated,6833,42.60533186578934
simulated,6834,41.37535945238129
simulated,6835,3.6284498895705015
simulated,6836,34.24990875989422
simulated,6837,2.8725030715281985
simulated,6838,79.86007441384548
simulated,6839,25.20366306514509
simulated,6840,139.02066815955533
simulated,6841,3.4640275539061487
simulated,6842,18.82742672580094
simulated,6843,87.64835022697137
simulated,6844,64.98673086361437
simulated,6845,60.91481624792516
simulated,6846,60.46733085512428
simulated,6847,41.57973865340028
simulated,6848,21.73401028846903
simulated,6849,14.646627246208354
simulated,6850,26.011732072980834
simulated,6851,12.927673514680947
simulated,6852,84.96424614001927
simulated,6853,94.37520003521266
simulated,6854,24.934987562532342
simulated,6855,12.343740427606194
simulated,6856,12.031601467614703
simulated,6857,18.801675032671824
simulated,6858,21.816846933987648
simulated,6859,55.68765415926095
simulated,6860,62.95927799431824
simulated,6861,15.13254269074374
simulated,6862,28.916884781739657
simulated,6863,32.267641518374575
simulated,6864,36.004877807039044
simulated,6865,14.169059114814521
simulated,6866,22.107323729974006
simulated,6867,21.6283637924655
simulated,6868,21.819780265219656
simulated,6869,43.72920065582856
simulated,6870,13.808375295278688
simulated,6871,3.7494410986351223
simulated,6872,22.26809415764322
simulated,6873,43.16260131050057
simulated,6874,69.49182695257636
simulated,6875,16.428128884542616
simulated,6876,19.06721963521782
simulated,6877,53.215038626051204
simulated,6878,56.37063991604922
simulated,6879,19.22638439988925
simulated,6880,12.201739523908559
simulated,6881,35.257481203998594
simulated,6882,24.330697191075387
simulated,6883,18.878196882022316
simulated,6884,16.47919348679713
simulated,6885,33.6500683670382
simulated,6886,23.643750588063494
simulated,6887,12.149977039214702
simulated,6888,11.674043787384473
simulated,6889,29.53789860189399
simulated,6890,15.838073770026135
simulated,6891,107.23801393405213
simulated,6892,46.07690334904864
simulated,6893,16.320141334739326
simulated,6894,28.733482244304426
simulated,6895,12.330799991994073
simulated,6896,31.68601342113666
simulated,6897,33.40973965838242
simulated,6898,20.802981851830538
simulated,6899,11.771468180779944
simulated,6900,37.90020132790439
simulated,6901,12.953931313661426
simulated,6902,11.576750622018968
simulated,6903,29.21357048649595
simulated,6904,7.073803605398716
simulated,6905,30.70171290852366
simulated,6906,40.06168904219127
simulated,6907,30.866471628091578
simulated,6908,52.79710843750767
simulated,6909,69.22970181624721
simulated,6910,52.66678150782338
simulated,6911,17.885588905846646
simulated,6912,36.32669688334725
simulated,6913,21.74736412698959
simulated,6914,22.695092723050614
simulated,6915,75.66714042110667
simulated,6916,33.33719557779352
simulated,6917,59.32334394213403
simulated,6918,14.687682859295938
simulated,6919,46.708112860028706
simulated,6920,54.52243068718187
simulated,6921,25.112872891321675
simulated,6922,139.76072702216916
simulated,6923,33.84803252998441
simulated,6924,37.342283870127275
simulated,6925,23.22202899187593
simulated,6926,36.0076945959766
simulated,6927,75.82739205374398
simulated,6928,7.663294113250532
simulated,6929,99.94117595323762
simulated,6930,79.71370407845318
simulated,6931,47.38418138936795
simulated,6932,55.52296115303294
simulated,6933,17.284384423285648
simulated,6934,16.392600054767886
simulated,6935,5.501620665655656
simulated,6936,29.940400578073692
simulated,6937,29.34370487523129
simulated,6938,73.48525490206121
simulated,6939,65.46715908075412
simulated,6940,11.937246243035045
simulated,6941,5.004435839625725
simulated,6942,16.437826899004317
simulated,6943,31.506944449264594
simulated,6944,10.811440614057666
simulated,6945,38.19324497911252
simulated,6946,21.4991695668868
simulated,6947,21.20227713125776
simulated,6948,51.416004273830225
simulated,6949,14.951565366802363
simulated,6950,18.573177493821174
simulated,6951,23.313294796129778
simulated,6952,7.377789883368333
simulated,6953,53.00738216117266
simulated,6954,27.041443785235387
simulated,6955,30.209234348515537
simulated,6956,44.0158888931133
simulated,6957,59.64276687141414
simulated,6958,82.26937112461613
simulated,6959,16.2501469227089
simulated,6960,44.94807394233438
simulated,6961,30.065477311367808
simulated,6962,19.976249874052968
simulated,6963,28.618763732128375
simulated,6964,18.78730251874947
simulated,6965,84.5369352961496
simulated,6966,78.3595514557514
simulated,6967,16.672895464709196
simulated,6968,36.82039543691734
simulated,6969,23.79373474139812
simulated,6970,14.807643190295757
simulated,6971,23.448422776394203
simulated,6972,11.484050411587553
simulated,6973,50.27968456595665
simulated,6974,38.145226448515054
simulated,6975,4.298123093485001
simulated,6976,77.6218411278596
simulated,6977,36.51740349098545
simulated,6978,49.45979448036826
simulated,6979,98.87907956071373
simulated,6980,97.05750313674798
simulated,6981,35.61380914486598
simulated,6982,22.25400749528316
simulated,6983,39.76975179174364
simulated,6984,47.751594205262144
simulated,6985,89.00333118924786
simulated,6986,23.590836377680745
simulated,6987,32.54148970230544
simulated,6988,85.36738530394413
simulated,6989,47.27744594214159
simulated,6990,10.855025087845782
simulated,6991,43.84853542833042
simulated,6992,17.61581211732469
simulated,6993,49.33866601015901
simulated,6994,28.498484614456583
simulated,6995,60.833067648107715
simulated,6996,19.656485358437294
simulated,6997,33.410096177354916
simulated,6998,87.18323102567854
simulated,6999,115.13106671716278
simulated,7000,32.01159187537428
simulated,7001,22.537789673144818
simulated,7002,26.579259194343724
simulated,7003,9.967230739126258
simulated,7004,77.87135069735032
simulated,7005,15.89324713655424
simulated,7006,14.681836340394028
simulated,7007,153.1355852157963
simulated,7008,16.963310334410263
simulated,7009,36.90009300297926
simulated,7010,37.29149329343996
simulated,7011,26.27122359907627
simulated,7012,7.569498226827289
simulated,7013,58.868706002249105
simulated,7014,18.44479132934805
simulated,7015,44.11660075845332
simulated,7016,51.49079691999523
simulated,7017,19.82820133228569
simulated,7018,13.65586787328856
simulated,7019,36.6918872696644
simulated,7020,18.166437245699186
simulated,7021,30.474201858546042
simulated,7022,58.98077479094058
simulated,7023,50.957600742095025
simulated,7024,30.285607323283326
simulated,7025,19.99042995845632
simulated,7026,21.730791413213588
simulated,7027,26.675160300176024
simulated,7028,41.470167909269215
simulated,7029,68.64842274463174
simulated,7030,12.033081700379768
simulated,7031,11.181121314620755
simulated,7032,43.42466622093141
simulated,7033,32.83285397238936
simulated,7034,44.57514807474384
simulated,7035,53.72036486884103
simulated,7036,58.196091738180044
simulated,7037,4.796197731293933
simulated,7038,32.11300806811225
simulated,7039,145.8451452575696
simulated,7040,18.813600006721252
simulated,7041,63.687781132900476
simulated,7042,14.730978225649688
simulated,7043,173.1291348442776
simulated,7044,16.59964142478254
simulated,7045,38.44017261599454
simulated,7046,14.762984495083188
simulated,7047,18.556516258816647
simulated,7048,40.188053424185
simulated,7049,16.538421427053404
simulated,7050,68.33673517222272
simulated,7051,17.403793270626927
simulated,7052,13.242880162972925
simulated,7053,44.67523324368585
simulated,7054,53.74194790169605
simulated,7055,47.35547579421317
simulated,7056,91.01421578757567
simulated,7057,57.53686979308722
simulated,7058,17.200677240427964
simulated,7059,33.09760864102195
simulated,7060,20.07359971563417
simulated,7061,29.77493892374531
simulated,7062,21.240778553135325
simulated,7063,19.112044469674643
simulated,7064,23.2411874701231
simulated,7065,112.69076596938064
simulated,7066,6.231897567907393
simulated,7067,38.596170134745
simulated,7068,26.48427744647593
simulated,7069,187.91378291512444
simulated,7070,72.99543118800622
simulated,7071,17.692752036071486
simulated,7072,26.164255372970537
simulated,7073,23.62374546087358
simulated,7074,11.291276500408895
simulated,7075,62.63489341647845
simulated,7076,6.72692153021624
simulated,7077,117.89061264925252
simulated,7078,2.825130239478356
simulated,7079,109.64027065554558
simulated,7080,41.37886525294893
simulated,7081,8.834822541603941
simulated,7082,22.96560250239467
simulated,7083,60.46637568319402
simulated,7084,136.00889771833815
simulated,7085,24.972343023815448
simulated,7086,21.4488025768976
simulated,7087,16.593975497628417
simulated,7088,38.800222661578886
simulated,7089,21.962809751478865
simulated,7090,51.70382551454667
simulated,7091,57.192015475310214
simulated,7092,28.694047855483653
simulated,7093,8.24521474106861
simulated,7094,19.3269690192201
simulated,7095,149.2221633590875
simulated,7096,30.563691244099726
simulated,7097,49.25087164659425
simulated,7098,34.968317446773455
simulated,7099,21.6648006866578
simulated,7100,79.5724891645573
simulated,7101,121.84820237692009
simulated,7102,18.609058315598038
simulated,7103,19.185981428094145
simulated,7104,193.7003036331727
simulated,7105,10.923312717978392
simulated,7106,21.344365875617562
simulated,7107,32.50639373666097
simulated,7108,33.80793685468504
simulated,7109,37.1697587142126
simulated,7110,48.45030761059847
simulated,7111,100.60239281835074
simulated,7112,29.317971632690703
simulated,7113,57.28366815051062
simulated,7114,15.153577016003126
simulated,7115,28.65913595975317
simulated,7116,52.02288225927833
simulated,7117,13.407681676378832
simulated,7118,58.602624278420095
simulated,7119,158.79562901729687
simulated,7120,69.8726035896744
simulated,7121,9.144221372765191
simulated,7122,55.14707253499634
simulated,7123,44.519859342745804
simulated,7124,66.16177121463994
simulated,7125,82.31630665814377
simulated,7126,16.968244010451464
simulated,7127,14.175673963343352
simulated,7128,10.091162788932856
simulated,7129,40.53336279083868
simulated,7130,16.224754275647992
simulated,7131,22.469763379805663
simulated,7132,28.73137622460112
simulated,7133,76.39217685662372
simulated,7134,50.33468288464258
simulated,7135,24.00325431767288
simulated,7136,26.773523967964266
simulated,7137,16.620557859004588
simulated,7138,67.7906772416827
simulated,7139,16.51638398790452
simulated,7140,11.028691720900719
simulated,7141,78.732975467006
simulated,7142,17.85644797363035
simulated,7143,32.0341098160773
simulated,7144,68.0843523891214
simulated,7145,29.64341733316226
simulated,7146,42.00230798971984
simulated,7147,23.272277247804162
simulated,7148,13.379376537566525
simulated,7149,41.555322145135385
simulated,7150,65.04080040947953
simulated,7151,21.87116896230794
simulated,7152,26.05300483567228
simulated,7153,16.673240776942997
simulated,7154,15.06165194071011
simulated,7155,62.635046783725564
simulated,7156,6.900758791663421
simulated,7157,12.325499738647164
simulated,7158,98.37487589601176
simulated,7159,24.072322985975557
simulated,7160,62.788909990820514
simulated,7161,17.207028831064967
simulated,7162,35.55994043979928
simulated,7163,8.9046701544188
simulated,7164,29.1254821649784
simulated,7165,57.57845032734329
simulated,7166,77.7110950656982
simulated,7167,21.41262204426053
simulated,7168,53.221581427948955
simulated,7169,14.729096964555422
simulated,7170,53.0838653485382
simulated,7171,53.72347317297342
simulated,7172,117.28046318744283
simulated,7173,40.10551203351702
simulated,7174,37.39087847676074
simulated,7175,44.42945637945625
simulated,7176,25.899110543655446
simulated,7177,83.04085470476599
simulated,7178,16.962827031992497
simulated,7179,23.398607446761947
simulated,7180,51.59317204137596
simulated,7181,34.22143762350363
simulated,7182,20.802248223229455
simulated,7183,48.28947893688531
simulated,7184,73.35214968588326
simulated,7185,38.01014957037155
simulated,7186,14.110223429182996
simulated,7187,65.90091212562525
simulated,7188,34.46509524812144
simulated,7189,29.11858515357211
simulated,7190,25.49788242550305
simulated,7191,20.69527765065129
simulated,7192,47.57756413600665
simulated,7193,68.48568066556393
simulated,7194,72.2850850860165
simulated,7195,60.4828428264572
simulated,7196,64.30647579377933
simulated,7197,26.416263506118714
simulated,7198,24.998953389220738
simulated,7199,12.619740983215227
simulated,7200,41.07446593063265
simulated,7201,40.7325983804649
simulated,7202,14.454780333609202
simulated,7203,13.000823097359472
simulated,7204,35.268209910886355
simulated,7205,14.67207360073813
simulated,7206,38.744635533724164
simulated,7207,136.56448782374815
simulated,7208,65.24274237760731
simulated,7209,37.554241341656656
simulated,7210,26.481186309432047
simulated,7211,28.83787558183385
simulated,7212,48.22967142844789
simulated,7213,20.9421302824539
simulated,7214,57.880054764258276
simulated,7215,15.688032359996596
simulated,7216,109.54855091622807
simulated,7217,40.03072435456007
simulated,7218,22.334728900114392
simulated,7219,79.09590880131567
simulated,7220,61.894491222927
simulated,7221,37.96683145560506
simulated,7222,48.769007642693765
simulated,7223,32.02498166719922
simulated,7224,8.054035424587836
simulated,7225,17.17059725245616
simulated,7226,37.92846736005787
simulated,7227,21.10163665320729
simulated,7228,19.870264860239125
simulated,7229,23.771550419217704
simulated,7230,49.61632050031562
simulated,7231,15.740958473819623
simulated,7232,98.0244424716295
simulated,7233,128.30564728264036
simulated,7234,26.58452239136285
simulated,7235,18.33380661517089
simulated,7236,46.45588029519451
simulated,7237,20.53796084113044
simulated,7238,46.813792047549335
simulated,7239,48.42155505785692
simulated,7240,54.00720991179306
simulated,7241,38.91668778511549
simulated,7242,22.06227741582046
simulated,7243,2.593412353380052
simulated,7244,5.285713047984865
simulated,7245,19.324245661538168
simulated,7246,40.457401353301904
simulated,7247,105.5503262133941
simulated,7248,68.30556224298576
simulated,7249,64.05295423307997
simulated,7250,50.195650664549326
simulated,7251,12.07827675075042
simulated,7252,106.05099339654684
simulated,7253,31.662645383793784
simulated,7254,33.497683396189316
simulated,7255,10.686831977946031
simulated,7256,114.03308814140462
simulated,7257,64.39412316688828
simulated,7258,31.329104301044968
simulated,7259,24.95709489393699
simulated,7260,64.88776009550311
simulated,7261,27.106363819276403
simulated,7262,37.578919737562494
simulated,7263,44.15110729386095
simulated,7264,42.11623043375103
simulated,7265,34.5541943985591
simulated,7266,79.36020616553652
simulated,7267,81.19009440217471
simulated,7268,33.29881512976238
simulated,7269,27.50084988255847
simulated,7270,14.717920548165079
simulated,7271,77.45673949445538
simulated,7272,42.16357599524064
simulated,7273,166.32764217514116
simulated,7274,8.104573022794373
simulated,7275,18.964517783718552
simulated,7276,29.050448619572578
simulated,7277,303.8199923189791
simulated,7278,35.80347575788021
simulated,7279,13.983756319117433
simulated,7280,23.83505940843744
simulated,7281,27.444280041514048
simulated,7282,18.52323195870158
simulated,7283,35.06155242576155
simulated,7284,257.25821574827154
simulated,7285,19.011411402625015
simulated,7286,65.82652104029997
simulated,7287,33.1896376220287
simulated,7288,37.094751208193856
simulated,7289,12.392305823099361
simulated,7290,24.854995795608552
simulated,7291,36.82398799701161
simulated,7292,38.97763882029234
simulated,7293,30.10981691426648
simulated,7294,20.772048946082794
simulated,7295,27.61246327006931
simulated,7296,33.20670195401337
simulated,7297,48.76624490258707
simulated,7298,52.37142326751671
simulated,7299,94.06996855503962
simulated,7300,15.186428462252646
simulated,7301,48.88132507731865
simulated,7302,7.487187043980897
simulated,7303,15.623487862297162
simulated,7304,9.676279991583552
simulated,7305,9.850367443246503
simulated,7306,25.612537538144515
simulated,7307,13.673727060764964
simulated,7308,121.17835544956196
simulated,7309,59.00922325808983
simulated,7310,19.18313922009262
simulated,7311,53.94499468968431
simulated,7312,11.929160913332185
simulated,7313,12.003543173069549
simulated,7314,42.398962057295726
simulated,7315,27.375115949863165
simulated,7316,24.927577869775938
simulated,7317,35.756136620653876
simulated,7318,49.152532431276626
simulated,7319,98.30263615587089
simulated,7320,65.72618774329304
simulated,7321,81.8135043065937
simulated,7322,19.203309835796453
simulated,7323,27.51274958096736
simulated,7324,27.355668413936446
simulated,7325,64.30355444653287
simulated,7326,89.06952747891502
simulated,7327,33.369316350849815
simulated,7328,24.62970249797716
simulated,7329,29.71754116059167
simulated,7330,93.34106139232992
simulated,7331,22.751726886139636
simulated,7332,82.62050515215152
simulated,7333,22.061065404125962
simulated,7334,28.39450345047326
simulated,7335,63.86770221307408
simulated,7336,47.379289957712935
simulated,7337,77.68731279180821
simulated,7338,17.627809214397928
simulated,7339,35.21603101627197
simulated,7340,18.37525822645288
simulated,7341,18.52426860298024
simulated,7342,118.16332414110329
simulated,7343,29.46741660520907
simulated,7344,24.409760877486924
simulated,7345,23.637515274612138
simulated,7346,21.668481733026326
simulated,7347,31.412943818254966
simulated,7348,35.806284478228775
simulated,7349,14.638032868533918
simulated,7350,20.700978373097108
simulated,7351,36.50695421340719
simulated,7352,41.07422201912896
simulated,7353,79.19427134935236
simulated,7354,14.061783467709125
simulated,7355,23.81649653161187
simulated,7356,199.1650186457761
simulated,7357,59.24085043332891
simulated,7358,58.768685194057255
simulated,7359,28.7582562603084
simulated,7360,18.11618428099272
simulated,7361,36.637743608388845
simulated,7362,32.381196741129614
simulated,7363,32.30198550861773
simulated,7364,30.827567374534425
simulated,7365,9.11893957883819
simulated,7366,3.3981428802415743
simulated,7367,52.02546420264669
simulated,7368,12.501061405548352
simulated,7369,19.253034012788202
simulated,7370,96.74338001437181
simulated,7371,15.636299516266813
simulated,7372,14.323228733451401
simulated,7373,29.881070586324164
simulated,7374,20.963519698254206
simulated,7375,9.305291907318365
simulated,7376,213.28080728652637
simulated,7377,49.89747097871256
simulated,7378,17.448236462717063
simulated,7379,23.044362637359324
simulated,7380,34.65153591138026
simulated,7381,38.13583187504357
simulated,7382,39.07088523611183
simulated,7383,5.9159418323837
simulated,7384,16.903244490694675
simulated,7385,27.460406611351466
simulated,7386,19.597010698662416
simulated,7387,29.247249430821398
simulated,7388,10.3039107698197
simulated,7389,26.82679038700393
simulated,7390,8.979946910798818
simulated,7391,29.990908622591736
simulated,7392,46.88241892432492
simulated,7393,29.05198867622779
simulated,7394,20.558688646271662
simulated,7395,6.63237875340048
simulated,7396,24.247974549628434
simulated,7397,11.212504303381275
simulated,7398,27.42722428935269
simulated,7399,56.42031154662231
simulated,7400,38.18228059317944
simulated,7401,23.590241455638633
simulated,7402,29.83365504362121
simulated,7403,29.568337814059277
simulated,7404,17.72721682352639
simulated,7405,47.83010950875647
simulated,7406,84.02018062756483
simulated,7407,41.99848459612874
simulated,7408,94.44063137571494
simulated,7409,11.302482177562338
simulated,7410,60.299657481200896
simulated,7411,25.211099180751233
simulated,7412,15.730379991266519
simulated,7413,60.77122010278326
simulated,7414,42.895261648160265
simulated,7415,35.97815090644467
simulated,7416,17.701066926581365
simulated,7417,24.648429090417704
simulated,7418,6.60612479856572
simulated,7419,45.536283381601095
simulated,7420,26.488055708019402
simulated,7421,22.51744258174073
simulated,7422,20.44172122922172
simulated,7423,47.59506219706246
simulated,7424,57.099878043356924
simulated,7425,53.61145914190364
simulated,7426,50.036564128056284
simulated,7427,64.51036003496507
simulated,7428,31.02325484437252
simulated,7429,33.533177183162344
simulated,7430,77.79153899199696
simulated,7431,26.342638833931467
simulated,7432,23.984032990518585
simulated,7433,62.54551285751057
simulated,7434,66.27969426404124
simulated,7435,46.531613264688644
simulated,7436,57.125741754697174
simulated,7437,123.96874827486748
simulated,7438,33.53627830222512
simulated,7439,37.294211752266804
simulated,7440,27.753606608828115
simulated,7441,41.120284293663104
simulated,7442,16.43821950617465
simulated,7443,80.84181409578986
simulated,7444,28.998785757082544
simulated,7445,31.05979667206309
simulated,7446,43.861362290069835
simulated,7447,34.91872769884629
simulated,7448,28.73105903251293
simulated,7449,15.701755095834205
simulated,7450,42.21127318463792
simulated,7451,24.166968912726947
simulated,7452,21.055369827325404
simulated,7453,30.063665001628106
simulated,7454,24.374637063088887
simulated,7455,29.835855319335515
simulated,7456,35.05857967019373
simulated,7457,55.42675109317127
simulated,7458,25.058505642081247
simulated,7459,33.259917131057485
simulated,7460,85.6444661915285
simulated,7461,15.740874620036578
simulated,7462,2.7371235053092264
simulated,7463,17.197286131254366
simulated,7464,34.10096526129904
simulated,7465,16.782838988662053
simulated,7466,12.136560686964213
simulated,7467,27.67389887440673
simulated,7468,19.619451332952913
simulated,7469,23.23815456020306
simulated,7470,24.78896656705579
simulated,7471,46.73036044388826
simulated,7472,78.76863622537995
simulated,7473,29.91232671797065
simulated,7474,12.468868718015768
simulated,7475,14.337130322303008
simulated,7476,55.64953179225258
simulated,7477,60.260185741796604
simulated,7478,15.077919018161744
simulated,7479,8.069254979140089
simulated,7480,9.2754006447304
simulated,7481,21.619392755291756
simulated,7482,64.2223913735809
simulated,7483,15.022824099437448
simulated,7484,51.60343048069572
simulated,7485,30.870315838355012
simulated,7486,79.13895663706236
simulated,7487,18.012216194186934
simulated,7488,26.80583251449076
simulated,7489,27.83643433645573
simulated,7490,134.87481011170968
simulated,7491,28.30084865154929
simulated,7492,185.0772130599448
simulated,7493,19.70301806524373
simulated,7494,43.41107648930244
simulated,7495,36.19668828339753
simulated,7496,14.39884168684117
simulated,7497,7.968688693659314
simulated,7498,83.93758150925464
simulated,7499,37.041462217321964
simulated,7500,32.42414531421778
simulated,7501,43.48927289148263
simulated,7502,59.46004247128491
simulated,7503,8.514953213670541
simulated,7504,37.115359355228165
simulated,7505,7.126258175210488
simulated,7506,22.04118672690769
simulated,7507,80.41359035002807
simulated,7508,26.064881463670826
simulated,7509,28.882335345719174
simulated,7510,21.818653606304757
simulated,7511,58.34922780922393
simulated,7512,34.927122518513485
simulated,7513,28.066787689659062
simulated,7514,77.83972652705205
simulated,7515,12.440043355583196
simulated,7516,30.116769339305264
simulated,7517,73.35463189211961
simulated,7518,7.92678192840077
simulated,7519,45.97976294743495
simulated,7520,151.52046581509515
simulated,7521,20.66399619290518
simulated,7522,6.829333525085551
simulated,7523,251.3864543754366
simulated,7524,190.30756419336774
simulated,7525,59.15428830386805
simulated,7526,29.765950054370368
simulated,7527,82.08962687831475
simulated,7528,18.960394201198824
simulated,7529,15.962787093391313
simulated,7530,29.460950735665378
simulated,7531,11.50344003984699
simulated,7532,33.60477035656895
simulated,7533,25.328111464112673
simulated,7534,36.88985125996195
simulated,7535,26.498354882626263
simulated,7536,42.61422051527554
simulated,7537,28.05118703416756
simulated,7538,10.08772694813401
simulated,7539,20.508460271135956
simulated,7540,118.93594921861528
simulated,7541,32.8172627452702
simulated,7542,25.876894990118878
simulated,7543,25.171896796102846
simulated,7544,2.0336868669563524
simulated,7545,17.547399151543182
simulated,7546,5.633798569709846
simulated,7547,44.68372726665289
simulated,7548,142.76683123791668
simulated,7549,38.298756020133936
simulated,7550,32.0100740742335
simulated,7551,43.59151031482236
simulated,7552,34.86681247415234
simulated,7553,92.01948751758948
simulated,7554,36.90087203109814
simulated,7555,89.49718384642456
simulated,7556,13.017387867263448
simulated,7557,29.87845668549941
simulated,7558,36.84911133227096
simulated,7559,47.20036583269625
simulated,7560,30.937440859361363
simulated,7561,19.520346464346847
simulated,7562,23.67977800610199
simulated,7563,38.514862771853345
simulated,7564,51.26103161005889
simulated,7565,25.51849262472837
simulated,7566,156.31393064763105
simulated,7567,106.81866657936371
simulated,7568,29.924306847391406
simulated,7569,3.212898618222024
simulated,7570,72.23759657141134
simulated,7571,213.73812080599495
simulated,7572,31.556213184769007
simulated,7573,62.68125754510406
simulated,7574,5.439140169276746
simulated,7575,12.564036686953212
simulated,7576,78.54935981766916
simulated,7577,7.944309447027411
simulated,7578,121.33290358397053
simulated,7579,116.12286280306793
simulated,7580,146.757663924182
simulated,7581,20.065265284852842
simulated,7582,63.1267929185517
simulated,7583,23.851986605309346
simulated,7584,64.7919530043053
simulated,7585,35.635814939714194
simulated,7586,55.86015880027578
simulated,7587,29.321377267030392
simulated,7588,17.468565165928766
simulated,7589,144.0212146472011
simulated,7590,89.64286706692539
simulated,7591,10.34582104696999
simulated,7592,26.601794624230443
simulated,7593,26.68421646458833
simulated,7594,9.856549125327795
simulated,7595,50.92053418607286
simulated,7596,40.16498960507659
simulated,7597,30.14574002415822
simulated,7598,30.64694351649092
simulated,7599,82.37846494304156
simulated,7600,48.470824557733636
simulated,7601,91.51128578806724
simulated,7602,40.57106318124582
simulated,7603,9.723228927465255
simulated,7604,46.006272962368506
simulated,7605,36.835671782847896
simulated,7606,66.11957367916712
simulated,7607,28.64228598803261
simulated,7608,6.522213984153183
simulated,7609,23.53672358725756
simulated,7610,35.49852650556185
simulated,7611,16.089794129222774
simulated,7612,18.97408909456667
simulated,7613,13.474710798183166
simulated,7614,14.882534477398451
simulated,7615,20.72932809624986
simulated,7616,91.98784226724769
simulated,7617,23.159623615712814
simulated,7618,39.642634762435506
simulated,7619,17.51822844988405
simulated,7620,25.13158455324984
simulated,7621,10.080817474058115
simulated,7622,25.879963774159293
simulated,7623,15.95925736067814
simulated,7624,17.72244961913328
simulated,7625,18.724601876824682
simulated,7626,32.71432119488634
simulated,7627,45.09805327582934
simulated,7628,55.148998676908775
simulated,7629,16.42136435318075
simulated,7630,44.04155824357784
simulated,7631,70.99305717522785
simulated,7632,19.423683842910343
simulated,7633,21.151045175718757
simulated,7634,19.133255389338792
simulated,7635,27.313184014952764
simulated,7636,35.51472290653628
simulated,7637,51.58413064305376
simulated,7638,16.389555916750744
simulated,7639,12.26774073975877
simulated,7640,14.974754761839366
simulated,7641,40.54072670683385
simulated,7642,24.36672671763233
simulated,7643,20.02722669670509
simulated,7644,47.124846256784856
simulated,7645,35.22227299897885
simulated,7646,76.69774047210191
simulated,7647,41.13559267597576
simulated,7648,42.90897660821212
simulated,7649,16.76657224693742
simulated,7650,10.704277162234796
simulated,7651,15.1025254978306
simulated,7652,39.32693294401619
simulated,7653,321.25148412481894
simulated,7654,14.062801615926205
simulated,7655,33.540457292008
simulated,7656,13.06362696265463
simulated,7657,16.140702830600446
simulated,7658,27.636290208274673
simulated,7659,28.375324766833906
simulated,7660,67.92479016930822
simulated,7661,34.125042875581286
simulated,7662,37.9865106192276
simulated,7663,16.790094466563822
simulated,7664,46.24738821863876
simulated,7665,61.35495642191419
simulated,7666,91.57205345432251
simulated,7667,157.60566211298078
simulated,7668,19.625852730696124
simulated,7669,37.14016589179985
simulated,7670,21.97627661220421
simulated,7671,27.882744011732907
simulated,7672,19.86908681426683
simulated,7673,19.578638111094
simulated,7674,51.59895630072725
simulated,7675,34.17786459005484
simulated,7676,50.42304726704152
simulated,7677,21.685373344669742
simulated,7678,168.81783053935843
simulated,7679,14.684363135151337
simulated,7680,78.33474599865161
simulated,7681,66.15010343880536
simulated,7682,24.540898807992267
simulated,7683,64.89662047775823
simulated,7684,16.771135500434116
simulated,7685,100.44641483902711
simulated,7686,13.420062632248571
simulated,7687,13.66039439655063
simulated,7688,24.4195166120664
simulated,7689,48.36766966716487
simulated,7690,23.5463057302953
simulated,7691,35.82924997824099
simulated,7692,35.59175554767671
simulated,7693,18.42521994627497
simulated,7694,21.572435095600703
simulated,7695,49.102982780123696
simulated,7696,17.31518815278582
simulated,7697,32.23639341055225
simulated,7698,25.290297695774875
simulated,7699,9.272052339960961
simulated,7700,73.62603914991305
simulated,7701,20.39578364177622
simulated,7702,31.28973301984969
simulated,7703,208.93637608575744
simulated,7704,22.168624642734496
simulated,7705,77.56509352042693
simulated,7706,54.9640713566028
simulated,7707,39.10622273037425
simulated,7708,21.552750477532065
simulated,7709,7.166153058337075
simulated,7710,65.05601760857053
simulated,7711,35.69575934862378
simulated,7712,32.53148933779135
simulated,7713,90.08235748668767
simulated,7714,185.5543172181288
simulated,7715,48.12462388246129
simulated,7716,37.85591602404227
simulated,7717,50.62623874132995
simulated,7718,76.31795218753321
simulated,7719,53.0925157060818
simulated,7720,11.894047324119459
simulated,7721,36.11863465734123
simulated,7722,24.178521320966198
simulated,7723,30.050040314232373
simulated,7724,30.34626613675818
simulated,7725,33.60274874537929
simulated,7726,45.13669871884865
simulated,7727,13.255033977236636
simulated,7728,37.47937745928664
simulated,7729,55.95292676084502
simulated,7730,15.857725731148324
simulated,7731,29.32279531556364
simulated,7732,106.51937261307366
simulated,7733,49.801089617149664
simulated,7734,60.91691551935378
simulated,7735,15.122986695585354
simulated,7736,5.248414587154419
simulated,7737,112.71676645888036
simulated,7738,54.26051291839517
simulated,7739,89.87246217642185
simulated,7740,13.507811356891688
simulated,7741,33.97958101228398
simulated,7742,14.825039017255886
simulated,7743,66.57127392872826
simulated,7744,6.261579201673422
simulated,7745,49.240709808397256
simulated,7746,58.31668276299025
simulated,7747,104.47044599471818
simulated,7748,87.30504488851774
simulated,7749,80.81257307884749
simulated,7750,15.3138921594992
simulated,7751,98.09251101949965
simulated,7752,26.53585695927886
simulated,7753,10.079276041461434
simulated,7754,28.039311514998154
simulated,7755,22.672628815289848
simulated,7756,85.66561752666667
simulated,7757,76.3125325770682
simulated,7758,34.89260358138431
simulated,7759,29.525922330192344
simulated,7760,20.432375298402352
simulated,7761,34.39487948523117
simulated,7762,58.5506086997598
simulated,7763,103.24020897741985
simulated,7764,24.33571691672145
simulated,7765,40.51638142341693
simulated,7766,19.96962608864586
simulated,7767,21.075521883397535
simulated,7768,11.57625270516426
simulated,7769,48.835678079585065
simulated,7770,24.58535949830914
simulated,7771,10.64415369630718
simulated,7772,19.97567613291209
simulated,7773,16.183457091389304
simulated,7774,53.02348525211967
simulated,7775,44.517087197996915
simulated,7776,90.05829052429807
simulated,7777,45.65207237773099
simulated,7778,11.89580639471628
simulated,7779,96.01887474335639
simulated,7780,44.33271279919682
simulated,7781,29.081328748899153
simulated,7782,64.68171526754449
simulated,7783,9.532998329629057
simulated,7784,49.2701062375279
simulated,7785,39.40752560859732
simulated,7786,11.746598733273231
simulated,7787,88.51921183172585
simulated,7788,17.02102560398943
simulated,7789,29.20012170070848
simulated,7790,10.364742896064696
simulated,7791,44.44384811208447
simulated,7792,11.590175523632928
simulated,7793,79.59630579070418
simulated,7794,44.05353863636832
simulated,7795,316.2993641571808
simulated,7796,15.931971860992173
simulated,7797,22.45392040036537
simulated,7798,14.731380676432025
simulated,7799,53.035571232026435
simulated,7800,29.794699833634507
simulated,7801,36.999547434059
simulated,7802,33.1480898760844
simulated,7803,23.876974862295185
simulated,7804,34.42844031983714
simulated,7805,44.15740406658063
simulated,7806,57.06871739034996
simulated,7807,39.8367470259323
simulated,7808,18.419309649746765
simulated,7809,26.569653348394873
simulated,7810,32.67127983116798
simulated,7811,61.50459536315738
simulated,7812,12.926076292314198
simulated,7813,79.71098434051912
simulated,7814,30.267702799032364
simulated,7815,19.452091524626375
simulated,7816,11.369411842225151
simulated,7817,27.390135168635396
simulated,7818,21.152757333595105
simulated,7819,34.03872790592706
simulated,7820,9.876800726241864
simulated,7821,12.465854894918504
simulated,7822,21.161943435021637
simulated,7823,13.21092963616837
simulated,7824,29.85403042608638
simulated,7825,10.423752680943144
simulated,7826,14.250423422936855
simulated,7827,29.360644280660114
simulated,7828,32.15069257473842
simulated,7829,19.392318239646883
simulated,7830,52.03633514904459
simulated,7831,7.892505300393982
simulated,7832,100.56032747969023
simulated,7833,17.858202935523465
simulated,7834,16.120795145847477
simulated,7835,16.71338835370106
simulated,7836,39.7557892401698
simulated,7837,42.28790619458926
simulated,7838,72.91561832025981
simulated,7839,79.31884829700438
simulated,7840,31.6863024064747
simulated,7841,45.10409332655728
simulated,7842,76.38895264741595
simulated,7843,75.12305026552811
simulated,7844,72.20837366916552
simulated,7845,26.351176911720078
simulated,7846,11.155843186638526
simulated,7847,5.133121177695571
simulated,7848,9.297721914437119
simulated,7849,5.9807185239933025
simulated,7850,5.616081240472517
simulated,7851,85.76531641486156
simulated,7852,25.460689360868415
simulated,7853,55.1645426357874
simulated,7854,63.95684810189057
simulated,7855,99.1204313663092
simulated,7856,14.47686562134773
simulated,7857,36.5336285994311
simulated,7858,14.73453469335993
simulated,7859,31.999837841918104
simulated,7860,24.631653272120474
simulated,7861,8.716463419804612
simulated,7862,15.998654979742216
simulated,7863,21.196865625653594
simulated,7864,55.31643671636425
simulated,7865,10.461502890287685
simulated,7866,21.785122791499493
simulated,7867,30.1720111566285
simulated,7868,28.12775284356448
simulated,7869,29.81882573340181
simulated,7870,49.22755566538015
simulated,7871,10.43007898471232
simulated,7872,33.10960240293783
simulated,7873,31.41221674989321
simulated,7874,23.21055927032659
simulated,7875,33.41147906598796
simulated,7876,73.1187158822075
simulated,7877,16.723561848628613
simulated,7878,55.4110569073299
simulated,7879,11.825192972437769
simulated,7880,33.15523283802527
simulated,7881,49.16529854824873
simulated,7882,111.47477434955252
simulated,7883,74.15146749903933
simulated,7884,38.849915822736584
simulated,7885,53.45841944801922
simulated,7886,16.49553895305642
simulated,7887,7.397039050178422
simulated,7888,49.253756992926185
simulated,7889,43.9752918053826
simulated,7890,47.66848121774338
simulated,7891,84.49146761291789
simulated,7892,22.93467182004786
simulated,7893,15.189119413260489
simulated,7894,21.9954610455325
simulated,7895,25.311607804370283
simulated,7896,61.02623454939237
simulated,7897,29.8908761372166
simulated,7898,148.4985377163445
simulated,7899,63.59002111533515
simulated,7900,18.898577645257376
simulated,7901,34.76756364290573
simulated,7902,38.52279593895081
simulated,7903,17.946062872471696
simulated,7904,31.995698032076216
simulated,7905,55.78002272122872
simulated,7906,26.484812339131004
simulated,7907,6.535446517821892
simulated,7908,24.035917792454594
simulated,7909,37.6713154673937
simulated,7910,71.40938343913416
simulated,7911,21.821966395455902
simulated,7912,38.791147489382986
simulated,7913,57.22553034781707
simulated,7914,80.85723228367561
simulated,7915,47.91209285505986
simulated,7916,51.121717210659995
simulated,7917,12.755379975230765
simulated,7918,32.48889054596803
simulated,7919,26.748892805912067
simulated,7920,25.737402018255224
simulated,7921,27.153806352235073
simulated,7922,44.85743046453929
simulated,7923,57.016798421080665
simulated,7924,57.033490942603194
simulated,7925,52.646776927576525
simulated,7926,38.20260732770245
simulated,7927,11.750541108779252
simulated,7928,101.62404149309275
simulated,7929,10.993245018868853
simulated,7930,130.96155496766957
simulated,7931,28.66946094514196
simulated,7932,47.48799204165857
simulated,7933,8.886581502471193
simulated,7934,24.866474091979594
simulated,7935,81.08924358713932
simulated,7936,23.979024704900716
simulated,7937,86.11569112899889
simulated,7938,60.88798702591357
simulated,7939,33.94646016310234
simulated,7940,64.29200727199915
simulated,7941,20.367410353116753
simulated,7942,31.99147033231899
simulated,7943,46.769410384767546
simulated,7944,21.68029821231171
simulated,7945,76.34601408995226
simulated,7946,62.01220921865088
simulated,7947,23.77907026605584
simulated,7948,18.340448223142385
simulated,7949,10.776217099519496
simulated,7950,17.594121115254545
simulated,7951,16.860854873994093
simulated,7952,62.09632122929787
simulated,7953,29.214142644569456
simulated,7954,30.521040775350468
simulated,7955,13.169906363263275
simulated,7956,18.554967692082617
simulated,7957,5.782490970308953
simulated,7958,20.897163187304606
simulated,7959,43.95906446441249
simulated,7960,73.08040640615157
simulated,7961,14.687432536352087
simulated,7962,11.937431047959244
simulated,7963,32.88486921742307
simulated,7964,27.480331027512076
simulated,7965,90.53988241370054
simulated,7966,24.21054421409863
simulated,7967,60.90537179601164
simulated,7968,44.87267196850991
simulated,7969,7.601680140136097
simulated,7970,36.460119890659776
simulated,7971,23.113658899117326
simulated,7972,27.268359101502988
simulated,7973,23.56216667252887
simulated,7974,49.75188880594662
simulated,7975,18.688257990159368
simulated,7976,65.98541043146058
simulated,7977,24.916521505064992
simulated,7978,7.031783875563978
simulated,7979,15.8042864090436
simulated,7980,18.493587727914125
simulated,7981,33.519260367731356
simulated,7982,13.18950632606109
simulated,7983,45.81945296904301
simulated,7984,14.224298387796999
simulated,7985,57.70797058545863
simulated,7986,57.92312142274105
simulated,7987,21.90081710020103
simulated,7988,7.440730140993202
simulated,7989,37.26212167035862
simulated,7990,30.107539250900217
simulated,7991,50.96815890923497
simulated,7992,18.656575894520362
simulated,7993,26.970098690695263
simulated,7994,65.07132617878665
simulated,7995,27.778715018055863
simulated,7996,24.96765747245536
simulated,7997,14.93020739830154
simulated,7998,10.076915135323071
simulated,7999,17.253864255293635
simulated,8000,33.22892739226679
simulated,8001,19.090346761737173
simulated,8002,21.091875354036247
simulated,8003,35.996504887533575
simulated,8004,61.93615019787917
simulated,8005,10.864525340580075
simulated,8006,35.03350548828678
simulated,8007,55.23503226261467
simulated,8008,28.64710785818347
simulated,8009,110.91619663914909
simulated,8010,22.451708629415087
simulated,8011,46.071950757758955
simulated,8012,20.974735031224064
simulated,8013,45.45882162258042
simulated,8014,23.23942503494026
simulated,8015,92.52124747530236
simulated,8016,26.492199294277675
simulated,8017,28.90905277971892
simulated,8018,49.815301226131474
simulated,8019,80.24147993252558
simulated,8020,26.39625457506885
simulated,8021,37.29569658641211
simulated,8022,34.47405125492028
simulated,8023,19.381062780423857
simulated,8024,33.45102933756482
simulated,8025,87.29491578692233
simulated,8026,32.695421969260245
simulated,8027,19.437019898815688
simulated,8028,32.88216215914975
simulated,8029,27.403239253410348
simulated,8030,35.80567372560051
simulated,8031,32.0571337394355
simulated,8032,6.883652115418494
simulated,8033,23.60146882838849
simulated,8034,25.335499582548
simulated,8035,13.360291723890002
simulated,8036,63.572598208489694
simulated,8037,13.850624658122657
simulated,8038,41.255880355595956
simulated,8039,24.61941162281265
simulated,8040,31.029921409774182
simulated,8041,43.601512419846514
simulated,8042,35.42733900444652
simulated,8043,29.10209672300222
simulated,8044,26.318019936470723
simulated,8045,35.09551435196256
simulated,8046,24.555395949378987
simulated,8047,30.611878567245853
simulated,8048,19.21485069194909
simulated,8049,76.49448145665467
simulated,8050,77.36130928906081
simulated,8051,20.1451496362779
simulated,8052,7.0635378242977875
simulated,8053,47.39928950249971
simulated,8054,25.473483341665414
simulated,8055,40.15089476065781
simulated,8056,19.563912059503245
simulated,8057,132.70814779019932
simulated,8058,11.905817373160483
simulated,8059,18.171786166755858
simulated,8060,27.70763153666121
simulated,8061,45.98621055614656
simulated,8062,32.49699602717229
simulated,8063,12.429094210860367
simulated,8064,31.25257403605727
simulated,8065,49.47989479103084
simulated,8066,61.70550028528652
simulated,8067,25.898493980153916
simulated,8068,38.3437203777159
simulated,8069,15.642920638879923
simulated,8070,33.76336794148014
simulated,8071,41.533595139712276
simulated,8072,43.04157536702409
simulated,8073,30.678624147062102
simulated,8074,35.19378997981097
simulated,8075,44.722349684737125
simulated,8076,26.626939268479806
simulated,8077,27.541022977468902
simulated,8078,25.146791828801252
simulated,8079,10.16157799933573
simulated,8080,20.365422983149152
simulated,8081,38.2808714693416
simulated,8082,64.46773018145733
simulated,8083,28.28526954661335
simulated,8084,41.53986489107836
simulated,8085,13.39755217440582
simulated,8086,14.6801210139505
simulated,8087,229.56827940792334
simulated,8088,12.130364782841507
simulated,8089,40.70655463336231
simulated,8090,62.812498138792286
simulated,8091,18.639886375745917
simulated,8092,31.80925798397305
simulated,8093,40.67262518985414
simulated,8094,98.97222717784061
simulated,8095,22.29928101783903
simulated,8096,104.27761263972316
simulated,8097,15.71015859465171
simulated,8098,41.596649683723605
simulated,8099,26.003964066425638
simulated,8100,22.567481386827435
simulated,8101,8.618011905037342
simulated,8102,31.92693467679458
simulated,8103,107.2945502693172
simulated,8104,47.47305250972208
simulated,8105,28.228270716347218
simulated,8106,33.455557911329976
simulated,8107,18.110757757907873
simulated,8108,19.47458214797409
simulated,8109,28.687058436382557
simulated,8110,71.04995566236738
simulated,8111,41.103217651629365
simulated,8112,25.452432272807812
simulated,8113,21.775441477011963
simulated,8114,63.371375597396046
simulated,8115,17.830278500942764
simulated,8116,28.939425396839685
simulated,8117,76.82169858145159
simulated,8118,18.312736805441716
simulated,8119,10.564395737077053
simulated,8120,47.05388058275968
simulated,8121,9.654270376418607
simulated,8122,17.533544989984932
simulated,8123,28.328258915903437
simulated,8124,61.857580561978594
simulated,8125,70.54285774415607
simulated,8126,15.150591339957971
simulated,8127,53.09383434137941
simulated,8128,31.251393651887525
simulated,8129,11.462151013980499
simulated,8130,62.853764246440804
simulated,8131,143.51382782058994
simulated,8132,34.96250514118697
simulated,8133,131.23975261252707
simulated,8134,31.448336267735023
simulated,8135,93.82795059565638
simulated,8136,40.737428717679734
simulated,8137,32.21099277546887
simulated,8138,7.421354669209143
simulated,8139,29.88457733460845
simulated,8140,209.970371971206
simulated,8141,12.066271993394604
simulated,8142,18.05860914295007
simulated,8143,128.01708724444592
simulated,8144,62.3486643614044
simulated,8145,21.98879765295687
simulated,8146,12.984329503220039
simulated,8147,20.75840026346399
simulated,8148,22.39483355135451
simulated,8149,5.02280686888853
simulated,8150,6.945222652003748
simulated,8151,21.491175168165764
simulated,8152,20.208728119206985
simulated,8153,83.53867345358422
simulated,8154,207.98447789944836
simulated,8155,10.908179204552832
simulated,8156,23.896465787586735
simulated,8157,15.74921928199466
simulated,8158,30.85781954153005
simulated,8159,52.86369511357421
simulated,8160,54.45486197688868
simulated,8161,44.04608600175938
simulated,8162,3.547711424549478
simulated,8163,66.10403542158221
simulated,8164,23.006452392221977
simulated,8165,32.891157347923986
simulated,8166,54.41551837666099
simulated,8167,62.25715467210309
simulated,8168,52.02751742820946
simulated,8169,48.92981859347517
simulated,8170,66.35842065206819
simulated,8171,17.88665555459788
simulated,8172,18.976257457937887
simulated,8173,16.25660870503416
simulated,8174,18.20069358049978
simulated,8175,7.308875643733025
simulated,8176,46.947993968578075
simulated,8177,16.88973433566787
simulated,8178,12.871107544940452
simulated,8179,16.450160316158822
simulated,8180,9.769633017958585
simulated,8181,12.442729784466634
simulated,8182,52.8094706252538
simulated,8183,15.259866657262851
simulated,8184,45.35432255105977
simulated,8185,72.57350532353112
simulated,8186,28.861752722276066
simulated,8187,47.23907452069473
simulated,8188,68.94062856066525
simulated,8189,74.69138284816943
simulated,8190,74.79049982488456
simulated,8191,9.58531436101227
simulated,8192,135.1054265191171
simulated,8193,40.357254529300555
simulated,8194,17.136347090393667
simulated,8195,45.64521864906972
simulated,8196,65.29174224447716
simulated,8197,32.20822486934106
simulated,8198,8.657251149641528
simulated,8199,31.999804638253543
simulated,8200,17.412995665217984
simulated,8201,33.82686413097195
simulated,8202,16.34748128175186
simulated,8203,64.41193648563568
simulated,8204,38.50028512122421
simulated,8205,110.92580451226564
simulated,8206,20.29273297116948
simulated,8207,30.09701093241725
simulated,8208,6.666159597579146
simulated,8209,36.103735935620065
simulated,8210,17.329722405431767
simulated,8211,39.9655755031111
simulated,8212,47.63047771053226
simulated,8213,25.74149907481841
simulated,8214,33.13835338639169
simulated,8215,10.402624882405078
simulated,8216,30.380360120440322
simulated,8217,50.63020438817671
simulated,8218,39.91685777986132
simulated,8219,73.3941583392076
simulated,8220,23.335208112289383
simulated,8221,17.406051875534196
simulated,8222,19.680669432713106
simulated,8223,6.592075045604946
simulated,8224,15.716577459946587
simulated,8225,45.777927727024554
simulated,8226,82.06453395314296
simulated,8227,19.0374942274596
simulated,8228,4.51268335874347
simulated,8229,30.51410345130693
simulated,8230,57.92634897293097
simulated,8231,28.80515156664845
simulated,8232,27.871167270678562
simulated,8233,25.684238380943697
simulated,8234,116.81955768056821
simulated,8235,93.86609595177558
simulated,8236,43.69654070103659
simulated,8237,9.571372282689035
simulated,8238,68.24393086023001
simulated,8239,39.377256610258144
simulated,8240,50.5053193122412
simulated,8241,6.683754223992949
simulated,8242,11.858829541393735
simulated,8243,28.967109079168637
simulated,8244,15.910206615477527
simulated,8245,62.56809695966173
simulated,8246,39.75850932309987
simulated,8247,20.004697505664005
simulated,8248,59.12189398431276
simulated,8249,26.17885808163528
simulated,8250,20.441134201252293
simulated,8251,69.17060346295126
simulated,8252,15.956691182591886
simulated,8253,24.50872305346492
simulated,8254,75.85779454667531
simulated,8255,36.380173724241494
simulated,8256,11.888343525446073
simulated,8257,10.038466054758139
simulated,8258,19.70097749333701
simulated,8259,7.716205174610538
simulated,8260,47.276121273692404
simulated,8261,48.213101734856146
simulated,8262,25.154334231757026
simulated,8263,28.261570808812557
simulated,8264,32.63518482764162
simulated,8265,27.004203417415944
simulated,8266,34.362826929276316
simulated,8267,71.49128417368135
simulated,8268,81.97214666686504
simulated,8269,49.25214280295417
simulated,8270,67.80137646234682
simulated,8271,36.7447295041184
simulated,8272,46.40517177391449
simulated,8273,25.73794745518028
simulated,8274,20.94557356240697
simulated,8275,49.650430854422694
simulated,8276,9.848019766748662
simulated,8277,10.157881187197427
simulated,8278,102.74267361549607
simulated,8279,31.195007236257503
simulated,8280,22.861587604698858
simulated,8281,10.957764747187333
simulated,8282,57.123101961768086
simulated,8283,25.633264130196487
simulated,8284,33.20493494984372
simulated,8285,10.106635716847366
simulated,8286,463.80622593093676
simulated,8287,75.9404712017347
simulated,8288,52.76363150234225
simulated,8289,14.507713893196637
simulated,8290,21.563989693598668
simulated,8291,16.846163604046346
simulated,8292,36.80418289635628
simulated,8293,50.19776960083871
simulated,8294,43.208362119633165
simulated,8295,14.469418635303652
simulated,8296,32.44436865078323
simulated,8297,11.457223751718956
simulated,8298,13.353566400981187
simulated,8299,7.455943825321301
simulated,8300,29.51805503279442
simulated,8301,191.3359771652093
simulated,8302,34.53470522205886
simulated,8303,189.83068498240303
simulated,8304,33.39932333268621
simulated,8305,45.31264829212073
simulated,8306,30.824756724782297
simulated,8307,32.736930250302954
simulated,8308,157.20782352560022
simulated,8309,55.525054627838315
simulated,8310,38.811691064355216
simulated,8311,12.085607099471854
simulated,8312,24.083463119723795
simulated,8313,90.69464305640298
simulated,8314,34.461200937920474
simulated,8315,30.174433146868274
simulated,8316,24.20766843388047
simulated,8317,35.56847426536428
simulated,8318,10.2362032270822
simulated,8319,100.15577985583309
simulated,8320,76.7710478751129
simulated,8321,60.964906334908775
simulated,8322,14.144610288793178
simulated,8323,29.474004716008327
simulated,8324,5.405518760343899
simulated,8325,126.77644799172941
simulated,8326,29.924186117817463
simulated,8327,31.111454391788147
simulated,8328,24.753625187080225
simulated,8329,28.708744206300107
simulated,8330,64.07954373948508
simulated,8331,28.854286865673483
simulated,8332,189.2299996192744
simulated,8333,44.793477403454474
simulated,8334,28.67223720302554
simulated,8335,29.685713585336373
simulated,8336,37.2165683433488
simulated,8337,48.73138874637045
simulated,8338,8.517978028210841
simulated,8339,94.84534762036591
simulated,8340,65.70887212293013
simulated,8341,59.08090795761172
simulated,8342,44.71372994165257
simulated,8343,11.258515062478008
simulated,8344,20.288392954976224
simulated,8345,11.082788888065075
simulated,8346,134.65038406714876
simulated,8347,35.9577214807248
simulated,8348,54.183984938202
simulated,8349,10.213497777909549
simulated,8350,12.03223745484421
simulated,8351,36.203157807349335
simulated,8352,38.62007529701536
simulated,8353,61.80041777528592
simulated,8354,53.15761025611832
simulated,8355,14.882631114201335
simulated,8356,22.14082373647358
simulated,8357,17.243634571842314
simulated,8358,42.421166648960074
simulated,8359,30.90884020330057
simulated,8360,34.11243505973535
simulated,8361,30.696409072542266
simulated,8362,12.210374575762014
simulated,8363,35.917209848173606
simulated,8364,4.594069232953997
simulated,8365,44.82581558677926
simulated,8366,25.885588460382735
simulated,8367,6.02914187526291
simulated,8368,20.127452877008736
simulated,8369,12.06261773488832
simulated,8370,24.317186691971372
simulated,8371,39.980836492020735
simulated,8372,4.7003703107296655
simulated,8373,23.730766935284016
simulated,8374,74.92893985261412
simulated,8375,7.682673342539482
simulated,8376,23.23481884030899
simulated,8377,35.178469254558806
simulated,8378,59.18315118724636
simulated,8379,51.27762718720888
simulated,8380,32.53207150168487
simulated,8381,31.949819964701494
simulated,8382,35.73969914764159
simulated,8383,66.98503609146357
simulated,8384,68.05849141835098
simulated,8385,20.16933631808216
simulated,8386,9.74275966888369
simulated,8387,23.88074254875301
simulated,8388,61.662871511810366
simulated,8389,59.886977298280044
simulated,8390,22.691482156001015
simulated,8391,79.26007942498448
simulated,8392,20.29631160076569
simulated,8393,37.85502855868194
simulated,8394,13.827050048814211
simulated,8395,25.128154045658878
simulated,8396,35.590989895216005
simulated,8397,52.90862978316227
simulated,8398,24.1801073600889
simulated,8399,23.536548287625866
simulated,8400,51.24407416163455
simulated,8401,31.056430514969
simulated,8402,77.05346078191586
simulated,8403,25.69850266785418
simulated,8404,52.65688833536879
simulated,8405,24.95960222669528
simulated,8406,26.909155735584605
simulated,8407,215.6927511971968
simulated,8408,64.99572491389146
simulated,8409,119.40163928000467
simulated,8410,48.12972130420969
simulated,8411,18.823646436087035
simulated,8412,30.05188197095897
simulated,8413,43.57552098438529
simulated,8414,36.25269026249678
simulated,8415,37.449758935190836
simulated,8416,64.65648984827725
simulated,8417,21.41769816684195
simulated,8418,23.97246496717823
simulated,8419,55.78362481392001
simulated,8420,14.142730954069476
simulated,8421,34.396580211846015
simulated,8422,32.09255013951304
simulated,8423,18.008330042099352
simulated,8424,71.38287626973948
simulated,8425,13.943098472421367
simulated,8426,38.034060846783994
simulated,8427,25.31720058033401
simulated,8428,39.62950738052517
simulated,8429,30.61633997841523
simulated,8430,3.5267682094041253
simulated,8431,67.62593402643967
simulated,8432,40.20426794722232
simulated,8433,111.97148533848869
simulated,8434,31.584535671976276
simulated,8435,11.018397731595108
simulated,8436,51.28130407130145
simulated,8437,98.03590489600204
simulated,8438,36.6016126474049
simulated,8439,91.92786700661344
simulated,8440,38.891097736978544
simulated,8441,7.2352507601436935
simulated,8442,25.761867778307373
simulated,8443,25.71692118926338
simulated,8444,33.70053986745375
simulated,8445,31.915692787573157
simulated,8446,6.617792998339919
simulated,8447,103.52855416241968
simulated,8448,74.72913338048043
simulated,8449,15.95812641594569
simulated,8450,41.5457576103126
simulated,8451,15.02801422830275
simulated,8452,13.610603248025841
simulated,8453,33.22624363669959
simulated,8454,35.62704445722095
simulated,8455,50.55094773953863
simulated,8456,38.39659882955925
simulated,8457,57.84075140261501
simulated,8458,67.06425170415302
simulated,8459,37.51778436003298
simulated,8460,36.585295046580036
simulated,8461,36.13960813674242
simulated,8462,143.61605933383558
simulated,8463,36.685383651749326
simulated,8464,46.93080076369057
simulated,8465,45.49176465249549
simulated,8466,73.24560917685882
simulated,8467,29.0346060425941
simulated,8468,69.07980492131988
simulated,8469,31.12536736737244
simulated,8470,8.750640153379614
simulated,8471,42.214975608569326
simulated,8472,46.573252005562836
simulated,8473,22.868858757202595
simulated,8474,29.629841992605357
simulated,8475,78.58829858284179
simulated,8476,23.573996729079084
simulated,8477,127.78049143592315
simulated,8478,12.42590507308918
simulated,8479,22.174447203911786
simulated,8480,16.892136770919528
simulated,8481,143.319850764033
simulated,8482,28.92338965071925
simulated,8483,35.55095216483655
simulated,8484,14.29264125514592
simulated,8485,75.38209855645103
simulated,8486,46.2703284478073
simulated,8487,18.386173195720115
simulated,8488,20.073274260893033
simulated,8489,10.022444710699501
simulated,8490,89.24942666273746
simulated,8491,115.2898561430696
simulated,8492,80.43620740377511
simulated,8493,86.7921306338984
simulated,8494,53.35559822619803
simulated,8495,23.11882165097716
simulated,8496,53.22862233165405
simulated,8497,100.53085121501353
simulated,8498,53.254793207687165
simulated,8499,7.481911812594191
simulated,8500,5.385894122242254
simulated,8501,4.097765144506397
simulated,8502,86.45753759495719
simulated,8503,45.63777101334025
simulated,8504,33.14172312624156
simulated,8505,34.222464877784084
simulated,8506,42.65283109288451
simulated,8507,8.796384547877777
simulated,8508,25.872362190816244
simulated,8509,44.47211539144372
simulated,8510,19.640355518626137
simulated,8511,83.5334014425559
simulated,8512,64.1687265459552
simulated,8513,31.438469147560127
simulated,8514,35.04928148671852
simulated,8515,44.52485520045168
simulated,8516,81.83438945753105
simulated,8517,80.08167212761727
simulated,8518,22.216543393016188
simulated,8519,48.00016039885825
simulated,8520,31.24344662473574
simulated,8521,80.92103919043505
simulated,8522,22.121521609032126
simulated,8523,101.7230057092683
simulated,8524,38.00819266903662
simulated,8525,43.94550968364916
simulated,8526,18.759731973825474
simulated,8527,17.064226727301357
simulated,8528,20.724307322239863
simulated,8529,13.352132318738704
simulated,8530,8.146234876733146
simulated,8531,13.6458124049243
simulated,8532,35.68690213120728
simulated,8533,12.816282599334277
simulated,8534,11.812918181508287
simulated,8535,36.66975583446095
simulated,8536,39.564195518605224
simulated,8537,48.8031460806732
simulated,8538,87.18330238741403
simulated,8539,47.694565214946934
simulated,8540,8.812566776977413
simulated,8541,12.784603939312937
simulated,8542,16.882350427230772
simulated,8543,49.33459545789649
simulated,8544,37.29035038234014
simulated,8545,7.473635810510035
simulated,8546,15.23748693927159
simulated,8547,31.958608454303217
simulated,8548,70.68207959798123
simulated,8549,51.3009404708374
simulated,8550,35.17565824897474
simulated,8551,30.516250585315525
simulated,8552,40.120576092113524
simulated,8553,36.34457145315384
simulated,8554,26.60643322671932
simulated,8555,27.930282540121425
simulated,8556,29.95450999563875
simulated,8557,36.97876730151494
simulated,8558,52.39021612317537
simulated,8559,33.967308926412215
simulated,8560,98.7738938841859
simulated,8561,99.83935704316401
simulated,8562,14.774631023173935
simulated,8563,13.286269766977977
simulated,8564,38.527741710833666
simulated,8565,58.53099957325099
simulated,8566,23.815434243855393
simulated,8567,48.00979248163159
simulated,8568,83.7264508395958
simulated,8569,21.002513953524076
simulated,8570,43.7951464217779
simulated,8571,72.3795000486757
simulated,8572,8.002806040626524
simulated,8573,65.26366962937394
simulated,8574,5.3834840724628075
simulated,8575,53.96940998023794
simulated,8576,35.07892324852075
simulated,8577,35.94456100677798
simulated,8578,55.72225053414376
simulated,8579,51.067801336257055
simulated,8580,2.369279625507475
simulated,8581,53.43592327942571
simulated,8582,50.256286007099824
simulated,8583,64.53495793375919
simulated,8584,15.010034404285603
simulated,8585,34.343331107247735
simulated,8586,24.51957181665493
simulated,8587,8.190901076858248
simulated,8588,32.62128053501246
simulated,8589,15.7858810384371
simulated,8590,30.6003045409265
simulated,8591,39.87502283564253
simulated,8592,45.518591664423326
simulated,8593,9.875247379074745
simulated,8594,42.271131258762935
simulated,8595,5.246691134104082
simulated,8596,16.12821435295709
simulated,8597,17.259280312317234
simulated,8598,13.823705506185432
simulated,8599,116.34850364866044
simulated,8600,22.12826613984344
simulated,8601,19.528076839848005
simulated,8602,10.38746337982225
simulated,8603,64.90029127370589
simulated,8604,61.97345987718408
simulated,8605,24.149225567676734
simulated,8606,32.33804313531919
simulated,8607,16.37577597086581
simulated,8608,12.635106184528484
simulated,8609,23.371931761325463
simulated,8610,3.0756616011478712
simulated,8611,102.83782075214233
simulated,8612,33.986869716200125
simulated,8613,13.977388252027813
simulated,8614,61.872722763733385
simulated,8615,38.462535813428055
simulated,8616,43.73411348345377
simulated,8617,21.648425142568744
simulated,8618,20.030475719090074
simulated,8619,76.73990211974024
simulated,8620,42.95367716681682
simulated,8621,30.7115546788079
simulated,8622,62.12324825817031
simulated,8623,22.459688281348786
simulated,8624,14.839736106447356
simulated,8625,35.202191384379915
simulated,8626,62.07738603568431
simulated,8627,23.760118965269406
simulated,8628,32.43974132171317
simulated,8629,36.82260854554717
simulated,8630,96.3679414345919
simulated,8631,9.674784674592809
simulated,8632,10.91794334630254
simulated,8633,28.83283198565861
simulated,8634,33.75796241801946
simulated,8635,139.00278342655307
simulated,8636,65.57661324971268
simulated,8637,67.66019277490527
simulated,8638,34.5762576433458
simulated,8639,35.574130010751965
simulated,8640,32.322621159226685
simulated,8641,22.829577997989674
simulated,8642,26.681090301686055
simulated,8643,109.9701613377701
simulated,8644,43.2738596226418
simulated,8645,180.69859073609996
simulated,8646,49.24211673545128
simulated,8647,28.30967400538886
simulated,8648,20.262225490861137
simulated,8649,54.40791576428525
simulated,8650,39.592263254799185
simulated,8651,52.461690184365544
simulated,8652,72.52169988626181
simulated,8653,56.268563678803766
simulated,8654,56.9782543522433
simulated,8655,70.80473512232876
simulated,8656,29.413257442931517
simulated,8657,26.576429566137914
simulated,8658,21.487853341912956
simulated,8659,65.55619945714571
simulated,8660,8.704283681139302
simulated,8661,105.09901111425113
simulated,8662,33.81627287353342
simulated,8663,75.44927654182891
simulated,8664,10.081515444008875
simulated,8665,93.0913717609629
simulated,8666,6.995733656440443
simulated,8667,18.770164297194302
simulated,8668,8.571450957909159
simulated,8669,35.31144061092003
simulated,8670,8.71386516159215
simulated,8671,121.87703383822516
simulated,8672,19.031938425120323
simulated,8673,31.13985867177657
simulated,8674,9.635094484665789
simulated,8675,39.41018214658973
simulated,8676,115.67278489081369
simulated,8677,30.744304473120437
simulated,8678,11.494898360414055
simulated,8679,81.00660637468063
simulated,8680,39.93215340263482
simulated,8681,102.12577352803137
simulated,8682,16.34403446860735
simulated,8683,13.57490377417086
simulated,8684,14.25671839358106
simulated,8685,32.121479656075344
simulated,8686,26.68722364760206
simulated,8687,37.85924815791266
simulated,8688,43.336160467455606
simulated,8689,24.628770124972302
simulated,8690,50.70119758162613
simulated,8691,11.469030247213167
simulated,8692,42.69209740686195
simulated,8693,12.23481549821984
simulated,8694,108.30972589398041
simulated,8695,60.681161678625735
simulated,8696,36.15056271947402
simulated,8697,20.234288120398602
simulated,8698,17.826946691279005
simulated,8699,42.660685096236506
simulated,8700,140.26718023643514
simulated,8701,67.97275773335114
simulated,8702,24.224738767174475
simulated,8703,20.58630692871217
simulated,8704,116.32511962068384
simulated,8705,18.540205721346506
simulated,8706,18.168001678643865
simulated,8707,40.669588609972884
simulated,8708,27.59878707545576
simulated,8709,54.55608820786218
simulated,8710,137.35423343069144
simulated,8711,69.5689883805395
simulated,8712,27.124810778019086
simulated,8713,15.867824153167389
simulated,8714,21.364270995702384
simulated,8715,97.32383328912562
simulated,8716,17.84133969153287
simulated,8717,73.58257996565611
simulated,8718,27.559204640762925
simulated,8719,68.73565421431142
simulated,8720,4.24351022330402
simulated,8721,19.526204309148575
simulated,8722,19.424846145191378
simulated,8723,29.556214080857742
simulated,8724,27.131577086448573
simulated,8725,144.06660150727797
simulated,8726,25.08988554090272
simulated,8727,37.08413213364368
simulated,8728,29.95858086162614
simulated,8729,55.70677053769434
simulated,8730,6.267105731811898
simulated,8731,59.95865917460243
simulated,8732,10.147638731929693
simulated,8733,27.98636036896775
simulated,8734,31.394538040256638
simulated,8735,20.446772140782134
simulated,8736,36.68396475174712
simulated,8737,6.021111678618728
simulated,8738,12.291164387201821
simulated,8739,8.896557033056082
simulated,8740,40.019052463690315
simulated,8741,103.13312843855913
simulated,8742,50.884697761691
simulated,8743,52.16018128960899
simulated,8744,60.428321681383444
simulated,8745,57.293197074818266
simulated,8746,192.55555485580754
simulated,8747,34.978291613973724
simulated,8748,40.93563944584347
simulated,8749,24.28550241845651
simulated,8750,59.07702231535943
simulated,8751,74.64646801780856
simulated,8752,18.138950074922278
simulated,8753,17.0173578890004
simulated,8754,66.14901191284515
simulated,8755,56.156899710245625
simulated,8756,69.7085261543516
simulated,8757,67.93692557175798
simulated,8758,24.485405731268095
simulated,8759,14.778726116326409
simulated,8760,32.313454154857936
simulated,8761,39.407660320002876
simulated,8762,44.744967051895486
simulated,8763,23.729274984857486
simulated,8764,27.778499419400553
simulated,8765,52.14726682435764
simulated,8766,33.37751140602088
simulated,8767,29.18609943432731
simulated,8768,69.20776471702163
simulated,8769,72.53610172099513
simulated,8770,24.374444050593212
simulated,8771,58.97315989762915
simulated,8772,153.45849464108844
simulated,8773,16.68303432546551
simulated,8774,18.914815325152595
simulated,8775,19.447272930794224
simulated,8776,23.628863314659252
simulated,8777,13.305792237615714
simulated,8778,13.52543479314656
simulated,8779,23.062738427448068
simulated,8780,38.71738720110507
simulated,8781,55.32366785794782
simulated,8782,56.13095596484979
simulated,8783,65.7174746212011
simulated,8784,37.49446904452992
simulated,8785,45.89950014418438
simulated,8786,19.57331117129402
simulated,8787,92.01136449120968
simulated,8788,38.57844765494473
simulated,8789,72.71167603914222
simulated,8790,66.45105150860927
simulated,8791,19.41019688163396
simulated,8792,136.61453562034973
simulated,8793,25.597999860594697
simulated,8794,31.335089269409988
simulated,8795,4.328485324868785
simulated,8796,53.64224281006813
simulated,8797,31.173244006892602
simulated,8798,44.07345668158394
simulated,8799,75.77718786825373
simulated,8800,34.54591026262388
simulated,8801,4.01795236107819
simulated,8802,49.56939344555332
simulated,8803,70.12187836718667
simulated,8804,26.79529331379175
simulated,8805,20.668377100308554
simulated,8806,58.69825772924637
simulated,8807,22.37551529588401
simulated,8808,4.097488190053836
simulated,8809,43.82461832974127
simulated,8810,20.358425446762997
simulated,8811,40.493379268651296
simulated,8812,36.04015009924686
simulated,8813,37.6847710335341
simulated,8814,44.388912653392794
simulated,8815,60.764473877344074
simulated,8816,41.0249071455555
simulated,8817,27.107317718380028
simulated,8818,51.11205465368076
simulated,8819,48.34212001121547
simulated,8820,21.969283463561535
simulated,8821,13.907253790362649
simulated,8822,18.91746975688904
simulated,8823,73.12598782178529
simulated,8824,75.39396164611122
simulated,8825,16.02738601808936
simulated,8826,21.81003254825911
simulated,8827,39.64936082931651
simulated,8828,30.21893869999724
simulated,8829,25.43621414803388
simulated,8830,94.55481008247794
simulated,8831,42.08300073542743
simulated,8832,19.759006244352864
simulated,8833,27.4206554929686
simulated,8834,82.22728228435268
simulated,8835,129.91310212053205
simulated,8836,11.1208853328309
simulated,8837,84.74534026157554
simulated,8838,44.78172579817549
simulated,8839,10.236550393387915
simulated,8840,33.32225268341619
simulated,8841,21.036911985875808
simulated,8842,30.271776883470118
simulated,8843,20.400436508162926
simulated,8844,16.83067102742377
simulated,8845,35.83043460720376
simulated,8846,19.205329530193907
simulated,8847,25.733659590003732
simulated,8848,15.413861077784148
simulated,8849,7.686658679372727
simulated,8850,56.22547997629879
simulated,8851,59.9336971592876
simulated,8852,37.59906337569029
simulated,8853,87.30911125217624
simulated,8854,64.25924302639062
simulated,8855,14.823882402386253
simulated,8856,28.81299035013515
simulated,8857,42.587680657202974
simulated,8858,26.122854480544753
simulated,8859,79.7811441830604
simulated,8860,22.66106960270288
simulated,8861,17.577064842853634
simulated,8862,21.729156308727422
simulated,8863,16.66128675716925
simulated,8864,16.984266869400606
simulated,8865,18.768734796268774
simulated,8866,37.82725650638043
simulated,8867,28.526083522760345
simulated,8868,33.76177298536453
simulated,8869,140.82101644136043
simulated,8870,53.90897855083552
simulated,8871,18.098544956026455
simulated,8872,17.963214239703174
simulated,8873,92.22425430428748
simulated,8874,97.11887439731215
simulated,8875,43.47255012214744
simulated,8876,47.413144301069046
simulated,8877,54.66985054418973
simulated,8878,7.240718331843969
simulated,8879,24.00718639680948
simulated,8880,11.520587708702958
simulated,8881,32.01463738386854
simulated,8882,49.698541575388305
simulated,8883,8.63565719444072
simulated,8884,59.80817882433885
simulated,8885,34.93469754088419
simulated,8886,10.66121194829016
simulated,8887,26.474862072527706
simulated,8888,26.000694839921454
simulated,8889,79.61944615865735
simulated,8890,18.55093224479259
simulated,8891,138.69397491999362
simulated,8892,89.56498471689008
simulated,8893,8.738348470919926
simulated,8894,41.59866567268425
simulated,8895,26.158332354623695
simulated,8896,14.628902135382459
simulated,8897,21.875939893150456
simulated,8898,26.036403866609096
simulated,8899,16.76356942867828
simulated,8900,41.55362843266173
simulated,8901,19.802963235314774
simulated,8902,15.149943776612682
simulated,8903,16.849114043954646
simulated,8904,21.35735931470903
simulated,8905,112.62039671269193
simulated,8906,5.205042710170459
simulated,8907,55.69137739378745
simulated,8908,17.098015233672616
simulated,8909,36.55690152590956
simulated,8910,24.989573647628255
simulated,8911,13.408453185075336
simulated,8912,25.50927050122114
simulated,8913,25.749402663138675
simulated,8914,17.597132735150236
simulated,8915,71.46386563786935
simulated,8916,31.455078543966803
simulated,8917,84.9437292623298
simulated,8918,47.679084912062656
simulated,8919,26.57364382136825
simulated,8920,9.976129466740476
simulated,8921,25.11120670288902
simulated,8922,77.3874399616745
simulated,8923,16.537297895248003
simulated,8924,24.198088866767108
simulated,8925,145.0990628816511
simulated,8926,9.518669249043741
simulated,8927,23.414856030997573
simulated,8928,23.9238128147077
simulated,8929,12.1845860254172
simulated,8930,17.675117714757363
simulated,8931,53.306061918111546
simulated,8932,46.49197004490732
simulated,8933,24.16001520739411
simulated,8934,26.376519730231596
simulated,8935,44.870825065271546
simulated,8936,60.751002803533915
simulated,8937,14.766851720191813
simulated,8938,16.246896918078182
simulated,8939,36.11131065244846
simulated,8940,22.983979720363344
simulated,8941,122.85522391763494
simulated,8942,4.6026718554669435
simulated,8943,30.76374844822497
simulated,8944,82.16826121708135
simulated,8945,20.46925444163465
simulated,8946,46.722442478742806
simulated,8947,17.285874332674872
simulated,8948,23.861929479345765
simulated,8949,28.057051633811867
simulated,8950,70.13595657598938
simulated,8951,31.588817239758516
simulated,8952,33.63800962118639
simulated,8953,53.58499687826323
simulated,8954,90.59402333304298
simulated,8955,6.6404071421474455
simulated,8956,60.63068456575598
simulated,8957,74.38787238091153
simulated,8958,8.66661569583218
simulated,8959,15.155032883661733
simulated,8960,74.67585166649661
simulated,8961,99.57152277562858
simulated,8962,40.83807825387929
simulated,8963,42.54562540731376
simulated,8964,15.298747653939365
simulated,8965,87.44560763699681
simulated,8966,34.948803729175566
simulated,8967,12.952486385758078
simulated,8968,16.715580743907367
simulated,8969,22.089303258445714
simulated,8970,30.890164070633663
simulated,8971,26.0289034834793
simulated,8972,9.10148740649841
simulated,8973,94.01825086820494
simulated,8974,8.68221656215881
simulated,8975,49.76287112572659
simulated,8976,49.17445066749376
simulated,8977,161.62089329690667
simulated,8978,23.845026876040333
simulated,8979,35.77633022941825
simulated,8980,55.4809565755997
simulated,8981,27.753537903735598
simulated,8982,20.581086870708653
simulated,8983,84.60182813140287
simulated,8984,33.63845404430201
simulated,8985,43.80880703819137
simulated,8986,6.914699424484218
simulated,8987,52.59053709941294
simulated,8988,11.124383355129696
simulated,8989,30.371054321385735
simulated,8990,162.5347156534589
simulated,8991,116.70762327786066
simulated,8992,66.28793780856302
simulated,8993,8.830707308608927
simulated,8994,130.06419420466182
simulated,8995,21.389615158659886
simulated,8996,22.308551040529334
simulated,8997,45.01097869584447
simulated,8998,11.712806871828471
simulated,8999,67.68279880365687
simulated,9000,14.074808437845832
simulated,9001,44.6012905445595
simulated,9002,17.49473036116872
simulated,9003,11.845854772690219
simulated,9004,27.384663817348045
simulated,9005,12.516521252167745
simulated,9006,25.731292173221064
simulated,9007,16.965574371029714
simulated,9008,17.989081455333526
simulated,9009,19.749720142185932
simulated,9010,17.435307954863305
simulated,9011,51.00758230042342
simulated,9012,55.06233557202589
simulated,9013,27.78132773648244
simulated,9014,47.56556844201704
simulated,9015,14.62546781901101
simulated,9016,21.077682172712866
simulated,9017,57.46687213305175
simulated,9018,25.18109411676828
simulated,9019,39.15808285286727
simulated,9020,12.769324452997232
simulated,9021,50.67812651145889
simulated,9022,16.314911622848165
simulated,9023,46.058140483840674
simulated,9024,26.50587572083853
simulated,9025,141.70050552238763
simulated,9026,33.01335747111712
simulated,9027,15.924020057305635
simulated,9028,58.16047380547842
simulated,9029,45.35818042303696
simulated,9030,16.553821115634584
simulated,9031,41.5271861520115
simulated,9032,17.399403161732238
simulated,9033,37.11164888997181
simulated,9034,47.59562627121475
simulated,9035,20.088557396194332
simulated,9036,80.7888867753468
simulated,9037,19.198128468404114
simulated,9038,122.9134835843853
simulated,9039,32.59326964564221
simulated,9040,12.640844757098504
simulated,9041,41.609002914375026
simulated,9042,7.88004043081125
simulated,9043,19.681088780528686
simulated,9044,40.022368420337706
simulated,9045,16.772862404858245
simulated,9046,13.611045975043707
simulated,9047,65.2275309867242
simulated,9048,14.10300063224356
simulated,9049,25.292545664300448
simulated,9050,34.93978565719116
simulated,9051,57.15843514533566
simulated,9052,13.896393096063857
simulated,9053,30.84018459289919
simulated,9054,35.022014074483764
simulated,9055,145.80560691901186
simulated,9056,19.008574806725683
simulated,9057,18.39910209072933
simulated,9058,29.373248574541314
simulated,9059,42.57812334422285
simulated,9060,72.44466683711974
simulated,9061,17.352633840563595
simulated,9062,41.14026829212452
simulated,9063,52.795008197788256
simulated,9064,40.905276979863885
simulated,9065,40.70623450865197
simulated,9066,38.16553986978873
simulated,9067,23.001871599920886
simulated,9068,15.368207904434623
simulated,9069,48.6056233912147
simulated,9070,74.17399509513763
simulated,9071,29.07970937102867
simulated,9072,19.763426431074848
simulated,9073,43.82349913259809
simulated,9074,13.96918582248646
simulated,9075,48.31802770363804
simulated,9076,32.080105785711034
simulated,9077,49.62909413343511
simulated,9078,69.00495298324884
simulated,9079,55.133902668954576
simulated,9080,128.71676011763233
simulated,9081,34.535950878802296
simulated,9082,148.45406830233543
simulated,9083,11.980931409498993
simulated,9084,23.358299469727562
simulated,9085,22.857287668860362
simulated,9086,30.052348941778686
simulated,9087,27.360238024214382
simulated,9088,91.39204022689196
simulated,9089,69.25765072470911
simulated,9090,21.626874604050037
simulated,9091,137.31882303490622
simulated,9092,43.97103023590803
simulated,9093,30.13314634388753
simulated,9094,8.55480196104158
simulated,9095,59.47217756872003
simulated,9096,33.582291874268215
simulated,9097,25.837548411422063
simulated,9098,82.62349926621224
simulated,9099,41.22846218830282
simulated,9100,74.51208722829269
simulated,9101,47.75948580899178
simulated,9102,188.79644582331304
simulated,9103,29.680592558940734
simulated,9104,63.53629013278204
simulated,9105,11.245569939815294
simulated,9106,32.43776337551313
simulated,9107,38.16602166161374
simulated,9108,15.16607619103563
simulated,9109,42.98054526963744
simulated,9110,15.840233408255466
simulated,9111,36.565235044746494
simulated,9112,16.606233451502554
simulated,9113,26.760622095705997
simulated,9114,21.74285479474786
simulated,9115,50.36447811879343
simulated,9116,11.675215483536148
simulated,9117,89.80921434013585
simulated,9118,20.11657571575718
simulated,9119,24.733824770764624
simulated,9120,51.96104676117218
simulated,9121,16.58273966477755
simulated,9122,31.125686738130902
simulated,9123,35.813826501526705
simulated,9124,5.208451320509257
simulated,9125,41.45955411712961
simulated,9126,16.753391871305325
simulated,9127,21.200233841903273
simulated,9128,52.24805168777058
simulated,9129,23.75207844680848
simulated,9130,44.04189324827674
simulated,9131,26.212364883553484
simulated,9132,44.14866896763674
simulated,9133,15.164324735553258
simulated,9134,57.494686251030906
simulated,9135,12.904275411874195
simulated,9136,36.311819961235415
simulated,9137,23.634440572136597
simulated,9138,38.38546411960215
simulated,9139,9.08021362343567
simulated,9140,10.338215668513143
simulated,9141,38.98218589487978
simulated,9142,15.869379741574289
simulated,9143,29.59968971280162
simulated,9144,37.24303634530996
simulated,9145,81.95864844663726
simulated,9146,26.72108092989957
simulated,9147,23.54437068293189
simulated,9148,58.842608400803904
simulated,9149,27.687441103748903
simulated,9150,26.541339171651565
simulated,9151,47.359618513503726
simulated,9152,16.746660472562933
simulated,9153,48.57860550581423
simulated,9154,15.978485831716961
simulated,9155,9.44504566979393
simulated,9156,12.504959021652766
simulated,9157,50.07407285817811
simulated,9158,47.46832226325229
simulated,9159,42.98517767227818
simulated,9160,23.08442475763227
simulated,9161,51.84046600988461
simulated,9162,96.03847684617656
simulated,9163,13.174980657201093
simulated,9164,35.0152226766436
simulated,9165,117.6612667078396
simulated,9166,69.9259996611999
simulated,9167,15.170127242564218
simulated,9168,32.15967653938458
simulated,9169,29.387222591231158
simulated,9170,32.305570307811166
simulated,9171,21.06476973153171
simulated,9172,153.74529405905417
simulated,9173,50.486071372580106
simulated,9174,12.22010411973152
simulated,9175,27.184764687331214
simulated,9176,26.44344726651345
simulated,9177,31.837368069349683
simulated,9178,22.63112500475038
simulated,9179,16.34122971789181
simulated,9180,18.64795626416544
simulated,9181,50.000454784852884
simulated,9182,94.98356607926087
simulated,9183,46.2459034449019
simulated,9184,31.1737405142177
simulated,9185,16.8433773760855
simulated,9186,33.486594607799155
simulated,9187,16.12378741217602
simulated,9188,14.378519199241362
simulated,9189,51.34246554763193
simulated,9190,14.165094918412038
simulated,9191,19.754299452967118
simulated,9192,40.830394072648595
simulated,9193,122.95739883816164
simulated,9194,122.2692399749595
simulated,9195,97.03767699190357
simulated,9196,8.39283361027419
simulated,9197,15.731480863972514
simulated,9198,127.3757824617683
simulated,9199,14.0946973287336
simulated,9200,49.05530919138215
simulated,9201,16.719386422337266
simulated,9202,38.31648298685472
simulated,9203,53.07194247985393
simulated,9204,41.94683170436074
simulated,9205,40.02484196106
simulated,9206,47.332022452705544
simulated,9207,11.366513006013907
simulated,9208,85.80839279737462
simulated,9209,26.608189338260036
simulated,9210,34.063899197536315
simulated,9211,11.862799512680096
simulated,9212,27.263539805584184
simulated,9213,151.1313446444928
simulated,9214,40.06763822443484
simulated,9215,15.944135311048344
simulated,9216,21.916032938741765
simulated,9217,123.84469186217058
simulated,9218,122.04952893670254
simulated,9219,47.02854633394943
simulated,9220,89.41791588467375
simulated,9221,36.049102258479394
simulated,9222,12.413059073916198
simulated,9223,21.649160352736587
simulated,9224,21.534844183427673
simulated,9225,40.66052839532067
simulated,9226,42.26542094673454
simulated,9227,12.830717322306333
simulated,9228,81.59106714632402
simulated,9229,43.36267505150049
simulated,9230,51.156246340476685
simulated,9231,34.295939676093326
simulated,9232,32.334431258464924
simulated,9233,25.115705806152533
simulated,9234,42.06484678264007
simulated,9235,25.250337398614235
simulated,9236,47.090179484517044
simulated,9237,31.120047419145408
simulated,9238,89.34881650109924
simulated,9239,50.10638964838654
simulated,9240,21.906007391501834
simulated,9241,33.50028532480669
simulated,9242,14.893300299174008
simulated,9243,22.919374121478253
simulated,9244,7.888145037896328
simulated,9245,149.96922065990742
simulated,9246,92.650455158848
simulated,9247,14.30545480923164
simulated,9248,96.82930994385315
simulated,9249,100.28401270492202
simulated,9250,14.566520841083314
simulated,9251,67.89746569972915
simulated,9252,26.731670533855322
simulated,9253,21.25777840736058
simulated,9254,43.73545481779952
simulated,9255,113.56533343557051
simulated,9256,58.30973165300645
simulated,9257,36.68693427096188
simulated,9258,21.25194907647716
simulated,9259,18.838215726637156
simulated,9260,21.77105047042379
simulated,9261,15.024777996515372
simulated,9262,48.67193099570938
simulated,9263,36.19275165061626
simulated,9264,45.43080595619315
simulated,9265,21.78791351195179
simulated,9266,34.76897181890043
simulated,9267,34.65601019117345
simulated,9268,17.838376499222754
simulated,9269,10.727288815782257
simulated,9270,20.927845467844794
simulated,9271,42.53599413545605
simulated,9272,25.000634704640213
simulated,9273,58.72327622697412
simulated,9274,126.5206400957202
simulated,9275,5.48804827186391
simulated,9276,35.74564785759776
simulated,9277,7.330719036041824
simulated,9278,15.269690136670455
simulated,9279,32.451437171965665
simulated,9280,54.25738578295439
simulated,9281,12.892016049284328
simulated,9282,42.384675308155224
simulated,9283,14.023371939049262
simulated,9284,19.78414732692289
simulated,9285,26.600203424519613
simulated,9286,34.79902863713984
simulated,9287,45.9461037780974
simulated,9288,50.361804620304824
simulated,9289,26.298310677566647
simulated,9290,139.10347013483903
simulated,9291,23.973359779188872
simulated,9292,15.74222043990199
simulated,9293,57.97292500136075
simulated,9294,66.83031444169346
simulated,9295,35.47210824570876
simulated,9296,49.28383788388765
simulated,9297,32.25360896283474
simulated,9298,18.626619518327594
simulated,9299,1.9825574248371458
simulated,9300,71.31181228333136
simulated,9301,30.387305793667565
simulated,9302,15.626301158682523
simulated,9303,125.58191911298354
simulated,9304,18.107588339446515
simulated,9305,3.7888558718635132
simulated,9306,21.494793792105536
simulated,9307,78.81126772831931
simulated,9308,16.76699678070359
simulated,9309,8.106160811448728
simulated,9310,168.39055639457948
simulated,9311,14.74424956379858
simulated,9312,40.362142183935546
simulated,9313,13.912882594020076
simulated,9314,10.073000862028794
simulated,9315,44.72474798036344
simulated,9316,19.120033738410026
simulated,9317,30.78133289466721
simulated,9318,110.5137484633164
simulated,9319,55.111203516237744
simulated,9320,29.946503007457444
simulated,9321,8.181439820983183
simulated,9322,21.274165147099108
simulated,9323,20.27128463739976
simulated,9324,29.230609307305393
simulated,9325,52.201911285589546
simulated,9326,24.441453924715724
simulated,9327,20.356638737119987
simulated,9328,27.105262071466804
simulated,9329,18.25721790972816
simulated,9330,25.92377684492407
simulated,9331,42.97066905386251
simulated,9332,41.28014845725996
simulated,9333,107.03707955652845
simulated,9334,9.178482853408996
simulated,9335,15.182037920951487
simulated,9336,124.33369486470272
simulated,9337,30.172519628086267
simulated,9338,13.89717461489979
simulated,9339,20.24172688308479
simulated,9340,70.4574230351647
simulated,9341,18.06017847324295
simulated,9342,14.21756727562687
simulated,9343,68.63490013853254
simulated,9344,48.87388184329809
simulated,9345,9.978014288546564
simulated,9346,43.69508622875625
simulated,9347,12.470667803951564
simulated,9348,23.023612258804935
simulated,9349,29.545090861250504
simulated,9350,33.016695206092784
simulated,9351,12.86098448613594
simulated,9352,18.22909523020847
simulated,9353,48.11535907868506
simulated,9354,25.04720334290344
simulated,9355,42.42637568554069
simulated,9356,12.737135349686625
simulated,9357,12.516374922260677
simulated,9358,23.672130175366494
simulated,9359,46.162894023775
simulated,9360,50.46279812883137
simulated,9361,9.109754181623835
simulated,9362,11.446614175750678
simulated,9363,141.16139294045618
simulated,9364,8.086112944891298
simulated,9365,48.286784394259
simulated,9366,52.3562824356582
simulated,9367,87.92360931588752
simulated,9368,18.96222316042065
simulated,9369,52.67285923643413
simulated,9370,20.1515925123162
simulated,9371,88.49555479405015
simulated,9372,15.31936291009143
simulated,9373,9.810563743531889
simulated,9374,34.151846614367024
simulated,9375,37.481550880600636
simulated,9376,48.90043195429634
simulated,9377,26.02097599419645
simulated,9378,62.75505446733841
simulated,9379,55.57510521877508
simulated,9380,52.837086086559076
simulated,9381,51.99284454677748
simulated,9382,78.07311304779327
simulated,9383,11.126737551200197
simulated,9384,7.32379434402343
simulated,9385,82.93852487146
simulated,9386,48.45239257822706
simulated,9387,102.23246080923857
simulated,9388,18.609562234866136
simulated,9389,25.15710198704897
simulated,9390,40.674134073132144
simulated,9391,33.45353173157192
simulated,9392,19.496502394692563
simulated,9393,29.000540712355832
simulated,9394,24.736530680315553
simulated,9395,32.97617256107551
simulated,9396,32.18781858041976
simulated,9397,32.7597311057506
simulated,9398,20.788512223642105
simulated,9399,77.5800331460888
simulated,9400,13.123953396576136
simulated,9401,8.897316157560692
simulated,9402,43.22746887556326
simulated,9403,3.128695221568852
simulated,9404,28.16957550559106
simulated,9405,40.64756323676134
simulated,9406,21.80579916443528
simulated,9407,20.921754943881155
simulated,9408,83.52687525710583
simulated,9409,4.395751065502273
simulated,9410,55.07736501142497
simulated,9411,53.80168022544133
simulated,9412,252.7688054914791
simulated,9413,5.481030023753963
simulated,9414,5.061299708354073
simulated,9415,11.286424013459182
simulated,9416,59.97940388796074
simulated,9417,32.900330947496855
simulated,9418,37.26918221017063
simulated,9419,20.027583858718522
simulated,9420,35.06002731347803
simulated,9421,83.29971649010977
simulated,9422,46.33693841715011
simulated,9423,104.39969548597196
simulated,9424,35.80576138965719
simulated,9425,17.368974795691962
simulated,9426,36.68805299127023
simulated,9427,54.440651634924436
simulated,9428,44.42458458677302
simulated,9429,42.372547118509395
simulated,9430,110.77576298364673
simulated,9431,17.379877183829688
simulated,9432,60.678249264210805
simulated,9433,129.4419801647303
simulated,9434,34.77162524297416
simulated,9435,162.89235243446475
simulated,9436,67.23141574696321
simulated,9437,42.06182877108775
simulated,9438,57.966166747489225
simulated,9439,100.2271279641085
simulated,9440,42.40158117886644
simulated,9441,31.230506738184378
simulated,9442,24.875661467796345
simulated,9443,120.48725480612907
simulated,9444,58.221527690132646
simulated,9445,36.09679081688668
simulated,9446,31.014471446839096
simulated,9447,31.48422792340555
simulated,9448,265.24648221955727
simulated,9449,56.95705894079423
simulated,9450,50.778675363110054
simulated,9451,23.52059469449778
simulated,9452,12.199626843725323
simulated,9453,8.115447712463721
simulated,9454,49.049268976812755
simulated,9455,66.24661226723455
simulated,9456,26.37205759619801
simulated,9457,34.268637099193086
simulated,9458,13.757781040496983
simulated,9459,84.03408820075624
simulated,9460,90.30241076368787
simulated,9461,99.5824513423916
simulated,9462,14.01387748942033
simulated,9463,26.56740660244436
simulated,9464,57.98311085218111
simulated,9465,59.095075649344466
simulated,9466,12.81192083604587
simulated,9467,21.567537626324714
simulated,9468,17.632100564765974
simulated,9469,68.51856343928173
simulated,9470,18.773992499456188
simulated,9471,53.09121186270635
simulated,9472,10.898740703576832
simulated,9473,48.97950315342635
simulated,9474,47.926751923529345
simulated,9475,95.76343113729841
simulated,9476,18.970679969318134
simulated,9477,20.76310504065337
simulated,9478,39.07172643894987
simulated,9479,31.20664899617488
simulated,9480,32.745656978732534
simulated,9481,128.9981318508545
simulated,9482,29.88214111770362
simulated,9483,43.69052931838817
simulated,9484,32.0840160161969
simulated,9485,38.417506983332686
simulated,9486,22.24261720235614
simulated,9487,85.27848237132851
simulated,9488,40.19302953062103
simulated,9489,227.76163971103384
simulated,9490,23.90832231839281
simulated,9491,42.64499539035918
simulated,9492,25.286559607542273
simulated,9493,32.67378137842075
simulated,9494,32.42605910037559
simulated,9495,5.3611011047292
simulated,9496,43.80828123773301
simulated,9497,21.855009108077496
simulated,9498,40.318949598364966
simulated,9499,15.869858419064846
simulated,9500,32.71134677114943
simulated,9501,50.37289498635315
simulated,9502,45.12990626310127
simulated,9503,24.327509697120618
simulated,9504,51.81055954651546
simulated,9505,56.281914895592344
simulated,9506,28.15953447840983
simulated,9507,33.54829584073534
simulated,9508,92.0085854845903
simulated,9509,30.79897281260885
simulated,9510,45.890203354678995
simulated,9511,34.21283488565175
simulated,9512,63.2231126365639
simulated,9513,28.98779493286488
simulated,9514,21.258397852448823
simulated,9515,86.3964341387492
simulated,9516,8.864174785867528
simulated,9517,11.86761501705502
simulated,9518,26.58844340474988
simulated,9519,47.574889632148356
simulated,9520,113.69799077864629
simulated,9521,85.45365794528311
simulated,9522,55.180600689167534
simulated,9523,28.668987111567787
simulated,9524,26.983192451988327
simulated,9525,26.474451302692955
simulated,9526,56.80543035896374
simulated,9527,58.68925121418984
simulated,9528,62.09900108719765
simulated,9529,80.1314102733938
simulated,9530,72.42774128911014
simulated,9531,41.838981440267595
simulated,9532,101.74855817570807
simulated,9533,14.151424031743412
simulated,9534,41.48191572592061
simulated,9535,28.583217397025912
simulated,9536,32.35743337372564
simulated,9537,83.83776645892168
simulated,9538,75.45395978909258
simulated,9539,7.298781989788212
simulated,9540,63.42788427990534
simulated,9541,61.19141296642721
simulated,9542,57.349106199300365
simulated,9543,11.349787000472201
simulated,9544,118.53968065589993
simulated,9545,11.338962944592385
simulated,9546,82.1291568735223
simulated,9547,78.57823045305375
simulated,9548,10.113035816530335
simulated,9549,30.27174310606015
simulated,9550,6.883149588077994
simulated,9551,12.566450047647285
simulated,9552,50.812423136605794
simulated,9553,26.998004979929128
simulated,9554,24.49512541881155
simulated,9555,32.375503829647194
simulated,9556,76.65131130482041
simulated,9557,18.64367205357863
simulated,9558,48.960627783678646
simulated,9559,70.92812971040719
simulated,9560,32.934366697932305
simulated,9561,31.273080264377697
simulated,9562,18.64175326657319
simulated,9563,64.44990540493784
simulated,9564,22.009667803392638
simulated,9565,77.34461050759968
simulated,9566,25.125726010076015
simulated,9567,99.15645761587415
simulated,9568,9.55655901294276
simulated,9569,18.912183816344506
simulated,9570,59.24730653013674
simulated,9571,40.76366682285395
simulated,9572,20.939015654772373
simulated,9573,12.359379093235235
simulated,9574,76.47485270782292
simulated,9575,78.90343279399119
simulated,9576,24.07380446390418
simulated,9577,56.49698584843049
simulated,9578,89.56895042265835
simulated,9579,82.6490710598282
simulated,9580,6.440505192228989
simulated,9581,17.213389931064434
simulated,9582,19.779971131181494
simulated,9583,50.5480225561811
simulated,9584,19.75012947825367
simulated,9585,77.07273518482027
simulated,9586,32.61834901163893
simulated,9587,18.055396511648734
simulated,9588,26.589087319337253
simulated,9589,43.35267794948455
simulated,9590,16.952069208685753
simulated,9591,112.37062652178048
simulated,9592,50.779364226749344
simulated,9593,76.13819414883392
simulated,9594,20.735372999075494
simulated,9595,32.67012614607523
simulated,9596,46.0514265703479
simulated,9597,12.986706157904718
simulated,9598,68.22447339943957
simulated,9599,15.554970386811808
simulated,9600,17.129655368534493
simulated,9601,39.0877095727233
simulated,9602,30.18420027410276
simulated,9603,40.21122422945472
simulated,9604,13.00924107480391
simulated,9605,35.25568483247149
simulated,9606,24.667573845336598
simulated,9607,4.305310199699189
simulated,9608,16.12093327839363
simulated,9609,154.28972000336796
simulated,9610,19.610973920225064
simulated,9611,54.45906065084432
simulated,9612,39.197060829373214
simulated,9613,37.35822139918106
simulated,9614,56.14482088827226
simulated,9615,8.875774956031886
simulated,9616,35.45859672247967
simulated,9617,21.884682068201545
simulated,9618,59.40681468668221
simulated,9619,37.735057377710596
simulated,9620,46.20790216058084
simulated,9621,95.51733231262995
simulated,9622,41.747255859556134
simulated,9623,56.998852441629325
simulated,9624,73.3808744185486
simulated,9625,34.10763031767633
simulated,9626,21.65316857141289
simulated,9627,147.2132871202099
simulated,9628,21.30391792308307
simulated,9629,21.84099664686424
simulated,9630,14.983827544149781
simulated,9631,122.7546081369294
simulated,9632,37.170865229111875
simulated,9633,66.63135135594098
simulated,9634,48.24196212934409
simulated,9635,21.981844243944913
simulated,9636,29.121402617732535
simulated,9637,54.23394073119844
simulated,9638,29.691255669542077
simulated,9639,31.232000863800355
simulated,9640,31.124280462654298
simulated,9641,26.825537753478958
simulated,9642,14.827012241762537
simulated,9643,47.07529036574816
simulated,9644,42.08747167626832
simulated,9645,53.1594728486631
simulated,9646,39.576817526849325
simulated,9647,56.920627274027815
simulated,9648,26.069045235818393
simulated,9649,37.381948291191996
simulated,9650,125.57739146398076
simulated,9651,10.517153605020336
simulated,9652,62.65550691259553
simulated,9653,10.175468533436998
simulated,9654,63.64969489128082
simulated,9655,33.99535816944087
simulated,9656,18.76276267947889
simulated,9657,28.754435736943822
simulated,9658,3.952902526591589
simulated,9659,39.66224075953299
simulated,9660,95.78777195064157
simulated,9661,26.60735473614416
simulated,9662,28.224622691844353
simulated,9663,45.58667678077535
simulated,9664,12.273755400821937
simulated,9665,46.58482587542513
simulated,9666,41.625374229574824
simulated,9667,12.922470941111804
simulated,9668,13.178888248969706
simulated,9669,33.42717855809082
simulated,9670,11.298003388698177
simulated,9671,97.70186154996712
simulated,9672,40.944258965023046
simulated,9673,35.867379525412574
simulated,9674,28.960358918697043
simulated,9675,25.155482483780784
simulated,9676,46.371460801875585
simulated,9677,32.67223743394668
simulated,9678,113.87825763134629
simulated,9679,24.438979505615855
simulated,9680,50.024078591622846
simulated,9681,106.38664619613321
simulated,9682,77.92114051907369
simulated,9683,88.95827817579288
simulated,9684,14.82713564694492
simulated,9685,31.15435741844314
simulated,9686,10.803208205432096
simulated,9687,26.486971132307453
simulated,9688,56.21444670675086
simulated,9689,34.56223775568346
simulated,9690,32.62078070376676
simulated,9691,15.632595694617159
simulated,9692,17.28383583714193
simulated,9693,19.155796802377512
simulated,9694,10.545844462482828
simulated,9695,50.2636223579631
simulated,9696,22.515668126456227
simulated,9697,17.827346790449756
simulated,9698,19.744848458036248
simulated,9699,90.33194602200842
simulated,9700,17.480489335063083
simulated,9701,69.76870110764894
simulated,9702,125.6894993340331
simulated,9703,39.761169782588134
simulated,9704,18.852001297143552
simulated,9705,170.78890216961452
simulated,9706,112.63753067802399
simulated,9707,10.269840149062395
simulated,9708,4.323650133993713
simulated,9709,18.397800751948207
simulated,9710,55.43692144868942
simulated,9711,15.154536435941477
simulated,9712,25.667306910981143
simulated,9713,99.54556588657988
simulated,9714,31.352399739494366
simulated,9715,396.31868041224203
simulated,9716,48.209073129294545
simulated,9717,34.329308219020405
simulated,9718,13.306544544575305
simulated,9719,73.27274609817503
simulated,9720,15.816114645712084
simulated,9721,7.113551181721718
simulated,9722,26.476623758207502
simulated,9723,21.106050248847637
simulated,9724,20.27495591126804
simulated,9725,51.45000769974624
simulated,9726,100.4271427532738
simulated,9727,53.23095124088118
simulated,9728,19.144481278868668
simulated,9729,42.49357060448142
simulated,9730,10.34838982559031
simulated,9731,33.5244374278046
simulated,9732,48.04028781105919
simulated,9733,12.505034670957244
simulated,9734,29.694729838216375
simulated,9735,26.984225030426455
simulated,9736,27.228926652551095
simulated,9737,27.352697921481624
simulated,9738,39.99893504633607
simulated,9739,61.134853321684076
simulated,9740,122.22723823470956
simulated,9741,74.9048577900146
simulated,9742,38.01036883384633
simulated,9743,24.29273573830865
simulated,9744,26.10514596266355
simulated,9745,113.20864069597721
simulated,9746,42.19032681679562
simulated,9747,19.364519856592146
simulated,9748,39.664377663991296
simulated,9749,21.334927078997584
simulated,9750,34.397118059974474
simulated,9751,58.98857115176276
simulated,9752,71.08718335526233
simulated,9753,21.160410238408247
simulated,9754,36.17039056324615
simulated,9755,22.41752561233403
simulated,9756,12.469207423111657
simulated,9757,31.509068515182435
simulated,9758,27.85180156293456
simulated,9759,24.104958392282214
simulated,9760,11.694371868417537
simulated,9761,41.40268326402796
simulated,9762,32.41961395032505
simulated,9763,29.04846750132689
simulated,9764,26.18125249905841
simulated,9765,10.66110296753911
simulated,9766,14.249878197915297
simulated,9767,25.50004354372191
simulated,9768,30.57720754161705
simulated,9769,24.697978548374913
simulated,9770,25.040686971237456
simulated,9771,90.29954528079182
simulated,9772,17.471010604777206
simulated,9773,40.413177884695806
simulated,9774,146.20146951356548
simulated,9775,88.85112558652312
simulated,9776,13.621059298086085
simulated,9777,100.22774740634817
simulated,9778,45.394816755786636
simulated,9779,56.80042054408338
simulated,9780,17.376210624387866
simulated,9781,27.909303964379966
simulated,9782,105.37187701586254
simulated,9783,16.080420187451974
simulated,9784,21.790242351303178
simulated,9785,34.17957879709191
simulated,9786,21.33697864056797
simulated,9787,44.119742555368454
simulated,9788,35.31162565240292
simulated,9789,53.831405352512874
simulated,9790,75.08750409272056
simulated,9791,31.178782954390762
simulated,9792,14.663964524603362
simulated,9793,72.56594371728787
simulated,9794,19.981905959821233
simulated,9795,46.86808538147027
simulated,9796,30.13758740714925
simulated,9797,14.501308209792047
simulated,9798,43.57731079398611
simulated,9799,20.080736390847115
simulated,9800,30.02083915200465
simulated,9801,19.211994828809136
simulated,9802,37.161993663501896
simulated,9803,62.17130618919907
simulated,9804,41.06872140580346
simulated,9805,24.19193458767595
simulated,9806,29.205501421491014
simulated,9807,22.549228303852903
simulated,9808,6.2120256907295905
simulated,9809,11.754489353289873
simulated,9810,10.325323347482046
simulated,9811,7.810706729992738
simulated,9812,46.94249799081728
simulated,9813,32.127239196652965
simulated,9814,25.154361996032325
simulated,9815,19.96995811321116
simulated,9816,67.12834585635916
simulated,9817,5.71033834581045
simulated,9818,26.448792990166005
simulated,9819,9.886337463164327
simulated,9820,69.59905119813185
simulated,9821,9.857100404186033
simulated,9822,12.476833188879304
simulated,9823,12.192416289212012
simulated,9824,39.26780480229441
simulated,9825,60.72575096903188
simulated,9826,18.60242952505948
simulated,9827,21.008141083039504
simulated,9828,63.915535520946
simulated,9829,36.393536131637255
simulated,9830,34.51874460340565
simulated,9831,44.22637217821392
simulated,9832,45.872907545715975
simulated,9833,12.846735524975362
simulated,9834,27.229452256066335
simulated,9835,75.43542621837386
simulated,9836,47.846837294346116
simulated,9837,88.12992204909393
simulated,9838,14.177117368503588
simulated,9839,31.965757383032482
simulated,9840,33.27850169930463
simulated,9841,34.12833892578644
simulated,9842,9.674064410933958
simulated,9843,56.26644896605468
simulated,9844,76.03000711844138
simulated,9845,17.768995595066635
simulated,9846,21.227582001663432
simulated,9847,35.30093607650804
simulated,9848,18.059692382435856
simulated,9849,45.88380218934043
simulated,9850,5.9554618405406785
simulated,9851,78.03888777287526
simulated,9852,50.92362394980887
simulated,9853,27.729487984217634
simulated,9854,44.18375510911446
simulated,9855,125.38292675098401
simulated,9856,30.744729069362236
simulated,9857,27.68385083078384
simulated,9858,22.337672246135693
simulated,9859,17.16488124284028
simulated,9860,4.470775564841313
simulated,9861,118.74589906824005
simulated,9862,22.36253669436581
simulated,9863,23.960665337023244
simulated,9864,12.174054145150794
simulated,9865,22.963664250349275
simulated,9866,6.890698466508546
simulated,9867,7.1061149791887726
simulated,9868,49.96926978623664
simulated,9869,45.45303163041902
simulated,9870,30.60324482526294
simulated,9871,2.569694092018549
simulated,9872,77.18695830706012
simulated,9873,100.22445424346556
simulated,9874,120.53956962298822
simulated,9875,43.92985363310993
simulated,9876,61.81605162723169
simulated,9877,77.65845216758274
simulated,9878,14.086755264871812
simulated,9879,26.698516135325814
simulated,9880,61.991954115877846
simulated,9881,42.368769641955716
simulated,9882,22.495825906894964
simulated,9883,40.66433815641591
simulated,9884,23.87368988896727
simulated,9885,53.44133382769749
simulated,9886,38.218246863490606
simulated,9887,71.72816701132616
simulated,9888,81.27305524132467
simulated,9889,53.026407503719
simulated,9890,30.96318573215283
simulated,9891,7.117113856431397
simulated,9892,40.67106140826444
simulated,9893,40.256999076247936
simulated,9894,19.59520874909418
simulated,9895,116.29262744276595
simulated,9896,19.621867821008298
simulated,9897,36.61059609226696
simulated,9898,18.482170753446688
simulated,9899,10.894103516612613
simulated,9900,61.17494238754827
simulated,9901,9.577873188695682
simulated,9902,12.02810546196251
simulated,9903,105.64769631877189
simulated,9904,30.143289550757068
simulated,9905,19.099746294333258
simulated,9906,26.918601715739612
simulated,9907,27.482072298391675
simulated,9908,23.569888028619964
simulated,9909,102.13785261517752
simulated,9910,35.006160219852305
simulated,9911,10.470918230041505
simulated,9912,19.542313234513124
simulated,9913,49.406876292857774
simulated,9914,14.386548420040493
simulated,9915,7.326151075821949
simulated,9916,17.71010830000274
simulated,9917,42.6230440616997
simulated,9918,14.56036504545767
simulated,9919,22.047843149083885
simulated,9920,22.67650127496854
simulated,9921,32.15311226058662
simulated,9922,60.047066165810456
simulated,9923,25.9677830149488
simulated,9924,23.316983573290777
simulated,9925,11.93186611908302
simulated,9926,40.98373349404724
simulated,9927,15.51652908248601
simulated,9928,22.824314851902958
simulated,9929,41.61016652064997
simulated,9930,42.7716233329824
simulated,9931,61.84476651236676
simulated,9932,37.78748650716467
simulated,9933,14.692242465496314
simulated,9934,52.5124811145851
simulated,9935,10.79703312383967
simulated,9936,34.4697250464755
simulated,9937,45.34301316199742
simulated,9938,15.176115193471631
simulated,9939,116.67663180728852
simulated,9940,42.27819346615184
simulated,9941,14.083670504341372
simulated,9942,36.578081972107455
simulated,9943,31.169577658522055
simulated,9944,25.123707219954206
simulated,9945,64.90424184390967
simulated,9946,32.55245672461252
simulated,9947,34.136919995682675
simulated,9948,17.37798851654739
simulated,9949,21.252028920042136
simulated,9950,30.39633463542298
simulated,9951,3.38459712374982
simulated,9952,24.730950511250505
simulated,9953,5.204984008596194
simulated,9954,31.267527150189615
simulated,9955,65.32171151339165
simulated,9956,33.90010267294258
simulated,9957,86.3542248033998
simulated,9958,10.72339858501714
simulated,9959,56.9470848334093
simulated,9960,81.21988110622402
simulated,9961,39.73327660576241
simulated,9962,46.561694642094636
simulated,9963,51.12494631163136
simulated,9964,10.809214593744567
simulated,9965,25.62509718353356
simulated,9966,15.365304388216089
simulated,9967,14.921780058612434
simulated,9968,54.54720993347761
simulated,9969,30.698862034943776
simulated,9970,21.334742134774967
simulated,9971,41.06810870984748
simulated,9972,38.026855311154584
simulated,9973,36.49487577940493
simulated,9974,42.621215312556274
simulated,9975,34.82181781169136
simulated,9976,25.988159798901226
simulated,9977,25.193211755058645
simulated,9978,65.11272187589408
simulated,9979,19.242395788726213
simulated,9980,95.82282414247494
simulated,9981,36.8932463810847
simulated,9982,14.409700288077397
simulated,9983,15.470378619624752
simulated,9984,32.82630560613022
simulated,9985,58.40779325336025
simulated,9986,72.74868619092341
simulated,9987,8.274483095292375
simulated,9988,34.43624699691165
simulated,9989,53.01298605762392
simulated,9990,9.182950280118332
simulated,9991,16.3424881852731
simulated,9992,26.458133903175476
simulated,9993,46.897516879588636
simulated,9994,36.79479768996373
simulated,9995,7.081381488425635
simulated,9996,108.39163670864991
simulated,9997,12.520873614000516
simulated,9998,46.24578090249943
simulated,9999,11.344974993599886
