source,sample_index,year_of_maximum
empirical,0,13
empirical,1,20
empirical,2,4
empirical,3,7
empirical,4,19
empirical,5,1
empirical,6,17
empirical,7,18
empirical,8,15
empirical,9,15
empirical,10,2
empirical,11,7
empirical,12,7
empirical,13,12
empirical,14,11
empirical,15,13
empirical,16,15
empirical,17,11
empirical,18,9
empirical,19,11
empirical,20,8
empirical,21,20
empirical,22,8
empirical,23,13
empirical,24,1
empirical,25,13
empirical,26,14
empirical,27,12
empirical,28,8
empirical,29,3
empirical,30,5
empirical,31,5
empirical,32,14
empirical,33,3
empirical,34,7
empirical,35,12
empirical,36,1
empirical,37,3
empirical,38,4
empirical,39,8
empirical,40,6
empirical,41,5
empirical,42,6
empirical,43,4
empirical,44,12
empirical,45,8
empirical,46,6
empirical,47,9
empirical,48,6
empirical,49,14
empirical,50,14
empirical,51,3
empirical,52,6
empirical,53,13
empirical,54,16
empirical,55,2
empirical,56,11
empirical,57,10
empirical,58,9
empirical,59,18
empirical,60,2
empirical,61,18
empirical,62,14
empirical,63,13
empirical,64,5
empirical,65,10
empirical,66,7
empirical,67,7
empirical,68,9
empirical,69,5
empirical,70,6
empirical,71,6
empirical,72,16
empirical,73,4
empirical,74,18
empirical,75,8
empirical,76,5
empirical,77,6
empirical,78,0
empirical,79,10
empirical,80,0
empirical,81,3
empirical,82,5
empirical,83,0
empirical,84,13
empirical,85,18
empirical,86,10
empirical,87,2
empirical,88,11
empirical,89,0
empirical,90,6
empirical,91,5
empirical,92,13
empirical,93,6
empirical,94,12
empirical,95,11
empirical,96,4
empirical,97,6
empirical,98,1
empirical,99,20
empirical,100,7
empirical,101,7
empirical,102,20
empirical,103,19
empirical,104,4
empirical,105,5
empirical,106,3
empirical,107,7
empirical,108,14
empirical,109,3
empirical,110,16
empirical,111,13
empirical,112,3
empirical,113,18
empirical,114,4
empirical,115,1
empirical,116,7
empirical,117,15
empirical,118,11
empirical,119,7
empirical,120,4
empirical,121,9
empirical,122,13
empirical,123,8
empirical,124,9
empirical,125,1
empirical,126,11
empirical,127,4
empirical,128,16
empirical,129,1
empirical,130,19
empirical,131,9
empirical,132,7
empirical,133,5
empirical,134,13
empirical,135,7
empirical,136,5
empirical,137,13
empirical,138,7
empirical,139,5
empirical,140,10
empirical,141,6
empirical,142,19
empirical,143,5
empirical,144,20
empirical,145,6
empirical,146,3
empirical,147,7
empirical,148,2
empirical,149,7
empirical,150,18
empirical,151,9
empirical,152,1
empirical,153,6
empirical,154,0
empirical,155,19
empirical,156,14
empirical,157,19
empirical,158,2
empirical,159,18
empirical,160,10
empirical,161,3
empirical,162,4
empirical,163,4
empirical,164,3
empirical,165,10
empirical,166,6
empirical,167,5
empirical,168,6
empirical,169,18
empirical,170,6
empirical,171,13
empirical,172,13
empirical,173,17
empirical,174,13
empirical,175,3
empirical,176,2
empirical,177,9
empirical,178,17
empirical,179,9
empirical,180,1
empirical,181,11
empirical,182,0
empirical,183,2
empirical,184,16
empirical,185,5
empirical,186,13
empirical,187,19
empirical,188,19
empirical,189,11
empirical,190,6
empirical,191,18
empirical,192,3
empirical,193,7
empirical,194,19
empirical,195,2
empirical,196,17
empirical,197,3
empirical,198,12
empirical,199,7
empirical,200,19
empirical,201,6
empirical,202,5
empirical,203,6
empirical,204,6
empirical,205,5
empirical,206,18
empirical,207,20
empirical,208,3
empirical,209,5
empirical,210,14
empirical,211,18
empirical,212,19
empirical,213,15
empirical,214,1
empirical,215,7
empirical,216,3
empirical,217,0
empirical,218,9
empirical,219,19
empirical,220,10
empirical,221,6
empirical,222,13
empirical,223,4
empirical,224,16
empirical,225,14
empirical,226,7
empirical,227,13
empirical,228,3
empirical,229,14
empirical,230,12
empirical,231,0
empirical,232,5
empirical,233,4
empirical,234,5
empirical,235,15
empirical,236,7
empirical,237,15
empirical,238,6
empirical,239,7
empirical,240,4
empirical,241,13
empirical,242,8
empirical,243,6
empirical,244,7
empirical,245,0
empirical,246,13
empirical,247,15
empirical,248,7
empirical,249,5
empirical,250,0
empirical,251,7
empirical,252,8
empirical,253,13
empirical,254,10
empirical,255,18
empirical,256,12
empirical,257,20
empirical,258,16
empirical,259,6
empirical,260,5
empirical,261,16
empirical,262,5
empirical,263,4
empirical,264,18
empirical,265,11
empirical,266,1
empirical,267,9
empirical,268,6
empirical,269,6
empirical,270,20
empirical,271,2
empirical,272,3
empirical,273,7
empirical,274,20
empirical,275,6
empirical,276,14
empirical,277,1
empirical,278,4
empirical,279,9
empirical,280,14
empirical,281,7
empirical,282,5
empirical,283,0
empirical,284,16
empirical,285,19
empirical,286,3
empirical,287,9
empirical,288,16
empirical,289,3
empirical,290,3
empirical,291,11
empirical,292,8
empirical,293,9
empirical,294,18
empirical,295,1
empirical,296,0
empirical,297,8
empirical,298,5
empirical,299,4
empirical,300,1
empirical,301,4
empirical,302,17
empirical,303,5
empirical,304,8
empirical,305,4
empirical,306,3
empirical,307,13
empirical,308,8
empirical,309,9
empirical,310,6
empirical,311,3
empirical,312,4
empirical,313,19
empirical,314,17
empirical,315,18
empirical,316,12
empirical,317,1
empirical,318,2
empirical,319,12
empirical,320,13
empirical,321,0
empirical,322,6
empirical,323,20
empirical,324,13
empirical,325,16
empirical,326,15
empirical,327,0
empirical,328,8
empirical,329,8
empirical,330,8
empirical,331,10
empirical,332,4
empirical,333,5
empirical,334,4
empirical,335,16
empirical,336,10
empirical,337,16
empirical,338,10
empirical,339,18
empirical,340,5
empirical,341,17
empirical,342,7
empirical,343,5
empirical,344,3
empirical,345,18
empirical,346,18
empirical,347,10
empirical,348,3
empirical,349,4
empirical,350,11
empirical,351,1
empirical,352,6
empirical,353,0
empirical,354,8
empirical,355,1
empirical,356,8
empirical,357,10
empirical,358,14
empirical,359,17
empirical,360,18
empirical,361,16
empirical,362,12
empirical,363,7
empirical,364,13
empirical,365,15
empirical,366,13
empirical,367,1
empirical,368,9
empirical,369,4
empirical,370,14
empirical,371,6
empirical,372,7
empirical,373,19
empirical,374,3
empirical,375,18
empirical,376,17
empirical,377,19
empirical,378,3
empirical,379,8
empirical,380,1
empirical,381,8
empirical,382,15
empirical,383,14
empirical,384,12
empirical,385,14
empirical,386,9
empirical,387,20
empirical,388,19
empirical,389,18
empirical,390,0
empirical,391,12
empirical,392,4
empirical,393,7
empirical,394,9
empirical,395,6
empirical,396,20
empirical,397,13
empirical,398,4
empirical,399,15
empirical,400,10
empirical,401,4
empirical,402,20
empirical,403,6
empirical,404,15
empirical,405,15
empirical,406,5
empirical,407,16
empirical,408,5
empirical,409,3
empirical,410,18
empirical,411,8
empirical,412,4
empirical,413,7
empirical,414,5
empirical,415,18
empirical,416,6
empirical,417,17
empirical,418,11
empirical,419,12
empirical,420,4
empirical,421,2
empirical,422,11
empirical,423,4
empirical,424,14
empirical,425,3
empirical,426,1
empirical,427,10
empirical,428,9
empirical,429,9
empirical,430,16
empirical,431,5
empirical,432,13
empirical,433,17
empirical,434,5
empirical,435,0
empirical,436,7
empirical,437,17
empirical,438,5
empirical,439,5
empirical,440,4
empirical,441,5
empirical,442,9
empirical,443,18
empirical,444,7
empirical,445,6
empirical,446,5
empirical,447,6
empirical,448,1
empirical,449,2
empirical,450,4
empirical,451,13
empirical,452,11
empirical,453,3
empirical,454,13
empirical,455,8
empirical,456,12
empirical,457,6
empirical,458,7
empirical,459,12
empirical,460,5
empirical,461,11
empirical,462,7
empirical,463,9
empirical,464,12
empirical,465,19
empirical,466,4
empirical,467,6
empirical,468,3
empirical,469,3
empirical,470,14
empirical,471,5
empirical,472,13
empirical,473,1
empirical,474,6
empirical,475,15
empirical,476,10
empirical,477,10
empirical,478,4
empirical,479,0
empirical,480,19
empirical,481,14
empirical,482,11
empirical,483,8
empirical,484,1
empirical,485,9
empirical,486,0
empirical,487,19
empirical,488,8
empirical,489,6
empirical,490,13
empirical,491,17
empirical,492,7
empirical,493,15
empirical,494,20
empirical,495,5
empirical,496,4
empirical,497,4
empirical,498,9
empirical,499,2
empirical,500,1
empirical,501,8
empirical,502,5
empirical,503,3
empirical,504,9
empirical,505,6
empirical,506,13
empirical,507,5
empirical,508,8
empirical,509,15
empirical,510,1
empirical,511,2
empirical,512,11
empirical,513,14
empirical,514,2
empirical,515,19
empirical,516,7
empirical,517,9
empirical,518,4
empirical,519,5
empirical,520,13
empirical,521,17
empirical,522,15
empirical,523,1
empirical,524,7
empirical,525,6
empirical,526,10
empirical,527,1
empirical,528,6
empirical,529,10
empirical,530,6
empirical,531,10
empirical,532,1
empirical,533,7
empirical,534,3
empirical,535,12
empirical,536,4
empirical,537,7
empirical,538,12
empirical,539,12
empirical,540,3
empirical,541,19
empirical,542,6
empirical,543,2
empirical,544,9
empirical,545,13
empirical,546,1
empirical,547,8
empirical,548,19
empirical,549,9
empirical,550,6
empirical,551,8
empirical,552,5
empirical,553,16
empirical,554,4
empirical,555,2
empirical,556,8
empirical,557,5
empirical,558,4
empirical,559,19
empirical,560,4
empirical,561,8
empirical,562,3
empirical,563,9
empirical,564,4
empirical,565,6
empirical,566,13
empirical,567,14
empirical,568,9
empirical,569,8
empirical,570,8
empirical,571,2
empirical,572,0
empirical,573,4
empirical,574,5
empirical,575,0
empirical,576,14
empirical,577,7
empirical,578,2
empirical,579,1
empirical,580,5
empirical,581,6
empirical,582,9
empirical,583,2
empirical,584,0
empirical,585,5
empirical,586,16
empirical,587,11
empirical,588,19
empirical,589,16
empirical,590,19
empirical,591,13
empirical,592,13
empirical,593,2
empirical,594,5
empirical,595,7
empirical,596,8
empirical,597,12
empirical,598,8
empirical,599,8
empirical,600,0
empirical,601,7
empirical,602,4
empirical,603,9
empirical,604,10
empirical,605,14
empirical,606,15
empirical,607,19
empirical,608,8
empirical,609,7
empirical,610,6
empirical,611,8
empirical,612,8
empirical,613,0
empirical,614,7
empirical,615,3
empirical,616,11
empirical,617,10
empirical,618,19
empirical,619,6
empirical,620,3
empirical,621,4
empirical,622,8
empirical,623,18
empirical,624,3
empirical,625,20
empirical,626,2
empirical,627,8
empirical,628,0
empirical,629,5
empirical,630,11
empirical,631,16
empirical,632,10
empirical,633,5
empirical,634,15
empirical,635,0
empirical,636,17
empirical,637,3
empirical,638,20
empirical,639,0
empirical,640,6
empirical,641,6
empirical,642,6
empirical,643,4
empirical,644,0
empirical,645,5
empirical,646,15
empirical,647,11
empirical,648,2
empirical,649,3
empirical,650,3
empirical,651,11
empirical,652,6
empirical,653,20
empirical,654,9
empirical,655,2
empirical,656,7
empirical,657,9
empirical,658,14
empirical,659,1
empirical,660,1
empirical,661,8
empirical,662,6
empirical,663,16
empirical,664,13
empirical,665,4
empirical,666,4
empirical,667,1
empirical,668,15
empirical,669,1
empirical,670,0
empirical,671,7
empirical,672,12
empirical,673,8
empirical,674,0
empirical,675,5
empirical,676,5
empirical,677,6
empirical,678,16
empirical,679,17
empirical,680,5
simulated,0,1
simulated,1,3
simulated,2,10
simulated,3,4
simulated,4,3
simulated,5,18
simulated,6,2
simulated,7,15
simulated,8,2
simulated,9,12
simulated,10,20
simulated,11,8
simulated,12,20
simulated,13,8
simulated,14,12
simulated,15,2
simulated,16,5
simulated,17,2
simulated,18,2
simulated,19,4
simulated,20,16
simulated,21,9
simulated,22,20
simulated,23,13
simulated,24,9
simulated,25,15
simulated,26,3
simulated,27,1
simulated,28,11
simulated,29,19
simulated,30,17
simulated,31,20
simulated,32,15
simulated,33,11
simulated,34,8
simulated,35,7
simulated,36,12
simulated,37,4
simulated,38,20
simulated,39,11
simulated,40,7
simulated,41,14
simulated,42,1
simulated,43,14
simulated,44,9
simulated,45,6
simulated,46,15
simulated,47,10
simulated,48,8
simulated,49,4
simulated,50,6
simulated,51,11
simulated,52,15
simulated,53,6
simulated,54,13
simulated,55,1
simulated,56,5
simulated,57,6
simulated,58,1
simulated,59,8
simulated,60,6
simulated,61,4
simulated,62,4
simulated,63,1
simulated,64,20
simulated,65,1
simulated,66,5
simulated,67,18
simulated,68,12
simulated,69,8
simulated,70,14
simulated,71,5
simulated,72,18
simulated,73,19
simulated,74,2
simulated,75,14
simulated,76,17
simulated,77,20
simulated,78,12
simulated,79,3
simulated,80,9
simulated,81,11
simulated,82,19
simulated,83,5
simulated,84,18
simulated,85,10
simulated,86,5
simulated,87,12
simulated,88,17
simulated,89,1
simulated,90,1
simulated,91,12
simulated,92,5
simulated,93,16
simulated,94,4
simulated,95,13
simulated,96,5
simulated,97,16
simulated,98,7
simulated,99,4
simulated,100,8
simulated,101,17
simulated,102,3
simulated,103,0
simulated,104,9
simulated,105,4
simulated,106,6
simulated,107,12
simulated,108,19
simulated,109,16
simulated,110,8
simulated,111,3
simulated,112,14
simulated,113,3
simulated,114,16
simulated,115,14
simulated,116,4
simulated,117,10
simulated,118,6
simulated,119,7
simulated,120,4
simulated,121,19
simulated,122,20
simulated,123,15
simulated,124,16
simulated,125,19
simulated,126,13
simulated,127,8
simulated,128,17
simulated,129,16
simulated,130,15
simulated,131,11
simulated,132,20
simulated,133,8
simulated,134,10
simulated,135,8
simulated,136,16
simulated,137,1
simulated,138,14
simulated,139,18
simulated,140,10
simulated,141,14
simulated,142,20
simulated,143,18
simulated,144,7
simulated,145,20
simulated,146,8
simulated,147,8
simulated,148,5
simulated,149,10
simulated,150,2
simulated,151,3
simulated,152,17
simulated,153,9
simulated,154,9
simulated,155,2
simulated,156,6
simulated,157,1
simulated,158,8
simulated,159,15
simulated,160,2
simulated,161,20
simulated,162,9
simulated,163,5
simulated,164,9
simulated,165,20
simulated,166,19
simulated,167,7
simulated,168,19
simulated,169,16
simulated,170,7
simulated,171,11
simulated,172,1
simulated,173,19
simulated,174,4
simulated,175,10
simulated,176,12
simulated,177,8
simulated,178,10
simulated,179,12
simulated,180,14
simulated,181,20
simulated,182,4
simulated,183,4
simulated,184,5
simulated,185,10
simulated,186,8
simulated,187,17
simulated,188,16
simulated,189,20
simulated,190,19
simulated,191,0
simulated,192,6
simulated,193,17
simulated,194,10
simulated,195,18
simulated,196,16
simulated,197,16
simulated,198,9
simulated,199,16
simulated,200,20
simulated,201,5
simulated,202,8
simulated,203,17
simulated,204,19
simulated,205,7
simulated,206,20
simulated,207,4
simulated,208,13
simulated,209,19
simulated,210,13
simulated,211,5
simulated,212,3
simulated,213,8
simulated,214,6
simulated,215,1
simulated,216,9
simulated,217,6
simulated,218,19
simulated,219,16
simulated,220,6
simulated,221,6
simulated,222,14
simulated,223,11
simulated,224,9
simulated,225,16
simulated,226,4
simulated,227,3
simulated,228,15
simulated,229,18
simulated,230,5
simulated,231,7
simulated,232,18
simulated,233,20
simulated,234,4
simulated,235,10
simulated,236,18
simulated,237,15
simulated,238,6
simulated,239,3
simulated,240,13
simulated,241,9
simulated,242,17
simulated,243,8
simulated,244,10
simulated,245,20
simulated,246,3
simulated,247,0
simulated,248,14
simulated,249,16
simulated,250,5
simulated,251,20
simulated,252,1
simulated,253,5
simulated,254,19
simulated,255,5
simulated,256,2
simulated,257,20
simulated,258,9
simulated,259,4
simulated,260,12
simulated,261,5
simulated,262,13
simulated,263,18
simulated,264,8
simulated,265,15
simulated,266,20
simulated,267,8
simulated,268,17
simulated,269,3
simulated,270,14
simulated,271,6
simulated,272,13
simulated,273,5
simulated,274,9
simulated,275,17
simulated,276,2
simulated,277,16
simulated,278,8
simulated,279,5
simulated,280,11
simulated,281,1
simulated,282,18
simulated,283,2
simulated,284,11
simulated,285,6
simulated,286,19
simulated,287,12
simulated,288,13
simulated,289,7
simulated,290,12
simulated,291,0
simulated,292,12
simulated,293,4
simulated,294,2
simulated,295,18
simulated,296,17
simulated,297,0
simulated,298,7
simulated,299,7
simulated,300,6
simulated,301,13
simulated,302,4
simulated,303,11
simulated,304,2
simulated,305,4
simulated,306,19
simulated,307,1
simulated,308,2
simulated,309,8
simulated,310,16
simulated,311,1
simulated,312,15
simulated,313,16
simulated,314,12
simulated,315,10
simulated,316,8
simulated,317,18
simulated,318,7
simulated,319,1
simulated,320,2
simulated,321,6
simulated,322,11
simulated,323,6
simulated,324,12
simulated,325,3
simulated,326,19
simulated,327,7
simulated,328,0
simulated,329,9
simulated,330,6
simulated,331,9
simulated,332,9
simulated,333,11
simulated,334,1
simulated,335,2
simulated,336,7
simulated,337,17
simulated,338,2
simulated,339,11
simulated,340,7
simulated,341,12
simulated,342,5
simulated,343,3
simulated,344,8
simulated,345,12
simulated,346,7
simulated,347,18
simulated,348,17
simulated,349,1
simulated,350,19
simulated,351,20
simulated,352,14
simulated,353,6
simulated,354,7
simulated,355,3
simulated,356,8
simulated,357,12
simulated,358,9
simulated,359,7
simulated,360,8
simulated,361,9
simulated,362,18
simulated,363,9
simulated,364,17
simulated,365,7
simulated,366,11
simulated,367,11
simulated,368,1
simulated,369,5
simulated,370,19
simulated,371,2
simulated,372,2
simulated,373,8
simulated,374,1
simulated,375,17
simulated,376,19
simulated,377,18
simulated,378,10
simulated,379,11
simulated,380,12
simulated,381,14
simulated,382,1
simulated,383,3
simulated,384,9
simulated,385,11
simulated,386,18
simulated,387,12
simulated,388,10
simulated,389,9
simulated,390,4
simulated,391,0
simulated,392,3
simulated,393,10
simulated,394,12
simulated,395,7
simulated,396,9
simulated,397,1
simulated,398,14
simulated,399,14
simulated,400,19
simulated,401,2
simulated,402,7
simulated,403,2
simulated,404,7
simulated,405,3
simulated,406,0
simulated,407,12
simulated,408,15
simulated,409,6
simulated,410,13
simulated,411,7
simulated,412,15
simulated,413,7
simulated,414,6
simulated,415,12
simulated,416,10
simulated,417,19
simulated,418,14
simulated,419,7
simulated,420,19
simulated,421,2
simulated,422,4
simulated,423,4
simulated,424,15
simulated,425,18
simulated,426,6
simulated,427,19
simulated,428,15
simulated,429,3
simulated,430,1
simulated,431,9
simulated,432,15
simulated,433,9
simulated,434,17
simulated,435,3
simulated,436,6
simulated,437,2
simulated,438,12
simulated,439,20
simulated,440,12
simulated,441,3
simulated,442,12
simulated,443,12
simulated,444,7
simulated,445,2
simulated,446,20
simulated,447,7
simulated,448,18
simulated,449,7
simulated,450,12
simulated,451,4
simulated,452,20
simulated,453,19
simulated,454,1
simulated,455,17
simulated,456,12
simulated,457,3
simulated,458,5
simulated,459,14
simulated,460,12
simulated,461,3
simulated,462,7
simulated,463,3
simulated,464,3
simulated,465,16
simulated,466,6
simulated,467,5
simulated,468,6
simulated,469,2
simulated,470,10
simulated,471,5
simulated,472,3
simulated,473,1
simulated,474,9
simulated,475,2
simulated,476,7
simulated,477,11
simulated,478,8
simulated,479,10
simulated,480,9
simulated,481,20
simulated,482,8
simulated,483,9
simulated,484,5
simulated,485,11
simulated,486,20
simulated,487,15
simulated,488,3
simulated,489,7
simulated,490,3
simulated,491,20
simulated,492,2
simulated,493,1
simulated,494,12
simulated,495,8
simulated,496,3
simulated,497,17
simulated,498,2
simulated,499,0
simulated,500,3
simulated,501,18
simulated,502,4
simulated,503,6
simulated,504,20
simulated,505,14
simulated,506,9
simulated,507,20
simulated,508,2
simulated,509,7
simulated,510,9
simulated,511,2
simulated,512,8
simulated,513,9
simulated,514,18
simulated,515,16
simulated,516,15
simulated,517,1
simulated,518,10
simulated,519,7
simulated,520,11
simulated,521,13
simulated,522,7
simulated,523,4
simulated,524,9
simulated,525,7
simulated,526,1
simulated,527,3
simulated,528,6
simulated,529,17
simulated,530,3
simulated,531,10
simulated,532,10
simulated,533,2
simulated,534,8
simulated,535,18
simulated,536,4
simulated,537,7
simulated,538,20
simulated,539,20
simulated,540,4
simulated,541,11
simulated,542,12
simulated,543,9
simulated,544,2
simulated,545,7
simulated,546,11
simulated,547,3
simulated,548,10
simulated,549,15
simulated,550,19
simulated,551,1
simulated,552,18
simulated,553,0
simulated,554,17
simulated,555,5
simulated,556,20
simulated,557,1
simulated,558,3
simulated,559,15
simulated,560,7
simulated,561,11
simulated,562,13
simulated,563,19
simulated,564,11
simulated,565,7
simulated,566,7
simulated,567,8
simulated,568,14
simulated,569,15
simulated,570,11
simulated,571,12
simulated,572,3
simulated,573,14
simulated,574,12
simulated,575,12
simulated,576,2
simulated,577,15
simulated,578,17
simulated,579,2
simulated,580,15
simulated,581,14
simulated,582,4
simulated,583,7
simulated,584,10
simulated,585,6
simulated,586,7
simulated,587,2
simulated,588,5
simulated,589,3
simulated,590,17
simulated,591,8
simulated,592,7
simulated,593,3
simulated,594,9
simulated,595,7
simulated,596,1
simulated,597,7
simulated,598,3
simulated,599,0
simulated,600,11
simulated,601,11
simulated,602,9
simulated,603,0
simulated,604,14
simulated,605,6
simulated,606,8
simulated,607,4
simulated,608,20
simulated,609,19
simulated,610,2
simulated,611,1
simulated,612,19
simulated,613,7
simulated,614,1
simulated,615,3
simulated,616,16
simulated,617,9
simulated,618,13
simulated,619,17
simulated,620,7
simulated,621,4
simulated,622,11
simulated,623,6
simulated,624,6
simulated,625,4
simulated,626,12
simulated,627,1
simulated,628,17
simulated,629,16
simulated,630,13
simulated,631,10
simulated,632,1
simulated,633,15
simulated,634,10
simulated,635,10
simulated,636,18
simulated,637,10
simulated,638,4
simulated,639,4
simulated,640,5
simulated,641,2
simulated,642,9
simulated,643,3
simulated,644,16
simulated,645,19
simulated,646,18
simulated,647,18
simulated,648,9
simulated,649,18
simulated,650,12
simulated,651,15
simulated,652,3
simulated,653,10
simulated,654,15
simulated,655,2
simulated,656,6
simulated,657,19
simulated,658,2
simulated,659,18
simulated,660,7
simulated,661,18
simulated,662,10
simulated,663,20
simulated,664,20
simulated,665,14
simulated,666,5
simulated,667,14
simulated,668,20
simulated,669,6
simulated,670,14
simulated,671,7
simulated,672,1
simulated,673,1
simulated,674,5
simulated,675,12
simulated,676,1
simulated,677,13
simulated,678,5
simulated,679,0
simulated,680,1
simulated,681,1
simulated,682,17
simulated,683,18
simulated,684,14
simulated,685,1
simulated,686,5
simulated,687,12
simulated,688,5
simulated,689,6
simulated,690,9
simulated,691,18
simulated,692,9
simulated,693,8
simulated,694,9
simulated,695,6
simulated,696,5
simulated,697,15
simulated,698,8
simulated,699,12
simulated,700,2
simulated,701,13
simulated,702,14
simulated,703,18
simulated,704,13
simulated,705,14
simulated,706,8
simulated,707,10
simulated,708,3
simulated,709,1
simulated,710,20
simulated,711,9
simulated,712,8
simulated,713,17
simulated,714,6
simulated,715,7
simulated,716,20
simulated,717,1
simulated,718,16
simulated,719,6
simulated,720,17
simulated,721,3
simulated,722,3
simulated,723,6
simulated,724,2
simulated,725,14
simulated,726,1
simulated,727,8
simulated,728,10
simulated,729,16
simulated,730,1
simulated,731,2
simulated,732,3
simulated,733,9
simulated,734,5
simulated,735,0
simulated,736,3
simulated,737,17
simulated,738,18
simulated,739,2
simulated,740,6
simulated,741,1
simulated,742,6
simulated,743,8
simulated,744,2
simulated,745,14
simulated,746,17
simulated,747,4
simulated,748,3
simulated,749,13
simulated,750,3
simulated,751,0
simulated,752,15
simulated,753,7
simulated,754,9
simulated,755,19
simulated,756,18
simulated,757,9
simulated,758,4
simulated,759,4
simulated,760,3
simulated,761,10
simulated,762,7
simulated,763,6
simulated,764,15
simulated,765,11
simulated,766,4
simulated,767,18
simulated,768,14
simulated,769,20
simulated,770,5
simulated,771,2
simulated,772,20
simulated,773,2
simulated,774,2
simulated,775,6
simulated,776,0
simulated,777,19
simulated,778,7
simulated,779,9
simulated,780,7
simulated,781,15
simulated,782,7
simulated,783,1
simulated,784,7
simulated,785,10
simulated,786,5
simulated,787,5
simulated,788,16
simulated,789,19
simulated,790,4
simulated,791,9
simulated,792,17
simulated,793,4
simulated,794,8
simulated,795,17
simulated,796,19
simulated,797,3
simulated,798,20
simulated,799,5
simulated,800,1
simulated,801,8
simulated,802,17
simulated,803,0
simulated,804,14
simulated,805,7
simulated,806,7
simulated,807,14
simulated,808,11
simulated,809,12
simulated,810,5
simulated,811,1
simulated,812,2
simulated,813,6
simulated,814,3
simulated,815,4
simulated,816,19
simulated,817,13
simulated,818,9
simulated,819,8
simulated,820,1
simulated,821,9
simulated,822,9
simulated,823,18
simulated,824,9
simulated,825,11
simulated,826,17
simulated,827,19
simulated,828,20
simulated,829,14
simulated,830,7
simulated,831,9
simulated,832,4
simulated,833,7
simulated,834,15
simulated,835,7
simulated,836,14
simulated,837,2
simulated,838,13
simulated,839,15
simulated,840,16
simulated,841,2
simulated,842,3
simulated,843,10
simulated,844,9
simulated,845,9
simulated,846,6
simulated,847,20
simulated,848,19
simulated,849,11
simulated,850,8
simulated,851,20
simulated,852,2
simulated,853,15
simulated,854,16
simulated,855,2
simulated,856,19
simulated,857,2
simulated,858,6
simulated,859,20
simulated,860,7
simulated,861,18
simulated,862,19
simulated,863,7
simulated,864,2
simulated,865,13
simulated,866,3
simulated,867,13
simulated,868,14
simulated,869,4
simulated,870,3
simulated,871,12
simulated,872,5
simulated,873,4
simulated,874,1
simulated,875,10
simulated,876,8
simulated,877,11
simulated,878,16
simulated,879,5
simulated,880,3
simulated,881,2
simulated,882,4
simulated,883,14
simulated,884,11
simulated,885,17
simulated,886,2
simulated,887,5
simulated,888,9
simulated,889,0
simulated,890,5
simulated,891,11
simulated,892,19
simulated,893,2
simulated,894,16
simulated,895,2
simulated,896,7
simulated,897,19
simulated,898,2
simulated,899,2
simulated,900,10
simulated,901,15
simulated,902,14
simulated,903,17
simulated,904,11
simulated,905,10
simulated,906,17
simulated,907,8
simulated,908,0
simulated,909,16
simulated,910,10
simulated,911,15
simulated,912,12
simulated,913,0
simulated,914,4
simulated,915,2
simulated,916,6
simulated,917,4
simulated,918,8
simulated,919,13
simulated,920,7
simulated,921,20
simulated,922,3
simulated,923,18
simulated,924,20
simulated,925,12
simulated,926,18
simulated,927,11
simulated,928,13
simulated,929,8
simulated,930,8
simulated,931,14
simulated,932,5
simulated,933,19
simulated,934,10
simulated,935,16
simulated,936,3
simulated,937,8
simulated,938,19
simulated,939,7
simulated,940,10
simulated,941,4
simulated,942,4
simulated,943,6
simulated,944,2
simulated,945,7
simulated,946,17
simulated,947,9
simulated,948,8
simulated,949,5
simulated,950,17
simulated,951,17
simulated,952,19
simulated,953,9
simulated,954,8
simulated,955,7
simulated,956,20
simulated,957,2
simulated,958,9
simulated,959,4
simulated,960,2
simulated,961,4
simulated,962,0
simulated,963,13
simulated,964,6
simulated,965,4
simulated,966,1
simulated,967,15
simulated,968,18
simulated,969,8
simulated,970,0
simulated,971,9
simulated,972,11
simulated,973,4
simulated,974,3
simulated,975,5
simulated,976,4
simulated,977,15
simulated,978,5
simulated,979,18
simulated,980,11
simulated,981,18
simulated,982,0
simulated,983,7
simulated,984,4
simulated,985,20
simulated,986,3
simulated,987,11
simulated,988,15
simulated,989,4
simulated,990,8
simulated,991,2
simulated,992,17
simulated,993,3
simulated,994,12
simulated,995,9
simulated,996,7
simulated,997,5
simulated,998,7
simulated,999,17
simulated,1000,12
simulated,1001,15
simulated,1002,9
simulated,1003,20
simulated,1004,3
simulated,1005,5
simulated,1006,7
simulated,1007,7
simulated,1008,13
simulated,1009,9
simulated,1010,19
simulated,1011,12
simulated,1012,2
simulated,1013,7
simulated,1014,13
simulated,1015,15
simulated,1016,9
simulated,1017,4
simulated,1018,7
simulated,1019,9
simulated,1020,7
simulated,1021,5
simulated,1022,15
simulated,1023,14
simulated,1024,17
simulated,1025,19
simulated,1026,8
simulated,1027,2
simulated,1028,3
simulated,1029,10
simulated,1030,12
simulated,1031,2
simulated,1032,15
simulated,1033,0
simulated,1034,10
simulated,1035,12
simulated,1036,13
simulated,1037,16
simulated,1038,13
simulated,1039,4
simulated,1040,20
simulated,1041,11
simulated,1042,19
simulated,1043,3
simulated,1044,11
simulated,1045,20
simulated,1046,7
simulated,1047,18
simulated,1048,6
simulated,1049,8
simulated,1050,1
simulated,1051,3
simulated,1052,11
simulated,1053,5
simulated,1054,2
simulated,1055,13
simulated,1056,6
simulated,1057,1
simulated,1058,8
simulated,1059,5
simulated,1060,10
simulated,1061,14
simulated,1062,0
simulated,1063,2
simulated,1064,11
simulated,1065,4
simulated,1066,7
simulated,1067,16
simulated,1068,2
simulated,1069,4
simulated,1070,6
simulated,1071,12
simulated,1072,5
simulated,1073,9
simulated,1074,5
simulated,1075,2
simulated,1076,7
simulated,1077,3
simulated,1078,20
simulated,1079,1
simulated,1080,16
simulated,1081,17
simulated,1082,2
simulated,1083,1
simulated,1084,9
simulated,1085,2
simulated,1086,17
simulated,1087,14
simulated,1088,18
simulated,1089,6
simulated,1090,16
simulated,1091,20
simulated,1092,14
simulated,1093,10
simulated,1094,0
simulated,1095,1
simulated,1096,10
simulated,1097,2
simulated,1098,2
simulated,1099,12
simulated,1100,14
simulated,1101,7
simulated,1102,14
simulated,1103,7
simulated,1104,4
simulated,1105,5
simulated,1106,6
simulated,1107,17
simulated,1108,4
simulated,1109,9
simulated,1110,20
simulated,1111,16
simulated,1112,7
simulated,1113,18
simulated,1114,9
simulated,1115,18
simulated,1116,20
simulated,1117,19
simulated,1118,9
simulated,1119,20
simulated,1120,4
simulated,1121,7
simulated,1122,20
simulated,1123,15
simulated,1124,17
simulated,1125,5
simulated,1126,5
simulated,1127,18
simulated,1128,3
simulated,1129,5
simulated,1130,18
simulated,1131,16
simulated,1132,2
simulated,1133,7
simulated,1134,5
simulated,1135,12
simulated,1136,7
simulated,1137,13
simulated,1138,14
simulated,1139,14
simulated,1140,18
simulated,1141,8
simulated,1142,5
simulated,1143,9
simulated,1144,18
simulated,1145,7
simulated,1146,17
simulated,1147,9
simulated,1148,20
simulated,1149,3
simulated,1150,13
simulated,1151,15
simulated,1152,16
simulated,1153,17
simulated,1154,1
simulated,1155,2
simulated,1156,10
simulated,1157,19
simulated,1158,3
simulated,1159,5
simulated,1160,9
simulated,1161,9
simulated,1162,8
simulated,1163,6
simulated,1164,14
simulated,1165,14
simulated,1166,14
simulated,1167,1
simulated,1168,18
simulated,1169,15
simulated,1170,2
simulated,1171,2
simulated,1172,11
simulated,1173,5
simulated,1174,7
simulated,1175,0
simulated,1176,13
simulated,1177,14
simulated,1178,14
simulated,1179,2
simulated,1180,7
simulated,1181,13
simulated,1182,20
simulated,1183,6
simulated,1184,6
simulated,1185,12
simulated,1186,10
simulated,1187,19
simulated,1188,4
simulated,1189,19
simulated,1190,2
simulated,1191,5
simulated,1192,11
simulated,1193,17
simulated,1194,14
simulated,1195,7
simulated,1196,7
simulated,1197,1
simulated,1198,4
simulated,1199,9
simulated,1200,7
simulated,1201,19
simulated,1202,17
simulated,1203,2
simulated,1204,10
simulated,1205,12
simulated,1206,4
simulated,1207,4
simulated,1208,17
simulated,1209,9
simulated,1210,20
simulated,1211,13
simulated,1212,5
simulated,1213,16
simulated,1214,16
simulated,1215,5
simulated,1216,11
simulated,1217,3
simulated,1218,15
simulated,1219,9
simulated,1220,10
simulated,1221,9
simulated,1222,3
simulated,1223,20
simulated,1224,6
simulated,1225,11
simulated,1226,14
simulated,1227,6
simulated,1228,14
simulated,1229,8
simulated,1230,4
simulated,1231,13
simulated,1232,6
simulated,1233,8
simulated,1234,8
simulated,1235,2
simulated,1236,6
simulated,1237,2
simulated,1238,8
simulated,1239,17
simulated,1240,17
simulated,1241,17
simulated,1242,6
simulated,1243,6
simulated,1244,3
simulated,1245,17
simulated,1246,13
simulated,1247,19
simulated,1248,7
simulated,1249,4
simulated,1250,6
simulated,1251,13
simulated,1252,10
simulated,1253,8
simulated,1254,9
simulated,1255,8
simulated,1256,6
simulated,1257,8
simulated,1258,2
simulated,1259,6
simulated,1260,13
simulated,1261,19
simulated,1262,20
simulated,1263,6
simulated,1264,6
simulated,1265,0
simulated,1266,13
simulated,1267,4
simulated,1268,7
simulated,1269,3
simulated,1270,18
simulated,1271,9
simulated,1272,3
simulated,1273,4
simulated,1274,8
simulated,1275,3
simulated,1276,3
simulated,1277,9
simulated,1278,15
simulated,1279,16
simulated,1280,9
simulated,1281,7
simulated,1282,14
simulated,1283,20
simulated,1284,9
simulated,1285,15
simulated,1286,5
simulated,1287,0
simulated,1288,2
simulated,1289,14
simulated,1290,13
simulated,1291,17
simulated,1292,14
simulated,1293,4
simulated,1294,9
simulated,1295,19
simulated,1296,4
simulated,1297,5
simulated,1298,13
simulated,1299,6
simulated,1300,12
simulated,1301,6
simulated,1302,13
simulated,1303,9
simulated,1304,4
simulated,1305,16
simulated,1306,10
simulated,1307,12
simulated,1308,8
simulated,1309,8
simulated,1310,7
simulated,1311,19
simulated,1312,8
simulated,1313,10
simulated,1314,20
simulated,1315,19
simulated,1316,7
simulated,1317,9
simulated,1318,8
simulated,1319,1
simulated,1320,17
simulated,1321,15
simulated,1322,3
simulated,1323,19
simulated,1324,20
simulated,1325,18
simulated,1326,5
simulated,1327,18
simulated,1328,15
simulated,1329,10
simulated,1330,9
simulated,1331,1
simulated,1332,9
simulated,1333,7
simulated,1334,2
simulated,1335,1
simulated,1336,19
simulated,1337,10
simulated,1338,2
simulated,1339,5
simulated,1340,6
simulated,1341,6
simulated,1342,4
simulated,1343,6
simulated,1344,6
simulated,1345,6
simulated,1346,5
simulated,1347,15
simulated,1348,12
simulated,1349,16
simulated,1350,6
simulated,1351,7
simulated,1352,3
simulated,1353,8
simulated,1354,7
simulated,1355,2
simulated,1356,13
simulated,1357,16
simulated,1358,3
simulated,1359,17
simulated,1360,18
simulated,1361,19
simulated,1362,11
simulated,1363,10
simulated,1364,17
simulated,1365,10
simulated,1366,19
simulated,1367,12
simulated,1368,9
simulated,1369,20
simulated,1370,11
simulated,1371,5
simulated,1372,15
simulated,1373,2
simulated,1374,9
simulated,1375,15
simulated,1376,3
simulated,1377,2
simulated,1378,2
simulated,1379,14
simulated,1380,6
simulated,1381,17
simulated,1382,20
simulated,1383,2
simulated,1384,4
simulated,1385,6
simulated,1386,7
simulated,1387,16
simulated,1388,13
simulated,1389,2
simulated,1390,11
simulated,1391,1
simulated,1392,8
simulated,1393,18
simulated,1394,13
simulated,1395,9
simulated,1396,8
simulated,1397,7
simulated,1398,6
simulated,1399,16
simulated,1400,1
simulated,1401,18
simulated,1402,4
simulated,1403,2
simulated,1404,11
simulated,1405,20
simulated,1406,12
simulated,1407,7
simulated,1408,16
simulated,1409,2
simulated,1410,7
simulated,1411,11
simulated,1412,4
simulated,1413,15
simulated,1414,19
simulated,1415,6
simulated,1416,5
simulated,1417,6
simulated,1418,10
simulated,1419,2
simulated,1420,4
simulated,1421,17
simulated,1422,20
simulated,1423,11
simulated,1424,0
simulated,1425,8
simulated,1426,4
simulated,1427,8
simulated,1428,4
simulated,1429,7
simulated,1430,6
simulated,1431,15
simulated,1432,10
simulated,1433,6
simulated,1434,2
simulated,1435,10
simulated,1436,13
simulated,1437,2
simulated,1438,15
simulated,1439,1
simulated,1440,18
simulated,1441,10
simulated,1442,5
simulated,1443,7
simulated,1444,16
simulated,1445,9
simulated,1446,3
simulated,1447,8
simulated,1448,19
simulated,1449,4
simulated,1450,8
simulated,1451,15
simulated,1452,13
simulated,1453,16
simulated,1454,12
simulated,1455,9
simulated,1456,17
simulated,1457,19
simulated,1458,8
simulated,1459,1
simulated,1460,6
simulated,1461,10
simulated,1462,12
simulated,1463,5
simulated,1464,15
simulated,1465,13
simulated,1466,13
simulated,1467,7
simulated,1468,17
simulated,1469,5
simulated,1470,20
simulated,1471,8
simulated,1472,16
simulated,1473,18
simulated,1474,17
simulated,1475,19
simulated,1476,4
simulated,1477,5
simulated,1478,20
simulated,1479,3
simulated,1480,11
simulated,1481,2
simulated,1482,13
simulated,1483,16
simulated,1484,2
simulated,1485,12
simulated,1486,6
simulated,1487,2
simulated,1488,8
simulated,1489,20
simulated,1490,7
simulated,1491,13
simulated,1492,19
simulated,1493,1
simulated,1494,15
simulated,1495,3
simulated,1496,10
simulated,1497,6
simulated,1498,10
simulated,1499,19
simulated,1500,0
simulated,1501,2
simulated,1502,2
simulated,1503,12
simulated,1504,7
simulated,1505,16
simulated,1506,7
simulated,1507,4
simulated,1508,4
simulated,1509,13
simulated,1510,7
simulated,1511,6
simulated,1512,1
simulated,1513,4
simulated,1514,0
simulated,1515,10
simulated,1516,4
simulated,1517,14
simulated,1518,11
simulated,1519,4
simulated,1520,1
simulated,1521,4
simulated,1522,17
simulated,1523,6
simulated,1524,2
simulated,1525,17
simulated,1526,2
simulated,1527,20
simulated,1528,11
simulated,1529,20
simulated,1530,10
simulated,1531,0
simulated,1532,19
simulated,1533,9
simulated,1534,5
simulated,1535,1
simulated,1536,19
simulated,1537,12
simulated,1538,7
simulated,1539,11
simulated,1540,5
simulated,1541,1
simulated,1542,10
simulated,1543,20
simulated,1544,6
simulated,1545,6
simulated,1546,20
simulated,1547,11
simulated,1548,10
simulated,1549,3
simulated,1550,10
simulated,1551,3
simulated,1552,5
simulated,1553,10
simulated,1554,1
simulated,1555,4
simulated,1556,19
simulated,1557,2
simulated,1558,4
simulated,1559,11
simulated,1560,2
simulated,1561,5
simulated,1562,4
simulated,1563,11
simulated,1564,6
simulated,1565,12
simulated,1566,15
simulated,1567,3
simulated,1568,11
simulated,1569,5
simulated,1570,14
simulated,1571,17
simulated,1572,2
simulated,1573,13
simulated,1574,16
simulated,1575,20
simulated,1576,5
simulated,1577,6
simulated,1578,14
simulated,1579,13
simulated,1580,19
simulated,1581,4
simulated,1582,5
simulated,1583,2
simulated,1584,4
simulated,1585,3
simulated,1586,5
simulated,1587,1
simulated,1588,1
simulated,1589,10
simulated,1590,2
simulated,1591,3
simulated,1592,14
simulated,1593,11
simulated,1594,14
simulated,1595,15
simulated,1596,6
simulated,1597,20
simulated,1598,6
simulated,1599,20
simulated,1600,18
simulated,1601,18
simulated,1602,2
simulated,1603,10
simulated,1604,12
simulated,1605,7
simulated,1606,8
simulated,1607,1
simulated,1608,2
simulated,1609,18
simulated,1610,6
simulated,1611,16
simulated,1612,8
simulated,1613,1
simulated,1614,19
simulated,1615,15
simulated,1616,20
simulated,1617,12
simulated,1618,5
simulated,1619,15
simulated,1620,9
simulated,1621,7
simulated,1622,13
simulated,1623,6
simulated,1624,13
simulated,1625,14
simulated,1626,4
simulated,1627,4
simulated,1628,7
simulated,1629,10
simulated,1630,9
simulated,1631,18
simulated,1632,15
simulated,1633,20
simulated,1634,10
simulated,1635,1
simulated,1636,4
simulated,1637,14
simulated,1638,3
simulated,1639,20
simulated,1640,12
simulated,1641,5
simulated,1642,8
simulated,1643,16
simulated,1644,2
simulated,1645,6
simulated,1646,11
simulated,1647,13
simulated,1648,6
simulated,1649,9
simulated,1650,5
simulated,1651,10
simulated,1652,3
simulated,1653,9
simulated,1654,0
simulated,1655,4
simulated,1656,7
simulated,1657,10
simulated,1658,6
simulated,1659,14
simulated,1660,10
simulated,1661,13
simulated,1662,4
simulated,1663,4
simulated,1664,3
simulated,1665,7
simulated,1666,12
simulated,1667,16
simulated,1668,4
simulated,1669,19
simulated,1670,2
simulated,1671,14
simulated,1672,4
simulated,1673,10
simulated,1674,10
simulated,1675,15
simulated,1676,15
simulated,1677,10
simulated,1678,12
simulated,1679,6
simulated,1680,9
simulated,1681,9
simulated,1682,1
simulated,1683,4
simulated,1684,5
simulated,1685,1
simulated,1686,4
simulated,1687,6
simulated,1688,20
simulated,1689,15
simulated,1690,4
simulated,1691,5
simulated,1692,9
simulated,1693,14
simulated,1694,7
simulated,1695,19
simulated,1696,2
simulated,1697,4
simulated,1698,8
simulated,1699,12
simulated,1700,20
simulated,1701,15
simulated,1702,16
simulated,1703,1
simulated,1704,4
simulated,1705,20
simulated,1706,3
simulated,1707,18
simulated,1708,7
simulated,1709,3
simulated,1710,2
simulated,1711,12
simulated,1712,12
simulated,1713,19
simulated,1714,13
simulated,1715,8
simulated,1716,20
simulated,1717,4
simulated,1718,14
simulated,1719,8
simulated,1720,15
simulated,1721,13
simulated,1722,6
simulated,1723,4
simulated,1724,13
simulated,1725,5
simulated,1726,4
simulated,1727,7
simulated,1728,3
simulated,1729,11
simulated,1730,11
simulated,1731,9
simulated,1732,8
simulated,1733,13
simulated,1734,15
simulated,1735,5
simulated,1736,16
simulated,1737,8
simulated,1738,4
simulated,1739,3
simulated,1740,14
simulated,1741,16
simulated,1742,18
simulated,1743,9
simulated,1744,2
simulated,1745,7
simulated,1746,3
simulated,1747,7
simulated,1748,5
simulated,1749,16
simulated,1750,9
simulated,1751,8
simulated,1752,10
simulated,1753,1
simulated,1754,8
simulated,1755,14
simulated,1756,16
simulated,1757,9
simulated,1758,2
simulated,1759,3
simulated,1760,7
simulated,1761,11
simulated,1762,5
simulated,1763,2
simulated,1764,11
simulated,1765,12
simulated,1766,20
simulated,1767,11
simulated,1768,5
simulated,1769,1
simulated,1770,1
simulated,1771,3
simulated,1772,5
simulated,1773,13
simulated,1774,4
simulated,1775,7
simulated,1776,10
simulated,1777,6
simulated,1778,12
simulated,1779,5
simulated,1780,13
simulated,1781,16
simulated,1782,6
simulated,1783,7
simulated,1784,5
simulated,1785,12
simulated,1786,18
simulated,1787,0
simulated,1788,19
simulated,1789,9
simulated,1790,6
simulated,1791,9
simulated,1792,8
simulated,1793,20
simulated,1794,7
simulated,1795,4
simulated,1796,7
simulated,1797,5
simulated,1798,1
simulated,1799,2
simulated,1800,11
simulated,1801,10
simulated,1802,6
simulated,1803,5
simulated,1804,10
simulated,1805,2
simulated,1806,10
simulated,1807,6
simulated,1808,6
simulated,1809,16
simulated,1810,20
simulated,1811,2
simulated,1812,2
simulated,1813,13
simulated,1814,6
simulated,1815,10
simulated,1816,5
simulated,1817,14
simulated,1818,13
simulated,1819,0
simulated,1820,7
simulated,1821,0
simulated,1822,16
simulated,1823,13
simulated,1824,1
simulated,1825,1
simulated,1826,6
simulated,1827,6
simulated,1828,15
simulated,1829,0
simulated,1830,12
simulated,1831,6
simulated,1832,14
simulated,1833,13
simulated,1834,14
simulated,1835,15
simulated,1836,18
simulated,1837,11
simulated,1838,2
simulated,1839,5
simulated,1840,17
simulated,1841,4
simulated,1842,16
simulated,1843,20
simulated,1844,13
simulated,1845,20
simulated,1846,7
simulated,1847,5
simulated,1848,12
simulated,1849,5
simulated,1850,11
simulated,1851,19
simulated,1852,1
simulated,1853,20
simulated,1854,15
simulated,1855,14
simulated,1856,5
simulated,1857,2
simulated,1858,7
simulated,1859,10
simulated,1860,2
simulated,1861,13
simulated,1862,4
simulated,1863,6
simulated,1864,8
simulated,1865,15
simulated,1866,20
simulated,1867,5
simulated,1868,0
simulated,1869,7
simulated,1870,2
simulated,1871,18
simulated,1872,18
simulated,1873,4
simulated,1874,18
simulated,1875,5
simulated,1876,8
simulated,1877,5
simulated,1878,12
simulated,1879,7
simulated,1880,19
simulated,1881,1
simulated,1882,18
simulated,1883,17
simulated,1884,11
simulated,1885,5
simulated,1886,8
simulated,1887,6
simulated,1888,16
simulated,1889,10
simulated,1890,18
simulated,1891,18
simulated,1892,17
simulated,1893,15
simulated,1894,17
simulated,1895,14
simulated,1896,2
simulated,1897,12
simulated,1898,8
simulated,1899,7
simulated,1900,6
simulated,1901,17
simulated,1902,3
simulated,1903,7
simulated,1904,5
simulated,1905,1
simulated,1906,1
simulated,1907,0
simulated,1908,4
simulated,1909,5
simulated,1910,11
simulated,1911,6
simulated,1912,8
simulated,1913,3
simulated,1914,13
simulated,1915,3
simulated,1916,6
simulated,1917,2
simulated,1918,10
simulated,1919,20
simulated,1920,13
simulated,1921,5
simulated,1922,9
simulated,1923,6
simulated,1924,1
simulated,1925,7
simulated,1926,19
simulated,1927,16
simulated,1928,20
simulated,1929,16
simulated,1930,3
simulated,1931,4
simulated,1932,7
simulated,1933,20
simulated,1934,9
simulated,1935,5
simulated,1936,13
simulated,1937,11
simulated,1938,16
simulated,1939,1
simulated,1940,19
simulated,1941,5
simulated,1942,20
simulated,1943,8
simulated,1944,6
simulated,1945,20
simulated,1946,20
simulated,1947,13
simulated,1948,17
simulated,1949,11
simulated,1950,15
simulated,1951,15
simulated,1952,7
simulated,1953,10
simulated,1954,5
simulated,1955,20
simulated,1956,15
simulated,1957,10
simulated,1958,5
simulated,1959,6
simulated,1960,17
simulated,1961,20
simulated,1962,12
simulated,1963,5
simulated,1964,14
simulated,1965,7
simulated,1966,0
simulated,1967,13
simulated,1968,9
simulated,1969,4
simulated,1970,5
simulated,1971,12
simulated,1972,8
simulated,1973,3
simulated,1974,6
simulated,1975,8
simulated,1976,2
simulated,1977,5
simulated,1978,5
simulated,1979,12
simulated,1980,18
simulated,1981,1
simulated,1982,19
simulated,1983,5
simulated,1984,7
simulated,1985,2
simulated,1986,20
simulated,1987,0
simulated,1988,7
simulated,1989,17
simulated,1990,11
simulated,1991,0
simulated,1992,11
simulated,1993,14
simulated,1994,10
simulated,1995,2
simulated,1996,8
simulated,1997,12
simulated,1998,1
simulated,1999,9
simulated,2000,8
simulated,2001,20
simulated,2002,6
simulated,2003,7
simulated,2004,4
simulated,2005,7
simulated,2006,20
simulated,2007,18
simulated,2008,10
simulated,2009,9
simulated,2010,3
simulated,2011,14
simulated,2012,10
simulated,2013,1
simulated,2014,1
simulated,2015,7
simulated,2016,8
simulated,2017,14
simulated,2018,2
simulated,2019,8
simulated,2020,8
simulated,2021,12
simulated,2022,3
simulated,2023,1
simulated,2024,8
simulated,2025,19
simulated,2026,12
simulated,2027,3
simulated,2028,18
simulated,2029,3
simulated,2030,2
simulated,2031,16
simulated,2032,5
simulated,2033,8
simulated,2034,12
simulated,2035,2
simulated,2036,1
simulated,2037,19
simulated,2038,9
simulated,2039,18
simulated,2040,16
simulated,2041,1
simulated,2042,14
simulated,2043,14
simulated,2044,18
simulated,2045,3
simulated,2046,17
simulated,2047,20
simulated,2048,17
simulated,2049,3
simulated,2050,4
simulated,2051,1
simulated,2052,13
simulated,2053,18
simulated,2054,2
simulated,2055,19
simulated,2056,13
simulated,2057,7
simulated,2058,4
simulated,2059,12
simulated,2060,17
simulated,2061,10
simulated,2062,19
simulated,2063,4
simulated,2064,16
simulated,2065,2
simulated,2066,19
simulated,2067,9
simulated,2068,0
simulated,2069,15
simulated,2070,19
simulated,2071,2
simulated,2072,12
simulated,2073,19
simulated,2074,8
simulated,2075,14
simulated,2076,20
simulated,2077,14
simulated,2078,19
simulated,2079,19
simulated,2080,7
simulated,2081,13
simulated,2082,1
simulated,2083,13
simulated,2084,4
simulated,2085,16
simulated,2086,9
simulated,2087,11
simulated,2088,2
simulated,2089,7
simulated,2090,9
simulated,2091,11
simulated,2092,2
simulated,2093,1
simulated,2094,3
simulated,2095,13
simulated,2096,13
simulated,2097,14
simulated,2098,4
simulated,2099,10
simulated,2100,7
simulated,2101,8
simulated,2102,13
simulated,2103,8
simulated,2104,9
simulated,2105,10
simulated,2106,16
simulated,2107,1
simulated,2108,20
simulated,2109,17
simulated,2110,20
simulated,2111,19
simulated,2112,17
simulated,2113,7
simulated,2114,12
simulated,2115,2
simulated,2116,13
simulated,2117,4
simulated,2118,4
simulated,2119,17
simulated,2120,1
simulated,2121,16
simulated,2122,9
simulated,2123,1
simulated,2124,5
simulated,2125,3
simulated,2126,5
simulated,2127,15
simulated,2128,19
simulated,2129,2
simulated,2130,0
simulated,2131,12
simulated,2132,1
simulated,2133,18
simulated,2134,8
simulated,2135,5
simulated,2136,11
simulated,2137,6
simulated,2138,18
simulated,2139,10
simulated,2140,18
simulated,2141,1
simulated,2142,5
simulated,2143,9
simulated,2144,12
simulated,2145,15
simulated,2146,14
simulated,2147,5
simulated,2148,12
simulated,2149,17
simulated,2150,14
simulated,2151,14
simulated,2152,20
simulated,2153,9
simulated,2154,9
simulated,2155,3
simulated,2156,11
simulated,2157,15
simulated,2158,7
simulated,2159,7
simulated,2160,7
simulated,2161,20
simulated,2162,2
simulated,2163,5
simulated,2164,9
simulated,2165,8
simulated,2166,3
simulated,2167,11
simulated,2168,12
simulated,2169,0
simulated,2170,7
simulated,2171,11
simulated,2172,10
simulated,2173,10
simulated,2174,7
simulated,2175,16
simulated,2176,9
simulated,2177,16
simulated,2178,3
simulated,2179,19
simulated,2180,7
simulated,2181,17
simulated,2182,19
simulated,2183,9
simulated,2184,1
simulated,2185,4
simulated,2186,7
simulated,2187,1
simulated,2188,5
simulated,2189,14
simulated,2190,15
simulated,2191,13
simulated,2192,16
simulated,2193,6
simulated,2194,8
simulated,2195,15
simulated,2196,6
simulated,2197,1
simulated,2198,19
simulated,2199,15
simulated,2200,14
simulated,2201,1
simulated,2202,10
simulated,2203,6
simulated,2204,0
simulated,2205,18
simulated,2206,7
simulated,2207,17
simulated,2208,17
simulated,2209,11
simulated,2210,5
simulated,2211,15
simulated,2212,20
simulated,2213,15
simulated,2214,11
simulated,2215,17
simulated,2216,5
simulated,2217,18
simulated,2218,11
simulated,2219,18
simulated,2220,1
simulated,2221,2
simulated,2222,5
simulated,2223,6
simulated,2224,4
simulated,2225,8
simulated,2226,16
simulated,2227,5
simulated,2228,17
simulated,2229,20
simulated,2230,9
simulated,2231,16
simulated,2232,11
simulated,2233,4
simulated,2234,9
simulated,2235,12
simulated,2236,7
simulated,2237,15
simulated,2238,6
simulated,2239,9
simulated,2240,10
simulated,2241,11
simulated,2242,8
simulated,2243,6
simulated,2244,14
simulated,2245,5
simulated,2246,3
simulated,2247,3
simulated,2248,2
simulated,2249,7
simulated,2250,19
simulated,2251,3
simulated,2252,20
simulated,2253,9
simulated,2254,4
simulated,2255,6
simulated,2256,5
simulated,2257,8
simulated,2258,7
simulated,2259,8
simulated,2260,2
simulated,2261,12
simulated,2262,15
simulated,2263,2
simulated,2264,19
simulated,2265,4
simulated,2266,8
simulated,2267,16
simulated,2268,17
simulated,2269,16
simulated,2270,16
simulated,2271,5
simulated,2272,1
simulated,2273,12
simulated,2274,17
simulated,2275,3
simulated,2276,5
simulated,2277,5
simulated,2278,18
simulated,2279,1
simulated,2280,18
simulated,2281,9
simulated,2282,18
simulated,2283,4
simulated,2284,16
simulated,2285,14
simulated,2286,2
simulated,2287,4
simulated,2288,1
simulated,2289,3
simulated,2290,9
simulated,2291,12
simulated,2292,20
simulated,2293,3
simulated,2294,7
simulated,2295,6
simulated,2296,19
simulated,2297,17
simulated,2298,3
simulated,2299,2
simulated,2300,8
simulated,2301,3
simulated,2302,9
simulated,2303,9
simulated,2304,10
simulated,2305,3
simulated,2306,16
simulated,2307,10
simulated,2308,1
simulated,2309,4
simulated,2310,16
simulated,2311,18
simulated,2312,6
simulated,2313,14
simulated,2314,10
simulated,2315,11
simulated,2316,7
simulated,2317,11
simulated,2318,4
simulated,2319,3
simulated,2320,16
simulated,2321,3
simulated,2322,9
simulated,2323,6
simulated,2324,2
simulated,2325,18
simulated,2326,19
simulated,2327,6
simulated,2328,7
simulated,2329,16
simulated,2330,13
simulated,2331,18
simulated,2332,9
simulated,2333,3
simulated,2334,19
simulated,2335,6
simulated,2336,15
simulated,2337,9
simulated,2338,20
simulated,2339,4
simulated,2340,5
simulated,2341,4
simulated,2342,9
simulated,2343,3
simulated,2344,17
simulated,2345,7
simulated,2346,4
simulated,2347,20
simulated,2348,3
simulated,2349,7
simulated,2350,15
simulated,2351,12
simulated,2352,17
simulated,2353,4
simulated,2354,13
simulated,2355,6
simulated,2356,16
simulated,2357,2
simulated,2358,7
simulated,2359,9
simulated,2360,18
simulated,2361,14
simulated,2362,14
simulated,2363,3
simulated,2364,13
simulated,2365,1
simulated,2366,3
simulated,2367,2
simulated,2368,15
simulated,2369,4
simulated,2370,9
simulated,2371,8
simulated,2372,19
simulated,2373,1
simulated,2374,7
simulated,2375,19
simulated,2376,6
simulated,2377,5
simulated,2378,7
simulated,2379,3
simulated,2380,10
simulated,2381,18
simulated,2382,7
simulated,2383,14
simulated,2384,5
simulated,2385,19
simulated,2386,20
simulated,2387,7
simulated,2388,6
simulated,2389,15
simulated,2390,3
simulated,2391,5
simulated,2392,15
simulated,2393,5
simulated,2394,15
simulated,2395,7
simulated,2396,5
simulated,2397,14
simulated,2398,1
simulated,2399,4
simulated,2400,4
simulated,2401,11
simulated,2402,13
simulated,2403,20
simulated,2404,4
simulated,2405,20
simulated,2406,5
simulated,2407,15
simulated,2408,4
simulated,2409,15
simulated,2410,3
simulated,2411,4
simulated,2412,20
simulated,2413,20
simulated,2414,7
simulated,2415,20
simulated,2416,7
simulated,2417,0
simulated,2418,2
simulated,2419,17
simulated,2420,3
simulated,2421,16
simulated,2422,5
simulated,2423,2
simulated,2424,3
simulated,2425,3
simulated,2426,1
simulated,2427,14
simulated,2428,19
simulated,2429,20
simulated,2430,5
simulated,2431,14
simulated,2432,13
simulated,2433,19
simulated,2434,6
simulated,2435,6
simulated,2436,7
simulated,2437,12
simulated,2438,11
simulated,2439,3
simulated,2440,12
simulated,2441,19
simulated,2442,4
simulated,2443,15
simulated,2444,17
simulated,2445,1
simulated,2446,14
simulated,2447,20
simulated,2448,9
simulated,2449,13
simulated,2450,9
simulated,2451,20
simulated,2452,1
simulated,2453,2
simulated,2454,8
simulated,2455,12
simulated,2456,1
simulated,2457,0
simulated,2458,6
simulated,2459,13
simulated,2460,9
simulated,2461,2
simulated,2462,18
simulated,2463,4
simulated,2464,3
simulated,2465,5
simulated,2466,20
simulated,2467,8
simulated,2468,20
simulated,2469,8
simulated,2470,6
simulated,2471,8
simulated,2472,1
simulated,2473,8
simulated,2474,18
simulated,2475,4
simulated,2476,7
simulated,2477,9
simulated,2478,20
simulated,2479,19
simulated,2480,7
simulated,2481,4
simulated,2482,20
simulated,2483,1
simulated,2484,3
simulated,2485,2
simulated,2486,18
simulated,2487,16
simulated,2488,5
simulated,2489,13
simulated,2490,17
simulated,2491,12
simulated,2492,7
simulated,2493,1
simulated,2494,8
simulated,2495,5
simulated,2496,19
simulated,2497,13
simulated,2498,0
simulated,2499,14
simulated,2500,12
simulated,2501,10
simulated,2502,2
simulated,2503,17
simulated,2504,17
simulated,2505,4
simulated,2506,18
simulated,2507,19
simulated,2508,14
simulated,2509,1
simulated,2510,4
simulated,2511,19
simulated,2512,0
simulated,2513,18
simulated,2514,9
simulated,2515,7
simulated,2516,17
simulated,2517,12
simulated,2518,14
simulated,2519,10
simulated,2520,2
simulated,2521,5
simulated,2522,11
simulated,2523,15
simulated,2524,6
simulated,2525,10
simulated,2526,7
simulated,2527,7
simulated,2528,16
simulated,2529,2
simulated,2530,10
simulated,2531,3
simulated,2532,3
simulated,2533,13
simulated,2534,12
simulated,2535,14
simulated,2536,9
simulated,2537,4
simulated,2538,13
simulated,2539,4
simulated,2540,7
simulated,2541,19
simulated,2542,12
simulated,2543,3
simulated,2544,8
simulated,2545,13
simulated,2546,15
simulated,2547,13
simulated,2548,7
simulated,2549,5
simulated,2550,20
simulated,2551,6
simulated,2552,16
simulated,2553,2
simulated,2554,15
simulated,2555,3
simulated,2556,15
simulated,2557,3
simulated,2558,2
simulated,2559,7
simulated,2560,6
simulated,2561,14
simulated,2562,1
simulated,2563,4
simulated,2564,10
simulated,2565,14
simulated,2566,3
simulated,2567,5
simulated,2568,19
simulated,2569,13
simulated,2570,5
simulated,2571,1
simulated,2572,5
simulated,2573,14
simulated,2574,19
simulated,2575,6
simulated,2576,1
simulated,2577,1
simulated,2578,5
simulated,2579,11
simulated,2580,19
simulated,2581,0
simulated,2582,6
simulated,2583,0
simulated,2584,9
simulated,2585,9
simulated,2586,8
simulated,2587,19
simulated,2588,4
simulated,2589,7
simulated,2590,3
simulated,2591,15
simulated,2592,6
simulated,2593,1
simulated,2594,10
simulated,2595,5
simulated,2596,5
simulated,2597,2
simulated,2598,16
simulated,2599,4
simulated,2600,9
simulated,2601,1
simulated,2602,7
simulated,2603,1
simulated,2604,18
simulated,2605,16
simulated,2606,16
simulated,2607,19
simulated,2608,8
simulated,2609,1
simulated,2610,11
simulated,2611,3
simulated,2612,2
simulated,2613,0
simulated,2614,7
simulated,2615,12
simulated,2616,12
simulated,2617,5
simulated,2618,17
simulated,2619,19
simulated,2620,12
simulated,2621,13
simulated,2622,15
simulated,2623,4
simulated,2624,3
simulated,2625,16
simulated,2626,16
simulated,2627,16
simulated,2628,4
simulated,2629,3
simulated,2630,11
simulated,2631,5
simulated,2632,11
simulated,2633,3
simulated,2634,1
simulated,2635,19
simulated,2636,2
simulated,2637,4
simulated,2638,8
simulated,2639,20
simulated,2640,2
simulated,2641,2
simulated,2642,9
simulated,2643,5
simulated,2644,17
simulated,2645,7
simulated,2646,0
simulated,2647,1
simulated,2648,15
simulated,2649,3
simulated,2650,17
simulated,2651,16
simulated,2652,7
simulated,2653,5
simulated,2654,9
simulated,2655,1
simulated,2656,10
simulated,2657,17
simulated,2658,9
simulated,2659,4
simulated,2660,18
simulated,2661,17
simulated,2662,7
simulated,2663,14
simulated,2664,15
simulated,2665,0
simulated,2666,19
simulated,2667,4
simulated,2668,18
simulated,2669,16
simulated,2670,15
simulated,2671,7
simulated,2672,19
simulated,2673,9
simulated,2674,16
simulated,2675,5
simulated,2676,4
simulated,2677,8
simulated,2678,6
simulated,2679,3
simulated,2680,11
simulated,2681,18
simulated,2682,14
simulated,2683,4
simulated,2684,5
simulated,2685,2
simulated,2686,11
simulated,2687,3
simulated,2688,19
simulated,2689,6
simulated,2690,4
simulated,2691,3
simulated,2692,10
simulated,2693,7
simulated,2694,12
simulated,2695,10
simulated,2696,17
simulated,2697,0
simulated,2698,7
simulated,2699,1
simulated,2700,19
simulated,2701,2
simulated,2702,12
simulated,2703,1
simulated,2704,6
simulated,2705,18
simulated,2706,9
simulated,2707,3
simulated,2708,14
simulated,2709,12
simulated,2710,11
simulated,2711,4
simulated,2712,5
simulated,2713,15
simulated,2714,19
simulated,2715,16
simulated,2716,3
simulated,2717,3
simulated,2718,9
simulated,2719,20
simulated,2720,18
simulated,2721,15
simulated,2722,4
simulated,2723,1
simulated,2724,5
simulated,2725,10
simulated,2726,20
simulated,2727,2
simulated,2728,13
simulated,2729,6
simulated,2730,20
simulated,2731,10
simulated,2732,5
simulated,2733,3
simulated,2734,15
simulated,2735,7
simulated,2736,14
simulated,2737,12
simulated,2738,5
simulated,2739,20
simulated,2740,16
simulated,2741,15
simulated,2742,16
simulated,2743,10
simulated,2744,11
simulated,2745,9
simulated,2746,3
simulated,2747,5
simulated,2748,10
simulated,2749,4
simulated,2750,20
simulated,2751,5
simulated,2752,20
simulated,2753,12
simulated,2754,6
simulated,2755,13
simulated,2756,15
simulated,2757,4
simulated,2758,14
simulated,2759,6
simulated,2760,16
simulated,2761,2
simulated,2762,12
simulated,2763,12
simulated,2764,8
simulated,2765,8
simulated,2766,1
simulated,2767,19
simulated,2768,5
simulated,2769,8
simulated,2770,19
simulated,2771,8
simulated,2772,20
simulated,2773,9
simulated,2774,0
simulated,2775,9
simulated,2776,8
simulated,2777,13
simulated,2778,12
simulated,2779,4
simulated,2780,1
simulated,2781,8
simulated,2782,18
simulated,2783,3
simulated,2784,17
simulated,2785,1
simulated,2786,8
simulated,2787,4
simulated,2788,1
simulated,2789,6
simulated,2790,20
simulated,2791,6
simulated,2792,7
simulated,2793,15
simulated,2794,17
simulated,2795,17
simulated,2796,18
simulated,2797,9
simulated,2798,16
simulated,2799,9
simulated,2800,2
simulated,2801,3
simulated,2802,3
simulated,2803,9
simulated,2804,18
simulated,2805,6
simulated,2806,6
simulated,2807,5
simulated,2808,2
simulated,2809,10
simulated,2810,14
simulated,2811,9
simulated,2812,1
simulated,2813,9
simulated,2814,13
simulated,2815,13
simulated,2816,19
simulated,2817,13
simulated,2818,4
simulated,2819,5
simulated,2820,11
simulated,2821,14
simulated,2822,4
simulated,2823,13
simulated,2824,8
simulated,2825,11
simulated,2826,15
simulated,2827,6
simulated,2828,13
simulated,2829,2
simulated,2830,11
simulated,2831,1
simulated,2832,5
simulated,2833,19
simulated,2834,20
simulated,2835,12
simulated,2836,13
simulated,2837,4
simulated,2838,6
simulated,2839,10
simulated,2840,7
simulated,2841,1
simulated,2842,15
simulated,2843,3
simulated,2844,5
simulated,2845,4
simulated,2846,4
simulated,2847,14
simulated,2848,8
simulated,2849,6
simulated,2850,5
simulated,2851,17
simulated,2852,20
simulated,2853,19
simulated,2854,10
simulated,2855,15
simulated,2856,5
simulated,2857,15
simulated,2858,10
simulated,2859,16
simulated,2860,5
simulated,2861,1
simulated,2862,4
simulated,2863,9
simulated,2864,0
simulated,2865,7
simulated,2866,1
simulated,2867,9
simulated,2868,13
simulated,2869,17
simulated,2870,17
simulated,2871,4
simulated,2872,19
simulated,2873,5
simulated,2874,14
simulated,2875,12
simulated,2876,17
simulated,2877,17
simulated,2878,3
simulated,2879,12
simulated,2880,6
simulated,2881,19
simulated,2882,5
simulated,2883,7
simulated,2884,15
simulated,2885,19
simulated,2886,10
simulated,2887,13
simulated,2888,9
simulated,2889,1
simulated,2890,4
simulated,2891,19
simulated,2892,15
simulated,2893,7
simulated,2894,7
simulated,2895,7
simulated,2896,13
simulated,2897,5
simulated,2898,2
simulated,2899,4
simulated,2900,12
simulated,2901,10
simulated,2902,4
simulated,2903,11
simulated,2904,14
simulated,2905,6
simulated,2906,2
simulated,2907,2
simulated,2908,18
simulated,2909,17
simulated,2910,3
simulated,2911,8
simulated,2912,11
simulated,2913,13
simulated,2914,19
simulated,2915,8
simulated,2916,17
simulated,2917,12
simulated,2918,5
simulated,2919,15
simulated,2920,17
simulated,2921,18
simulated,2922,6
simulated,2923,1
simulated,2924,1
simulated,2925,18
simulated,2926,3
simulated,2927,13
simulated,2928,11
simulated,2929,9
simulated,2930,16
simulated,2931,6
simulated,2932,2
simulated,2933,13
simulated,2934,15
simulated,2935,4
simulated,2936,11
simulated,2937,17
simulated,2938,20
simulated,2939,19
simulated,2940,6
simulated,2941,19
simulated,2942,13
simulated,2943,0
simulated,2944,7
simulated,2945,11
simulated,2946,15
simulated,2947,9
simulated,2948,8
simulated,2949,5
simulated,2950,20
simulated,2951,6
simulated,2952,7
simulated,2953,7
simulated,2954,1
simulated,2955,6
simulated,2956,2
simulated,2957,13
simulated,2958,7
simulated,2959,3
simulated,2960,2
simulated,2961,6
simulated,2962,15
simulated,2963,2
simulated,2964,7
simulated,2965,13
simulated,2966,10
simulated,2967,12
simulated,2968,11
simulated,2969,7
simulated,2970,4
simulated,2971,6
simulated,2972,19
simulated,2973,16
simulated,2974,0
simulated,2975,20
simulated,2976,7
simulated,2977,14
simulated,2978,17
simulated,2979,20
simulated,2980,3
simulated,2981,13
simulated,2982,11
simulated,2983,5
simulated,2984,4
simulated,2985,2
simulated,2986,4
simulated,2987,6
simulated,2988,4
simulated,2989,16
simulated,2990,9
simulated,2991,17
simulated,2992,15
simulated,2993,16
simulated,2994,0
simulated,2995,20
simulated,2996,5
simulated,2997,15
simulated,2998,6
simulated,2999,8
simulated,3000,3
simulated,3001,11
simulated,3002,12
simulated,3003,11
simulated,3004,2
simulated,3005,10
simulated,3006,19
simulated,3007,2
simulated,3008,10
simulated,3009,14
simulated,3010,9
simulated,3011,16
simulated,3012,10
simulated,3013,9
simulated,3014,2
simulated,3015,4
simulated,3016,4
simulated,3017,3
simulated,3018,19
simulated,3019,15
simulated,3020,2
simulated,3021,10
simulated,3022,15
simulated,3023,12
simulated,3024,6
simulated,3025,18
simulated,3026,2
simulated,3027,18
simulated,3028,17
simulated,3029,17
simulated,3030,20
simulated,3031,2
simulated,3032,9
simulated,3033,4
simulated,3034,8
simulated,3035,3
simulated,3036,14
simulated,3037,14
simulated,3038,1
simulated,3039,20
simulated,3040,11
simulated,3041,12
simulated,3042,2
simulated,3043,13
simulated,3044,15
simulated,3045,11
simulated,3046,20
simulated,3047,7
simulated,3048,17
simulated,3049,14
simulated,3050,6
simulated,3051,1
simulated,3052,7
simulated,3053,2
simulated,3054,3
simulated,3055,16
simulated,3056,12
simulated,3057,19
simulated,3058,12
simulated,3059,10
simulated,3060,16
simulated,3061,3
simulated,3062,16
simulated,3063,7
simulated,3064,16
simulated,3065,15
simulated,3066,2
simulated,3067,8
simulated,3068,0
simulated,3069,8
simulated,3070,2
simulated,3071,0
simulated,3072,9
simulated,3073,3
simulated,3074,4
simulated,3075,4
simulated,3076,8
simulated,3077,3
simulated,3078,14
simulated,3079,2
simulated,3080,10
simulated,3081,13
simulated,3082,3
simulated,3083,16
simulated,3084,7
simulated,3085,9
simulated,3086,3
simulated,3087,9
simulated,3088,2
simulated,3089,7
simulated,3090,7
simulated,3091,6
simulated,3092,7
simulated,3093,5
simulated,3094,3
simulated,3095,6
simulated,3096,9
simulated,3097,6
simulated,3098,6
simulated,3099,8
simulated,3100,8
simulated,3101,12
simulated,3102,1
simulated,3103,5
simulated,3104,8
simulated,3105,0
simulated,3106,3
simulated,3107,18
simulated,3108,2
simulated,3109,2
simulated,3110,2
simulated,3111,18
simulated,3112,6
simulated,3113,5
simulated,3114,3
simulated,3115,12
simulated,3116,3
simulated,3117,8
simulated,3118,3
simulated,3119,6
simulated,3120,19
simulated,3121,4
simulated,3122,3
simulated,3123,20
simulated,3124,11
simulated,3125,16
simulated,3126,20
simulated,3127,11
simulated,3128,20
simulated,3129,18
simulated,3130,2
simulated,3131,7
simulated,3132,6
simulated,3133,5
simulated,3134,6
simulated,3135,18
simulated,3136,16
simulated,3137,12
simulated,3138,9
simulated,3139,19
simulated,3140,4
simulated,3141,17
simulated,3142,18
simulated,3143,16
simulated,3144,10
simulated,3145,20
simulated,3146,15
simulated,3147,19
simulated,3148,17
simulated,3149,8
simulated,3150,16
simulated,3151,0
simulated,3152,18
simulated,3153,8
simulated,3154,16
simulated,3155,3
simulated,3156,10
simulated,3157,11
simulated,3158,1
simulated,3159,5
simulated,3160,4
simulated,3161,2
simulated,3162,16
simulated,3163,19
simulated,3164,18
simulated,3165,0
simulated,3166,12
simulated,3167,3
simulated,3168,17
simulated,3169,19
simulated,3170,5
simulated,3171,2
simulated,3172,20
simulated,3173,14
simulated,3174,5
simulated,3175,18
simulated,3176,7
simulated,3177,6
simulated,3178,4
simulated,3179,7
simulated,3180,2
simulated,3181,4
simulated,3182,14
simulated,3183,18
simulated,3184,6
simulated,3185,18
simulated,3186,20
simulated,3187,18
simulated,3188,7
simulated,3189,15
simulated,3190,10
simulated,3191,6
simulated,3192,3
simulated,3193,16
simulated,3194,16
simulated,3195,8
simulated,3196,10
simulated,3197,20
simulated,3198,6
simulated,3199,17
simulated,3200,7
simulated,3201,18
simulated,3202,13
simulated,3203,20
simulated,3204,7
simulated,3205,8
simulated,3206,10
simulated,3207,20
simulated,3208,12
simulated,3209,8
simulated,3210,16
simulated,3211,17
simulated,3212,7
simulated,3213,17
simulated,3214,1
simulated,3215,2
simulated,3216,16
simulated,3217,5
simulated,3218,5
simulated,3219,8
simulated,3220,15
simulated,3221,1
simulated,3222,3
simulated,3223,1
simulated,3224,4
simulated,3225,3
simulated,3226,10
simulated,3227,7
simulated,3228,16
simulated,3229,20
simulated,3230,11
simulated,3231,0
simulated,3232,8
simulated,3233,8
simulated,3234,9
simulated,3235,1
simulated,3236,8
simulated,3237,19
simulated,3238,13
simulated,3239,20
simulated,3240,5
simulated,3241,6
simulated,3242,4
simulated,3243,1
simulated,3244,2
simulated,3245,3
simulated,3246,9
simulated,3247,1
simulated,3248,10
simulated,3249,6
simulated,3250,4
simulated,3251,1
simulated,3252,12
simulated,3253,8
simulated,3254,12
simulated,3255,11
simulated,3256,5
simulated,3257,17
simulated,3258,13
simulated,3259,6
simulated,3260,8
simulated,3261,17
simulated,3262,7
simulated,3263,7
simulated,3264,11
simulated,3265,15
simulated,3266,6
simulated,3267,17
simulated,3268,3
simulated,3269,19
simulated,3270,1
simulated,3271,10
simulated,3272,15
simulated,3273,4
simulated,3274,5
simulated,3275,5
simulated,3276,8
simulated,3277,20
simulated,3278,2
simulated,3279,16
simulated,3280,5
simulated,3281,6
simulated,3282,14
simulated,3283,13
simulated,3284,19
simulated,3285,9
simulated,3286,5
simulated,3287,8
simulated,3288,6
simulated,3289,14
simulated,3290,10
simulated,3291,3
simulated,3292,9
simulated,3293,5
simulated,3294,16
simulated,3295,12
simulated,3296,20
simulated,3297,12
simulated,3298,20
simulated,3299,16
simulated,3300,11
simulated,3301,2
simulated,3302,6
simulated,3303,19
simulated,3304,4
simulated,3305,6
simulated,3306,15
simulated,3307,6
simulated,3308,1
simulated,3309,8
simulated,3310,7
simulated,3311,2
simulated,3312,10
simulated,3313,4
simulated,3314,3
simulated,3315,2
simulated,3316,1
simulated,3317,7
simulated,3318,1
simulated,3319,15
simulated,3320,4
simulated,3321,9
simulated,3322,4
simulated,3323,14
simulated,3324,8
simulated,3325,5
simulated,3326,9
simulated,3327,12
simulated,3328,18
simulated,3329,4
simulated,3330,6
simulated,3331,11
simulated,3332,10
simulated,3333,15
simulated,3334,5
simulated,3335,14
simulated,3336,11
simulated,3337,4
simulated,3338,4
simulated,3339,2
simulated,3340,5
simulated,3341,4
simulated,3342,11
simulated,3343,11
simulated,3344,9
simulated,3345,1
simulated,3346,7
simulated,3347,20
simulated,3348,18
simulated,3349,12
simulated,3350,10
simulated,3351,16
simulated,3352,6
simulated,3353,1
simulated,3354,19
simulated,3355,2
simulated,3356,5
simulated,3357,13
simulated,3358,20
simulated,3359,8
simulated,3360,16
simulated,3361,11
simulated,3362,6
simulated,3363,4
simulated,3364,19
simulated,3365,17
simulated,3366,1
simulated,3367,19
simulated,3368,7
simulated,3369,15
simulated,3370,4
simulated,3371,16
simulated,3372,20
simulated,3373,6
simulated,3374,9
simulated,3375,15
simulated,3376,15
simulated,3377,2
simulated,3378,14
simulated,3379,2
simulated,3380,10
simulated,3381,3
simulated,3382,10
simulated,3383,16
simulated,3384,20
simulated,3385,19
simulated,3386,15
simulated,3387,11
simulated,3388,11
simulated,3389,8
simulated,3390,11
simulated,3391,9
simulated,3392,20
simulated,3393,3
simulated,3394,8
simulated,3395,0
simulated,3396,14
simulated,3397,10
simulated,3398,6
simulated,3399,6
simulated,3400,6
simulated,3401,13
simulated,3402,14
simulated,3403,18
simulated,3404,1
simulated,3405,2
simulated,3406,4
simulated,3407,4
simulated,3408,8
simulated,3409,7
simulated,3410,17
simulated,3411,14
simulated,3412,2
simulated,3413,2
simulated,3414,4
simulated,3415,19
simulated,3416,19
simulated,3417,7
simulated,3418,16
simulated,3419,5
simulated,3420,10
simulated,3421,9
simulated,3422,11
simulated,3423,11
simulated,3424,12
simulated,3425,4
simulated,3426,6
simulated,3427,2
simulated,3428,11
simulated,3429,15
simulated,3430,7
simulated,3431,2
simulated,3432,6
simulated,3433,4
simulated,3434,5
simulated,3435,3
simulated,3436,7
simulated,3437,19
simulated,3438,17
simulated,3439,17
simulated,3440,5
simulated,3441,12
simulated,3442,5
simulated,3443,0
simulated,3444,10
simulated,3445,13
simulated,3446,3
simulated,3447,10
simulated,3448,12
simulated,3449,2
simulated,3450,11
simulated,3451,4
simulated,3452,9
simulated,3453,17
simulated,3454,5
simulated,3455,7
simulated,3456,14
simulated,3457,8
simulated,3458,11
simulated,3459,11
simulated,3460,2
simulated,3461,5
simulated,3462,14
simulated,3463,5
simulated,3464,9
simulated,3465,6
simulated,3466,8
simulated,3467,3
simulated,3468,2
simulated,3469,0
simulated,3470,8
simulated,3471,3
simulated,3472,11
simulated,3473,17
simulated,3474,11
simulated,3475,2
simulated,3476,12
simulated,3477,1
simulated,3478,3
simulated,3479,15
simulated,3480,17
simulated,3481,7
simulated,3482,5
simulated,3483,8
simulated,3484,1
simulated,3485,18
simulated,3486,17
simulated,3487,2
simulated,3488,19
simulated,3489,18
simulated,3490,6
simulated,3491,2
simulated,3492,20
simulated,3493,3
simulated,3494,11
simulated,3495,3
simulated,3496,6
simulated,3497,3
simulated,3498,3
simulated,3499,9
simulated,3500,9
simulated,3501,6
simulated,3502,11
simulated,3503,9
simulated,3504,19
simulated,3505,16
simulated,3506,5
simulated,3507,2
simulated,3508,2
simulated,3509,17
simulated,3510,1
simulated,3511,9
simulated,3512,13
simulated,3513,9
simulated,3514,20
simulated,3515,5
simulated,3516,1
simulated,3517,6
simulated,3518,4
simulated,3519,6
simulated,3520,18
simulated,3521,9
simulated,3522,9
simulated,3523,3
simulated,3524,16
simulated,3525,2
simulated,3526,17
simulated,3527,11
simulated,3528,2
simulated,3529,12
simulated,3530,12
simulated,3531,3
simulated,3532,19
simulated,3533,1
simulated,3534,8
simulated,3535,6
simulated,3536,14
simulated,3537,8
simulated,3538,5
simulated,3539,9
simulated,3540,8
simulated,3541,1
simulated,3542,15
simulated,3543,0
simulated,3544,1
simulated,3545,9
simulated,3546,7
simulated,3547,5
simulated,3548,12
simulated,3549,6
simulated,3550,9
simulated,3551,3
simulated,3552,3
simulated,3553,9
simulated,3554,17
simulated,3555,3
simulated,3556,11
simulated,3557,19
simulated,3558,4
simulated,3559,20
simulated,3560,8
simulated,3561,15
simulated,3562,15
simulated,3563,9
simulated,3564,5
simulated,3565,11
simulated,3566,16
simulated,3567,4
simulated,3568,1
simulated,3569,17
simulated,3570,15
simulated,3571,18
simulated,3572,5
simulated,3573,16
simulated,3574,7
simulated,3575,2
simulated,3576,9
simulated,3577,8
simulated,3578,20
simulated,3579,3
simulated,3580,9
simulated,3581,14
simulated,3582,9
simulated,3583,19
simulated,3584,5
simulated,3585,15
simulated,3586,3
simulated,3587,5
simulated,3588,1
simulated,3589,7
simulated,3590,7
simulated,3591,20
simulated,3592,6
simulated,3593,19
simulated,3594,15
simulated,3595,16
simulated,3596,2
simulated,3597,13
simulated,3598,5
simulated,3599,5
simulated,3600,3
simulated,3601,7
simulated,3602,7
simulated,3603,17
simulated,3604,7
simulated,3605,20
simulated,3606,6
simulated,3607,8
simulated,3608,6
simulated,3609,2
simulated,3610,4
simulated,3611,9
simulated,3612,6
simulated,3613,17
simulated,3614,13
simulated,3615,6
simulated,3616,5
simulated,3617,7
simulated,3618,10
simulated,3619,17
simulated,3620,14
simulated,3621,18
simulated,3622,5
simulated,3623,17
simulated,3624,3
simulated,3625,8
simulated,3626,4
simulated,3627,11
simulated,3628,10
simulated,3629,19
simulated,3630,10
simulated,3631,1
simulated,3632,20
simulated,3633,1
simulated,3634,1
simulated,3635,16
simulated,3636,11
simulated,3637,6
simulated,3638,1
simulated,3639,16
simulated,3640,7
simulated,3641,19
simulated,3642,4
simulated,3643,9
simulated,3644,3
simulated,3645,6
simulated,3646,6
simulated,3647,8
simulated,3648,2
simulated,3649,2
simulated,3650,11
simulated,3651,3
simulated,3652,1
simulated,3653,17
simulated,3654,16
simulated,3655,2
simulated,3656,6
simulated,3657,6
simulated,3658,19
simulated,3659,11
simulated,3660,6
simulated,3661,0
simulated,3662,11
simulated,3663,2
simulated,3664,4
simulated,3665,3
simulated,3666,1
simulated,3667,0
simulated,3668,2
simulated,3669,10
simulated,3670,2
simulated,3671,3
simulated,3672,10
simulated,3673,7
simulated,3674,2
simulated,3675,10
simulated,3676,2
simulated,3677,11
simulated,3678,5
simulated,3679,8
simulated,3680,1
simulated,3681,5
simulated,3682,13
simulated,3683,10
simulated,3684,6
simulated,3685,17
simulated,3686,18
simulated,3687,14
simulated,3688,10
simulated,3689,4
simulated,3690,15
simulated,3691,4
simulated,3692,13
simulated,3693,4
simulated,3694,19
simulated,3695,10
simulated,3696,10
simulated,3697,2
simulated,3698,2
simulated,3699,12
simulated,3700,16
simulated,3701,4
simulated,3702,3
simulated,3703,13
simulated,3704,17
simulated,3705,3
simulated,3706,16
simulated,3707,1
simulated,3708,18
simulated,3709,3
simulated,3710,4
simulated,3711,9
simulated,3712,9
simulated,3713,5
simulated,3714,2
simulated,3715,11
simulated,3716,20
simulated,3717,13
simulated,3718,5
simulated,3719,11
simulated,3720,1
simulated,3721,19
simulated,3722,7
simulated,3723,20
simulated,3724,16
simulated,3725,20
simulated,3726,3
simulated,3727,3
simulated,3728,0
simulated,3729,15
simulated,3730,10
simulated,3731,16
simulated,3732,16
simulated,3733,2
simulated,3734,9
simulated,3735,11
simulated,3736,5
simulated,3737,5
simulated,3738,5
simulated,3739,0
simulated,3740,1
simulated,3741,4
simulated,3742,16
simulated,3743,9
simulated,3744,7
simulated,3745,10
simulated,3746,18
simulated,3747,6
simulated,3748,0
simulated,3749,4
simulated,3750,7
simulated,3751,2
simulated,3752,6
simulated,3753,12
simulated,3754,10
simulated,3755,16
simulated,3756,7
simulated,3757,14
simulated,3758,5
simulated,3759,18
simulated,3760,3
simulated,3761,8
simulated,3762,2
simulated,3763,2
simulated,3764,9
simulated,3765,7
simulated,3766,14
simulated,3767,1
simulated,3768,13
simulated,3769,6
simulated,3770,1
simulated,3771,2
simulated,3772,4
simulated,3773,16
simulated,3774,8
simulated,3775,16
simulated,3776,7
simulated,3777,2
simulated,3778,6
simulated,3779,9
simulated,3780,11
simulated,3781,2
simulated,3782,20
simulated,3783,1
simulated,3784,18
simulated,3785,18
simulated,3786,12
simulated,3787,9
simulated,3788,10
simulated,3789,13
simulated,3790,13
simulated,3791,1
simulated,3792,19
simulated,3793,20
simulated,3794,3
simulated,3795,8
simulated,3796,3
simulated,3797,6
simulated,3798,7
simulated,3799,14
simulated,3800,2
simulated,3801,7
simulated,3802,14
simulated,3803,6
simulated,3804,3
simulated,3805,16
simulated,3806,5
simulated,3807,4
simulated,3808,5
simulated,3809,16
simulated,3810,9
simulated,3811,15
simulated,3812,20
simulated,3813,15
simulated,3814,14
simulated,3815,10
simulated,3816,3
simulated,3817,15
simulated,3818,18
simulated,3819,2
simulated,3820,4
simulated,3821,2
simulated,3822,1
simulated,3823,15
simulated,3824,15
simulated,3825,9
simulated,3826,4
simulated,3827,7
simulated,3828,13
simulated,3829,2
simulated,3830,15
simulated,3831,7
simulated,3832,1
simulated,3833,0
simulated,3834,1
simulated,3835,16
simulated,3836,13
simulated,3837,13
simulated,3838,1
simulated,3839,6
simulated,3840,10
simulated,3841,2
simulated,3842,2
simulated,3843,3
simulated,3844,15
simulated,3845,6
simulated,3846,8
simulated,3847,9
simulated,3848,7
simulated,3849,7
simulated,3850,11
simulated,3851,13
simulated,3852,1
simulated,3853,3
simulated,3854,5
simulated,3855,17
simulated,3856,7
simulated,3857,0
simulated,3858,17
simulated,3859,9
simulated,3860,12
simulated,3861,4
simulated,3862,6
simulated,3863,14
simulated,3864,19
simulated,3865,5
simulated,3866,4
simulated,3867,7
simulated,3868,12
simulated,3869,20
simulated,3870,18
simulated,3871,12
simulated,3872,10
simulated,3873,3
simulated,3874,8
simulated,3875,6
simulated,3876,19
simulated,3877,0
simulated,3878,7
simulated,3879,13
simulated,3880,5
simulated,3881,20
simulated,3882,3
simulated,3883,2
simulated,3884,11
simulated,3885,2
simulated,3886,6
simulated,3887,4
simulated,3888,6
simulated,3889,5
simulated,3890,4
simulated,3891,9
simulated,3892,2
simulated,3893,12
simulated,3894,16
simulated,3895,15
simulated,3896,7
simulated,3897,18
simulated,3898,8
simulated,3899,3
simulated,3900,2
simulated,3901,8
simulated,3902,20
simulated,3903,1
simulated,3904,5
simulated,3905,5
simulated,3906,19
simulated,3907,12
simulated,3908,6
simulated,3909,4
simulated,3910,5
simulated,3911,20
simulated,3912,10
simulated,3913,6
simulated,3914,3
simulated,3915,17
simulated,3916,1
simulated,3917,15
simulated,3918,18
simulated,3919,2
simulated,3920,18
simulated,3921,6
simulated,3922,5
simulated,3923,9
simulated,3924,3
simulated,3925,18
simulated,3926,2
simulated,3927,4
simulated,3928,8
simulated,3929,6
simulated,3930,18
simulated,3931,6
simulated,3932,2
simulated,3933,6
simulated,3934,5
simulated,3935,13
simulated,3936,6
simulated,3937,7
simulated,3938,4
simulated,3939,19
simulated,3940,3
simulated,3941,19
simulated,3942,2
simulated,3943,10
simulated,3944,7
simulated,3945,17
simulated,3946,1
simulated,3947,4
simulated,3948,14
simulated,3949,15
simulated,3950,12
simulated,3951,8
simulated,3952,6
simulated,3953,2
simulated,3954,16
simulated,3955,4
simulated,3956,2
simulated,3957,12
simulated,3958,15
simulated,3959,14
simulated,3960,5
simulated,3961,16
simulated,3962,9
simulated,3963,14
simulated,3964,4
simulated,3965,2
simulated,3966,6
simulated,3967,6
simulated,3968,8
simulated,3969,8
simulated,3970,7
simulated,3971,20
simulated,3972,9
simulated,3973,14
simulated,3974,7
simulated,3975,10
simulated,3976,15
simulated,3977,14
simulated,3978,2
simulated,3979,11
simulated,3980,7
simulated,3981,12
simulated,3982,1
simulated,3983,11
simulated,3984,19
simulated,3985,14
simulated,3986,6
simulated,3987,7
simulated,3988,11
simulated,3989,7
simulated,3990,4
simulated,3991,11
simulated,3992,12
simulated,3993,6
simulated,3994,3
simulated,3995,7
simulated,3996,15
simulated,3997,17
simulated,3998,16
simulated,3999,14
simulated,4000,1
simulated,4001,1
simulated,4002,19
simulated,4003,14
simulated,4004,7
simulated,4005,14
simulated,4006,11
simulated,4007,2
simulated,4008,3
simulated,4009,13
simulated,4010,7
simulated,4011,20
simulated,4012,9
simulated,4013,16
simulated,4014,5
simulated,4015,3
simulated,4016,18
simulated,4017,2
simulated,4018,10
simulated,4019,0
simulated,4020,18
simulated,4021,20
simulated,4022,11
simulated,4023,0
simulated,4024,4
simulated,4025,1
simulated,4026,13
simulated,4027,11
simulated,4028,20
simulated,4029,19
simulated,4030,2
simulated,4031,6
simulated,4032,8
simulated,4033,6
simulated,4034,9
simulated,4035,12
simulated,4036,1
simulated,4037,13
simulated,4038,6
simulated,4039,10
simulated,4040,2
simulated,4041,16
simulated,4042,7
simulated,4043,17
simulated,4044,8
simulated,4045,10
simulated,4046,0
simulated,4047,5
simulated,4048,2
simulated,4049,7
simulated,4050,9
simulated,4051,20
simulated,4052,12
simulated,4053,4
simulated,4054,6
simulated,4055,10
simulated,4056,2
simulated,4057,10
simulated,4058,4
simulated,4059,18
simulated,4060,1
simulated,4061,8
simulated,4062,12
simulated,4063,6
simulated,4064,17
simulated,4065,3
simulated,4066,8
simulated,4067,11
simulated,4068,4
simulated,4069,20
simulated,4070,19
simulated,4071,2
simulated,4072,13
simulated,4073,18
simulated,4074,15
simulated,4075,11
simulated,4076,8
simulated,4077,0
simulated,4078,6
simulated,4079,2
simulated,4080,2
simulated,4081,7
simulated,4082,18
simulated,4083,2
simulated,4084,1
simulated,4085,9
simulated,4086,15
simulated,4087,6
simulated,4088,9
simulated,4089,19
simulated,4090,1
simulated,4091,7
simulated,4092,16
simulated,4093,1
simulated,4094,4
simulated,4095,7
simulated,4096,14
simulated,4097,12
simulated,4098,16
simulated,4099,9
simulated,4100,11
simulated,4101,9
simulated,4102,17
simulated,4103,13
simulated,4104,20
simulated,4105,0
simulated,4106,16
simulated,4107,11
simulated,4108,3
simulated,4109,4
simulated,4110,14
simulated,4111,18
simulated,4112,4
simulated,4113,12
simulated,4114,6
simulated,4115,20
simulated,4116,5
simulated,4117,11
simulated,4118,2
simulated,4119,2
simulated,4120,7
simulated,4121,4
simulated,4122,12
simulated,4123,17
simulated,4124,3
simulated,4125,5
simulated,4126,13
simulated,4127,5
simulated,4128,11
simulated,4129,19
simulated,4130,15
simulated,4131,17
simulated,4132,15
simulated,4133,17
simulated,4134,19
simulated,4135,14
simulated,4136,19
simulated,4137,19
simulated,4138,17
simulated,4139,15
simulated,4140,14
simulated,4141,20
simulated,4142,1
simulated,4143,5
simulated,4144,11
simulated,4145,17
simulated,4146,8
simulated,4147,19
simulated,4148,1
simulated,4149,18
simulated,4150,6
simulated,4151,2
simulated,4152,13
simulated,4153,8
simulated,4154,6
simulated,4155,16
simulated,4156,12
simulated,4157,7
simulated,4158,10
simulated,4159,4
simulated,4160,19
simulated,4161,7
simulated,4162,17
simulated,4163,16
simulated,4164,13
simulated,4165,10
simulated,4166,4
simulated,4167,1
simulated,4168,1
simulated,4169,2
simulated,4170,16
simulated,4171,6
simulated,4172,8
simulated,4173,1
simulated,4174,3
simulated,4175,4
simulated,4176,10
simulated,4177,11
simulated,4178,10
simulated,4179,20
simulated,4180,16
simulated,4181,17
simulated,4182,9
simulated,4183,8
simulated,4184,12
simulated,4185,17
simulated,4186,0
simulated,4187,12
simulated,4188,8
simulated,4189,15
simulated,4190,4
simulated,4191,17
simulated,4192,3
simulated,4193,9
simulated,4194,9
simulated,4195,3
simulated,4196,15
simulated,4197,2
simulated,4198,20
simulated,4199,7
simulated,4200,1
simulated,4201,17
simulated,4202,20
simulated,4203,19
simulated,4204,7
simulated,4205,12
simulated,4206,9
simulated,4207,12
simulated,4208,6
simulated,4209,17
simulated,4210,2
simulated,4211,1
simulated,4212,3
simulated,4213,5
simulated,4214,8
simulated,4215,2
simulated,4216,9
simulated,4217,12
simulated,4218,12
simulated,4219,15
simulated,4220,4
simulated,4221,14
simulated,4222,7
simulated,4223,3
simulated,4224,14
simulated,4225,14
simulated,4226,19
simulated,4227,2
simulated,4228,13
simulated,4229,1
simulated,4230,17
simulated,4231,4
simulated,4232,3
simulated,4233,15
simulated,4234,12
simulated,4235,3
simulated,4236,9
simulated,4237,9
simulated,4238,1
simulated,4239,0
simulated,4240,16
simulated,4241,0
simulated,4242,10
simulated,4243,9
simulated,4244,6
simulated,4245,3
simulated,4246,3
simulated,4247,0
simulated,4248,7
simulated,4249,12
simulated,4250,4
simulated,4251,8
simulated,4252,20
simulated,4253,6
simulated,4254,3
simulated,4255,8
simulated,4256,15
simulated,4257,0
simulated,4258,11
simulated,4259,19
simulated,4260,18
simulated,4261,1
simulated,4262,15
simulated,4263,11
simulated,4264,5
simulated,4265,9
simulated,4266,6
simulated,4267,15
simulated,4268,8
simulated,4269,20
simulated,4270,9
simulated,4271,14
simulated,4272,18
simulated,4273,6
simulated,4274,2
simulated,4275,8
simulated,4276,6
simulated,4277,5
simulated,4278,3
simulated,4279,8
simulated,4280,0
simulated,4281,4
simulated,4282,11
simulated,4283,2
simulated,4284,16
simulated,4285,5
simulated,4286,6
simulated,4287,6
simulated,4288,3
simulated,4289,5
simulated,4290,3
simulated,4291,11
simulated,4292,3
simulated,4293,2
simulated,4294,13
simulated,4295,4
simulated,4296,4
simulated,4297,11
simulated,4298,1
simulated,4299,9
simulated,4300,13
simulated,4301,18
simulated,4302,11
simulated,4303,2
simulated,4304,13
simulated,4305,16
simulated,4306,12
simulated,4307,2
simulated,4308,5
simulated,4309,1
simulated,4310,9
simulated,4311,6
simulated,4312,12
simulated,4313,20
simulated,4314,2
simulated,4315,18
simulated,4316,16
simulated,4317,7
simulated,4318,12
simulated,4319,3
simulated,4320,6
simulated,4321,8
simulated,4322,6
simulated,4323,5
simulated,4324,15
simulated,4325,15
simulated,4326,18
simulated,4327,13
simulated,4328,15
simulated,4329,13
simulated,4330,5
simulated,4331,20
simulated,4332,9
simulated,4333,2
simulated,4334,0
simulated,4335,6
simulated,4336,13
simulated,4337,2
simulated,4338,1
simulated,4339,17
simulated,4340,20
simulated,4341,12
simulated,4342,2
simulated,4343,1
simulated,4344,8
simulated,4345,8
simulated,4346,5
simulated,4347,4
simulated,4348,3
simulated,4349,7
simulated,4350,0
simulated,4351,7
simulated,4352,8
simulated,4353,9
simulated,4354,1
simulated,4355,15
simulated,4356,8
simulated,4357,11
simulated,4358,5
simulated,4359,8
simulated,4360,7
simulated,4361,11
simulated,4362,5
simulated,4363,17
simulated,4364,6
simulated,4365,7
simulated,4366,9
simulated,4367,3
simulated,4368,18
simulated,4369,4
simulated,4370,6
simulated,4371,13
simulated,4372,20
simulated,4373,7
simulated,4374,3
simulated,4375,16
simulated,4376,15
simulated,4377,14
simulated,4378,11
simulated,4379,5
simulated,4380,8
simulated,4381,2
simulated,4382,8
simulated,4383,6
simulated,4384,9
simulated,4385,18
simulated,4386,16
simulated,4387,11
simulated,4388,2
simulated,4389,19
simulated,4390,10
simulated,4391,1
simulated,4392,8
simulated,4393,15
simulated,4394,17
simulated,4395,17
simulated,4396,4
simulated,4397,4
simulated,4398,1
simulated,4399,8
simulated,4400,2
simulated,4401,13
simulated,4402,8
simulated,4403,8
simulated,4404,9
simulated,4405,2
simulated,4406,9
simulated,4407,2
simulated,4408,19
simulated,4409,14
simulated,4410,18
simulated,4411,20
simulated,4412,9
simulated,4413,2
simulated,4414,18
simulated,4415,5
simulated,4416,8
simulated,4417,10
simulated,4418,13
simulated,4419,18
simulated,4420,1
simulated,4421,9
simulated,4422,8
simulated,4423,1
simulated,4424,7
simulated,4425,12
simulated,4426,3
simulated,4427,10
simulated,4428,14
simulated,4429,18
simulated,4430,18
simulated,4431,8
simulated,4432,3
simulated,4433,1
simulated,4434,16
simulated,4435,2
simulated,4436,4
simulated,4437,10
simulated,4438,0
simulated,4439,10
simulated,4440,1
simulated,4441,18
simulated,4442,9
simulated,4443,5
simulated,4444,15
simulated,4445,5
simulated,4446,12
simulated,4447,9
simulated,4448,7
simulated,4449,16
simulated,4450,1
simulated,4451,5
simulated,4452,1
simulated,4453,8
simulated,4454,11
simulated,4455,17
simulated,4456,12
simulated,4457,6
simulated,4458,5
simulated,4459,9
simulated,4460,13
simulated,4461,4
simulated,4462,18
simulated,4463,2
simulated,4464,3
simulated,4465,15
simulated,4466,11
simulated,4467,13
simulated,4468,3
simulated,4469,11
simulated,4470,16
simulated,4471,6
simulated,4472,2
simulated,4473,8
simulated,4474,16
simulated,4475,5
simulated,4476,17
simulated,4477,19
simulated,4478,8
simulated,4479,15
simulated,4480,15
simulated,4481,2
simulated,4482,9
simulated,4483,18
simulated,4484,19
simulated,4485,2
simulated,4486,5
simulated,4487,16
simulated,4488,4
simulated,4489,20
simulated,4490,20
simulated,4491,3
simulated,4492,2
simulated,4493,7
simulated,4494,4
simulated,4495,13
simulated,4496,16
simulated,4497,0
simulated,4498,7
simulated,4499,15
simulated,4500,15
simulated,4501,3
simulated,4502,15
simulated,4503,18
simulated,4504,8
simulated,4505,12
simulated,4506,7
simulated,4507,19
simulated,4508,9
simulated,4509,15
simulated,4510,8
simulated,4511,4
simulated,4512,8
simulated,4513,16
simulated,4514,20
simulated,4515,19
simulated,4516,9
simulated,4517,14
simulated,4518,11
simulated,4519,9
simulated,4520,11
simulated,4521,4
simulated,4522,0
simulated,4523,1
simulated,4524,17
simulated,4525,4
simulated,4526,4
simulated,4527,15
simulated,4528,13
simulated,4529,1
simulated,4530,1
simulated,4531,17
simulated,4532,20
simulated,4533,20
simulated,4534,8
simulated,4535,20
simulated,4536,3
simulated,4537,1
simulated,4538,1
simulated,4539,19
simulated,4540,1
simulated,4541,17
simulated,4542,5
simulated,4543,0
simulated,4544,12
simulated,4545,14
simulated,4546,15
simulated,4547,20
simulated,4548,3
simulated,4549,8
simulated,4550,4
simulated,4551,5
simulated,4552,20
simulated,4553,17
simulated,4554,5
simulated,4555,6
simulated,4556,2
simulated,4557,2
simulated,4558,4
simulated,4559,8
simulated,4560,3
simulated,4561,5
simulated,4562,10
simulated,4563,13
simulated,4564,8
simulated,4565,3
simulated,4566,0
simulated,4567,17
simulated,4568,12
simulated,4569,19
simulated,4570,5
simulated,4571,18
simulated,4572,5
simulated,4573,13
simulated,4574,4
simulated,4575,9
simulated,4576,6
simulated,4577,9
simulated,4578,0
simulated,4579,2
simulated,4580,20
simulated,4581,2
simulated,4582,4
simulated,4583,11
simulated,4584,16
simulated,4585,7
simulated,4586,12
simulated,4587,13
simulated,4588,3
simulated,4589,12
simulated,4590,20
simulated,4591,17
simulated,4592,3
simulated,4593,2
simulated,4594,19
simulated,4595,5
simulated,4596,15
simulated,4597,7
simulated,4598,10
simulated,4599,20
simulated,4600,1
simulated,4601,1
simulated,4602,15
simulated,4603,12
simulated,4604,7
simulated,4605,6
simulated,4606,13
simulated,4607,5
simulated,4608,3
simulated,4609,5
simulated,4610,1
simulated,4611,9
simulated,4612,18
simulated,4613,12
simulated,4614,9
simulated,4615,13
simulated,4616,8
simulated,4617,10
simulated,4618,8
simulated,4619,12
simulated,4620,17
simulated,4621,10
simulated,4622,3
simulated,4623,10
simulated,4624,12
simulated,4625,5
simulated,4626,9
simulated,4627,3
simulated,4628,9
simulated,4629,13
simulated,4630,3
simulated,4631,16
simulated,4632,10
simulated,4633,2
simulated,4634,13
simulated,4635,2
simulated,4636,5
simulated,4637,9
simulated,4638,9
simulated,4639,4
simulated,4640,11
simulated,4641,1
simulated,4642,9
simulated,4643,6
simulated,4644,13
simulated,4645,14
simulated,4646,1
simulated,4647,3
simulated,4648,19
simulated,4649,2
simulated,4650,9
simulated,4651,8
simulated,4652,18
simulated,4653,15
simulated,4654,19
simulated,4655,11
simulated,4656,8
simulated,4657,6
simulated,4658,11
simulated,4659,1
simulated,4660,7
simulated,4661,6
simulated,4662,13
simulated,4663,20
simulated,4664,16
simulated,4665,12
simulated,4666,10
simulated,4667,8
simulated,4668,8
simulated,4669,14
simulated,4670,1
simulated,4671,6
simulated,4672,14
simulated,4673,3
simulated,4674,1
simulated,4675,15
simulated,4676,3
simulated,4677,4
simulated,4678,9
simulated,4679,16
simulated,4680,20
simulated,4681,16
simulated,4682,1
simulated,4683,14
simulated,4684,18
simulated,4685,10
simulated,4686,5
simulated,4687,16
simulated,4688,6
simulated,4689,1
simulated,4690,4
simulated,4691,6
simulated,4692,14
simulated,4693,2
simulated,4694,17
simulated,4695,18
simulated,4696,17
simulated,4697,4
simulated,4698,20
simulated,4699,17
simulated,4700,13
simulated,4701,7
simulated,4702,3
simulated,4703,6
simulated,4704,9
simulated,4705,13
simulated,4706,0
simulated,4707,12
simulated,4708,20
simulated,4709,8
simulated,4710,2
simulated,4711,0
simulated,4712,16
simulated,4713,16
simulated,4714,5
simulated,4715,20
simulated,4716,4
simulated,4717,9
simulated,4718,1
simulated,4719,7
simulated,4720,17
simulated,4721,19
simulated,4722,3
simulated,4723,11
simulated,4724,10
simulated,4725,6
simulated,4726,3
simulated,4727,3
simulated,4728,6
simulated,4729,18
simulated,4730,12
simulated,4731,16
simulated,4732,4
simulated,4733,5
simulated,4734,3
simulated,4735,7
simulated,4736,10
simulated,4737,19
simulated,4738,8
simulated,4739,18
simulated,4740,10
simulated,4741,18
simulated,4742,19
simulated,4743,15
simulated,4744,2
simulated,4745,7
simulated,4746,2
simulated,4747,7
simulated,4748,0
simulated,4749,2
simulated,4750,13
simulated,4751,6
simulated,4752,5
simulated,4753,18
simulated,4754,8
simulated,4755,20
simulated,4756,18
simulated,4757,9
simulated,4758,10
simulated,4759,12
simulated,4760,0
simulated,4761,8
simulated,4762,4
simulated,4763,14
simulated,4764,1
simulated,4765,2
simulated,4766,5
simulated,4767,2
simulated,4768,6
simulated,4769,9
simulated,4770,20
simulated,4771,12
simulated,4772,4
simulated,4773,20
simulated,4774,6
simulated,4775,19
simulated,4776,19
simulated,4777,19
simulated,4778,13
simulated,4779,8
simulated,4780,17
simulated,4781,10
simulated,4782,12
simulated,4783,3
simulated,4784,6
simulated,4785,17
simulated,4786,18
simulated,4787,17
simulated,4788,5
simulated,4789,4
simulated,4790,3
simulated,4791,8
simulated,4792,13
simulated,4793,5
simulated,4794,16
simulated,4795,14
simulated,4796,17
simulated,4797,18
simulated,4798,10
simulated,4799,11
simulated,4800,10
simulated,4801,5
simulated,4802,7
simulated,4803,10
simulated,4804,5
simulated,4805,7
simulated,4806,19
simulated,4807,7
simulated,4808,14
simulated,4809,4
simulated,4810,3
simulated,4811,4
simulated,4812,5
simulated,4813,7
simulated,4814,17
simulated,4815,9
simulated,4816,19
simulated,4817,6
simulated,4818,4
simulated,4819,1
simulated,4820,7
simulated,4821,3
simulated,4822,15
simulated,4823,3
simulated,4824,3
simulated,4825,1
simulated,4826,6
simulated,4827,4
simulated,4828,6
simulated,4829,2
simulated,4830,20
simulated,4831,13
simulated,4832,17
simulated,4833,2
simulated,4834,10
simulated,4835,11
simulated,4836,17
simulated,4837,3
simulated,4838,20
simulated,4839,14
simulated,4840,20
simulated,4841,6
simulated,4842,6
simulated,4843,5
simulated,4844,16
simulated,4845,2
simulated,4846,5
simulated,4847,10
simulated,4848,18
simulated,4849,7
simulated,4850,7
simulated,4851,17
simulated,4852,19
simulated,4853,3
simulated,4854,7
simulated,4855,7
simulated,4856,16
simulated,4857,11
simulated,4858,2
simulated,4859,2
simulated,4860,8
simulated,4861,9
simulated,4862,3
simulated,4863,5
simulated,4864,19
simulated,4865,16
simulated,4866,16
simulated,4867,11
simulated,4868,20
simulated,4869,4
simulated,4870,20
simulated,4871,3
simulated,4872,3
simulated,4873,1
simulated,4874,7
simulated,4875,9
simulated,4876,19
simulated,4877,12
simulated,4878,4
simulated,4879,7
simulated,4880,20
simulated,4881,12
simulated,4882,13
simulated,4883,1
simulated,4884,9
simulated,4885,17
simulated,4886,0
simulated,4887,18
simulated,4888,0
simulated,4889,12
simulated,4890,8
simulated,4891,1
simulated,4892,6
simulated,4893,20
simulated,4894,1
simulated,4895,8
simulated,4896,6
simulated,4897,7
simulated,4898,17
simulated,4899,0
simulated,4900,18
simulated,4901,5
simulated,4902,19
simulated,4903,8
simulated,4904,6
simulated,4905,3
simulated,4906,14
simulated,4907,14
simulated,4908,9
simulated,4909,15
simulated,4910,4
simulated,4911,9
simulated,4912,1
simulated,4913,6
simulated,4914,3
simulated,4915,1
simulated,4916,12
simulated,4917,19
simulated,4918,2
simulated,4919,1
simulated,4920,16
simulated,4921,7
simulated,4922,6
simulated,4923,16
simulated,4924,3
simulated,4925,19
simulated,4926,12
simulated,4927,14
simulated,4928,13
simulated,4929,10
simulated,4930,11
simulated,4931,10
simulated,4932,10
simulated,4933,20
simulated,4934,5
simulated,4935,5
simulated,4936,14
simulated,4937,11
simulated,4938,1
simulated,4939,10
simulated,4940,5
simulated,4941,10
simulated,4942,9
simulated,4943,15
simulated,4944,5
simulated,4945,2
simulated,4946,12
simulated,4947,20
simulated,4948,2
simulated,4949,6
simulated,4950,2
simulated,4951,2
simulated,4952,4
simulated,4953,4
simulated,4954,1
simulated,4955,12
simulated,4956,8
simulated,4957,19
simulated,4958,10
simulated,4959,13
simulated,4960,11
simulated,4961,1
simulated,4962,8
simulated,4963,5
simulated,4964,2
simulated,4965,19
simulated,4966,4
simulated,4967,2
simulated,4968,1
simulated,4969,18
simulated,4970,8
simulated,4971,4
simulated,4972,6
simulated,4973,4
simulated,4974,8
simulated,4975,3
simulated,4976,17
simulated,4977,4
simulated,4978,11
simulated,4979,20
simulated,4980,4
simulated,4981,10
simulated,4982,19
simulated,4983,14
simulated,4984,19
simulated,4985,2
simulated,4986,4
simulated,4987,17
simulated,4988,3
simulated,4989,13
simulated,4990,5
simulated,4991,2
simulated,4992,11
simulated,4993,20
simulated,4994,5
simulated,4995,2
simulated,4996,16
simulated,4997,1
simulated,4998,16
simulated,4999,20
simulated,5000,0
simulated,5001,16
simulated,5002,12
simulated,5003,9
simulated,5004,20
simulated,5005,18
simulated,5006,19
simulated,5007,18
simulated,5008,13
simulated,5009,11
simulated,5010,8
simulated,5011,5
simulated,5012,19
simulated,5013,8
simulated,5014,5
simulated,5015,15
simulated,5016,17
simulated,5017,5
simulated,5018,3
simulated,5019,17
simulated,5020,10
simulated,5021,10
simulated,5022,2
simulated,5023,2
simulated,5024,12
simulated,5025,2
simulated,5026,13
simulated,5027,18
simulated,5028,10
simulated,5029,6
simulated,5030,1
simulated,5031,13
simulated,5032,18
simulated,5033,9
simulated,5034,20
simulated,5035,20
simulated,5036,15
simulated,5037,1
simulated,5038,3
simulated,5039,20
simulated,5040,2
simulated,5041,12
simulated,5042,4
simulated,5043,7
simulated,5044,16
simulated,5045,2
simulated,5046,3
simulated,5047,3
simulated,5048,15
simulated,5049,8
simulated,5050,6
simulated,5051,6
simulated,5052,13
simulated,5053,6
simulated,5054,9
simulated,5055,2
simulated,5056,1
simulated,5057,3
simulated,5058,18
simulated,5059,0
simulated,5060,19
simulated,5061,9
simulated,5062,6
simulated,5063,20
simulated,5064,2
simulated,5065,2
simulated,5066,4
simulated,5067,8
simulated,5068,13
simulated,5069,4
simulated,5070,4
simulated,5071,7
simulated,5072,7
simulated,5073,7
simulated,5074,11
simulated,5075,19
simulated,5076,12
simulated,5077,16
simulated,5078,17
simulated,5079,1
simulated,5080,19
simulated,5081,15
simulated,5082,4
simulated,5083,12
simulated,5084,20
simulated,5085,9
simulated,5086,12
simulated,5087,7
simulated,5088,20
simulated,5089,6
simulated,5090,12
simulated,5091,6
simulated,5092,18
simulated,5093,17
simulated,5094,11
simulated,5095,11
simulated,5096,19
simulated,5097,15
simulated,5098,18
simulated,5099,20
simulated,5100,18
simulated,5101,13
simulated,5102,4
simulated,5103,9
simulated,5104,20
simulated,5105,5
simulated,5106,7
simulated,5107,6
simulated,5108,17
simulated,5109,5
simulated,5110,6
simulated,5111,10
simulated,5112,6
simulated,5113,2
simulated,5114,1
simulated,5115,2
simulated,5116,20
simulated,5117,0
simulated,5118,19
simulated,5119,16
simulated,5120,16
simulated,5121,17
simulated,5122,1
simulated,5123,4
simulated,5124,9
simulated,5125,1
simulated,5126,7
simulated,5127,1
simulated,5128,7
simulated,5129,5
simulated,5130,2
simulated,5131,7
simulated,5132,4
simulated,5133,9
simulated,5134,1
simulated,5135,13
simulated,5136,13
simulated,5137,4
simulated,5138,6
simulated,5139,14
simulated,5140,3
simulated,5141,4
simulated,5142,6
simulated,5143,17
simulated,5144,4
simulated,5145,7
simulated,5146,7
simulated,5147,9
simulated,5148,5
simulated,5149,19
simulated,5150,5
simulated,5151,20
simulated,5152,18
simulated,5153,18
simulated,5154,11
simulated,5155,5
simulated,5156,3
simulated,5157,3
simulated,5158,11
simulated,5159,12
simulated,5160,20
simulated,5161,10
simulated,5162,5
simulated,5163,13
simulated,5164,18
simulated,5165,9
simulated,5166,1
simulated,5167,6
simulated,5168,5
simulated,5169,3
simulated,5170,0
simulated,5171,8
simulated,5172,1
simulated,5173,13
simulated,5174,6
simulated,5175,2
simulated,5176,1
simulated,5177,5
simulated,5178,5
simulated,5179,10
simulated,5180,9
simulated,5181,12
simulated,5182,10
simulated,5183,14
simulated,5184,9
simulated,5185,13
simulated,5186,19
simulated,5187,7
simulated,5188,5
simulated,5189,1
simulated,5190,17
simulated,5191,4
simulated,5192,16
simulated,5193,17
simulated,5194,15
simulated,5195,2
simulated,5196,17
simulated,5197,1
simulated,5198,13
simulated,5199,17
simulated,5200,2
simulated,5201,12
simulated,5202,17
simulated,5203,17
simulated,5204,16
simulated,5205,10
simulated,5206,20
simulated,5207,14
simulated,5208,8
simulated,5209,6
simulated,5210,7
simulated,5211,0
simulated,5212,6
simulated,5213,15
simulated,5214,4
simulated,5215,8
simulated,5216,20
simulated,5217,5
simulated,5218,10
simulated,5219,4
simulated,5220,15
simulated,5221,13
simulated,5222,1
simulated,5223,20
simulated,5224,9
simulated,5225,7
simulated,5226,8
simulated,5227,3
simulated,5228,14
simulated,5229,14
simulated,5230,12
simulated,5231,4
simulated,5232,1
simulated,5233,13
simulated,5234,7
simulated,5235,8
simulated,5236,9
simulated,5237,15
simulated,5238,14
simulated,5239,6
simulated,5240,3
simulated,5241,10
simulated,5242,5
simulated,5243,15
simulated,5244,1
simulated,5245,20
simulated,5246,19
simulated,5247,14
simulated,5248,2
simulated,5249,12
simulated,5250,15
simulated,5251,18
simulated,5252,19
simulated,5253,18
simulated,5254,10
simulated,5255,6
simulated,5256,1
simulated,5257,5
simulated,5258,5
simulated,5259,6
simulated,5260,10
simulated,5261,1
simulated,5262,6
simulated,5263,2
simulated,5264,6
simulated,5265,7
simulated,5266,6
simulated,5267,8
simulated,5268,20
simulated,5269,18
simulated,5270,17
simulated,5271,10
simulated,5272,4
simulated,5273,1
simulated,5274,11
simulated,5275,10
simulated,5276,14
simulated,5277,20
simulated,5278,10
simulated,5279,17
simulated,5280,11
simulated,5281,18
simulated,5282,14
simulated,5283,18
simulated,5284,1
simulated,5285,13
simulated,5286,11
simulated,5287,17
simulated,5288,5
simulated,5289,5
simulated,5290,7
simulated,5291,15
simulated,5292,19
simulated,5293,9
simulated,5294,2
simulated,5295,19
simulated,5296,11
simulated,5297,3
simulated,5298,19
simulated,5299,17
simulated,5300,3
simulated,5301,8
simulated,5302,13
simulated,5303,20
simulated,5304,1
simulated,5305,6
simulated,5306,16
simulated,5307,7
simulated,5308,16
simulated,5309,16
simulated,5310,4
simulated,5311,7
simulated,5312,13
simulated,5313,5
simulated,5314,15
simulated,5315,15
simulated,5316,3
simulated,5317,6
simulated,5318,0
simulated,5319,0
simulated,5320,2
simulated,5321,17
simulated,5322,17
simulated,5323,3
simulated,5324,7
simulated,5325,19
simulated,5326,3
simulated,5327,3
simulated,5328,7
simulated,5329,15
simulated,5330,6
simulated,5331,5
simulated,5332,2
simulated,5333,0
simulated,5334,13
simulated,5335,18
simulated,5336,5
simulated,5337,17
simulated,5338,2
simulated,5339,11
simulated,5340,15
simulated,5341,12
simulated,5342,12
simulated,5343,3
simulated,5344,5
simulated,5345,19
simulated,5346,8
simulated,5347,0
simulated,5348,8
simulated,5349,20
simulated,5350,5
simulated,5351,6
simulated,5352,11
simulated,5353,18
simulated,5354,9
simulated,5355,13
simulated,5356,14
simulated,5357,11
simulated,5358,11
simulated,5359,6
simulated,5360,19
simulated,5361,2
simulated,5362,2
simulated,5363,11
simulated,5364,10
simulated,5365,14
simulated,5366,9
simulated,5367,2
simulated,5368,3
simulated,5369,6
simulated,5370,14
simulated,5371,5
simulated,5372,3
simulated,5373,8
simulated,5374,1
simulated,5375,11
simulated,5376,6
simulated,5377,14
simulated,5378,4
simulated,5379,17
simulated,5380,2
simulated,5381,10
simulated,5382,9
simulated,5383,12
simulated,5384,1
simulated,5385,8
simulated,5386,13
simulated,5387,7
simulated,5388,5
simulated,5389,1
simulated,5390,9
simulated,5391,7
simulated,5392,10
simulated,5393,4
simulated,5394,2
simulated,5395,20
simulated,5396,3
simulated,5397,2
simulated,5398,16
simulated,5399,12
simulated,5400,10
simulated,5401,19
simulated,5402,19
simulated,5403,6
simulated,5404,6
simulated,5405,12
simulated,5406,7
simulated,5407,20
simulated,5408,14
simulated,5409,8
simulated,5410,5
simulated,5411,3
simulated,5412,6
simulated,5413,19
simulated,5414,11
simulated,5415,9
simulated,5416,15
simulated,5417,8
simulated,5418,9
simulated,5419,4
simulated,5420,5
simulated,5421,4
simulated,5422,7
simulated,5423,1
simulated,5424,10
simulated,5425,18
simulated,5426,15
simulated,5427,5
simulated,5428,15
simulated,5429,3
simulated,5430,10
simulated,5431,9
simulated,5432,16
simulated,5433,10
simulated,5434,20
simulated,5435,4
simulated,5436,8
simulated,5437,11
simulated,5438,11
simulated,5439,12
simulated,5440,4
simulated,5441,6
simulated,5442,16
simulated,5443,13
simulated,5444,20
simulated,5445,16
simulated,5446,7
simulated,5447,6
simulated,5448,9
simulated,5449,3
simulated,5450,6
simulated,5451,2
simulated,5452,6
simulated,5453,14
simulated,5454,10
simulated,5455,14
simulated,5456,11
simulated,5457,16
simulated,5458,2
simulated,5459,17
simulated,5460,13
simulated,5461,12
simulated,5462,20
simulated,5463,3
simulated,5464,20
simulated,5465,20
simulated,5466,13
simulated,5467,2
simulated,5468,19
simulated,5469,12
simulated,5470,13
simulated,5471,15
simulated,5472,20
simulated,5473,13
simulated,5474,12
simulated,5475,9
simulated,5476,5
simulated,5477,18
simulated,5478,4
simulated,5479,8
simulated,5480,11
simulated,5481,6
simulated,5482,10
simulated,5483,7
simulated,5484,12
simulated,5485,10
simulated,5486,6
simulated,5487,7
simulated,5488,16
simulated,5489,18
simulated,5490,12
simulated,5491,3
simulated,5492,3
simulated,5493,12
simulated,5494,1
simulated,5495,13
simulated,5496,9
simulated,5497,0
simulated,5498,7
simulated,5499,17
simulated,5500,8
simulated,5501,6
simulated,5502,20
simulated,5503,13
simulated,5504,15
simulated,5505,13
simulated,5506,20
simulated,5507,8
simulated,5508,5
simulated,5509,11
simulated,5510,3
simulated,5511,18
simulated,5512,20
simulated,5513,8
simulated,5514,4
simulated,5515,20
simulated,5516,0
simulated,5517,5
simulated,5518,12
simulated,5519,12
simulated,5520,2
simulated,5521,8
simulated,5522,9
simulated,5523,7
simulated,5524,7
simulated,5525,6
simulated,5526,3
simulated,5527,2
simulated,5528,5
simulated,5529,19
simulated,5530,3
simulated,5531,9
simulated,5532,3
simulated,5533,16
simulated,5534,11
simulated,5535,5
simulated,5536,15
simulated,5537,10
simulated,5538,3
simulated,5539,15
simulated,5540,17
simulated,5541,3
simulated,5542,5
simulated,5543,20
simulated,5544,1
simulated,5545,16
simulated,5546,18
simulated,5547,10
simulated,5548,5
simulated,5549,4
simulated,5550,5
simulated,5551,1
simulated,5552,2
simulated,5553,8
simulated,5554,8
simulated,5555,11
simulated,5556,5
simulated,5557,14
simulated,5558,15
simulated,5559,11
simulated,5560,5
simulated,5561,8
simulated,5562,8
simulated,5563,5
simulated,5564,7
simulated,5565,17
simulated,5566,3
simulated,5567,13
simulated,5568,19
simulated,5569,19
simulated,5570,14
simulated,5571,10
simulated,5572,17
simulated,5573,10
simulated,5574,4
simulated,5575,8
simulated,5576,6
simulated,5577,15
simulated,5578,2
simulated,5579,1
simulated,5580,9
simulated,5581,12
simulated,5582,10
simulated,5583,14
simulated,5584,2
simulated,5585,14
simulated,5586,6
simulated,5587,18
simulated,5588,7
simulated,5589,4
simulated,5590,1
simulated,5591,7
simulated,5592,9
simulated,5593,4
simulated,5594,3
simulated,5595,5
simulated,5596,13
simulated,5597,1
simulated,5598,9
simulated,5599,1
simulated,5600,10
simulated,5601,10
simulated,5602,17
simulated,5603,18
simulated,5604,8
simulated,5605,17
simulated,5606,11
simulated,5607,20
simulated,5608,18
simulated,5609,2
simulated,5610,2
simulated,5611,15
simulated,5612,5
simulated,5613,16
simulated,5614,7
simulated,5615,4
simulated,5616,18
simulated,5617,5
simulated,5618,9
simulated,5619,12
simulated,5620,1
simulated,5621,17
simulated,5622,2
simulated,5623,19
simulated,5624,10
simulated,5625,0
simulated,5626,12
simulated,5627,13
simulated,5628,3
simulated,5629,9
simulated,5630,1
simulated,5631,16
simulated,5632,13
simulated,5633,3
simulated,5634,8
simulated,5635,9
simulated,5636,8
simulated,5637,18
simulated,5638,1
simulated,5639,20
simulated,5640,7
simulated,5641,17
simulated,5642,15
simulated,5643,17
simulated,5644,16
simulated,5645,13
simulated,5646,18
simulated,5647,4
simulated,5648,0
simulated,5649,9
simulated,5650,18
simulated,5651,8
simulated,5652,8
simulated,5653,2
simulated,5654,4
simulated,5655,16
simulated,5656,11
simulated,5657,2
simulated,5658,14
simulated,5659,18
simulated,5660,3
simulated,5661,17
simulated,5662,1
simulated,5663,14
simulated,5664,17
simulated,5665,12
simulated,5666,2
simulated,5667,13
simulated,5668,17
simulated,5669,6
simulated,5670,20
simulated,5671,6
simulated,5672,1
simulated,5673,4
simulated,5674,2
simulated,5675,13
simulated,5676,1
simulated,5677,1
simulated,5678,5
simulated,5679,11
simulated,5680,6
simulated,5681,17
simulated,5682,6
simulated,5683,20
simulated,5684,2
simulated,5685,14
simulated,5686,4
simulated,5687,3
simulated,5688,7
simulated,5689,16
simulated,5690,12
simulated,5691,17
simulated,5692,3
simulated,5693,5
simulated,5694,20
simulated,5695,0
simulated,5696,6
simulated,5697,19
simulated,5698,8
simulated,5699,7
simulated,5700,16
simulated,5701,3
simulated,5702,4
simulated,5703,19
simulated,5704,17
simulated,5705,10
simulated,5706,4
simulated,5707,18
simulated,5708,1
simulated,5709,8
simulated,5710,7
simulated,5711,20
simulated,5712,5
simulated,5713,20
simulated,5714,10
simulated,5715,19
simulated,5716,4
simulated,5717,14
simulated,5718,6
simulated,5719,12
simulated,5720,19
simulated,5721,20
simulated,5722,5
simulated,5723,15
simulated,5724,14
simulated,5725,7
simulated,5726,9
simulated,5727,1
simulated,5728,19
simulated,5729,19
simulated,5730,7
simulated,5731,5
simulated,5732,16
simulated,5733,4
simulated,5734,18
simulated,5735,20
simulated,5736,2
simulated,5737,2
simulated,5738,11
simulated,5739,19
simulated,5740,16
simulated,5741,20
simulated,5742,20
simulated,5743,7
simulated,5744,16
simulated,5745,11
simulated,5746,10
simulated,5747,6
simulated,5748,9
simulated,5749,9
simulated,5750,6
simulated,5751,16
simulated,5752,13
simulated,5753,18
simulated,5754,1
simulated,5755,9
simulated,5756,5
simulated,5757,17
simulated,5758,13
simulated,5759,20
simulated,5760,7
simulated,5761,19
simulated,5762,9
simulated,5763,20
simulated,5764,8
simulated,5765,19
simulated,5766,13
simulated,5767,12
simulated,5768,12
simulated,5769,15
simulated,5770,20
simulated,5771,2
simulated,5772,2
simulated,5773,20
simulated,5774,4
simulated,5775,9
simulated,5776,18
simulated,5777,16
simulated,5778,19
simulated,5779,8
simulated,5780,2
simulated,5781,3
simulated,5782,18
simulated,5783,7
simulated,5784,5
simulated,5785,17
simulated,5786,11
simulated,5787,17
simulated,5788,7
simulated,5789,2
simulated,5790,18
simulated,5791,16
simulated,5792,14
simulated,5793,9
simulated,5794,4
simulated,5795,0
simulated,5796,7
simulated,5797,7
simulated,5798,15
simulated,5799,12
simulated,5800,9
simulated,5801,7
simulated,5802,1
simulated,5803,0
simulated,5804,12
simulated,5805,8
simulated,5806,10
simulated,5807,11
simulated,5808,8
simulated,5809,12
simulated,5810,16
simulated,5811,20
simulated,5812,14
simulated,5813,8
simulated,5814,17
simulated,5815,7
simulated,5816,11
simulated,5817,15
simulated,5818,4
simulated,5819,1
simulated,5820,3
simulated,5821,1
simulated,5822,8
simulated,5823,6
simulated,5824,16
simulated,5825,2
simulated,5826,13
simulated,5827,4
simulated,5828,3
simulated,5829,9
simulated,5830,5
simulated,5831,9
simulated,5832,9
simulated,5833,4
simulated,5834,4
simulated,5835,12
simulated,5836,2
simulated,5837,14
simulated,5838,10
simulated,5839,11
simulated,5840,18
simulated,5841,10
simulated,5842,8
simulated,5843,10
simulated,5844,16
simulated,5845,8
simulated,5846,17
simulated,5847,10
simulated,5848,8
simulated,5849,3
simulated,5850,13
simulated,5851,14
simulated,5852,11
simulated,5853,17
simulated,5854,3
simulated,5855,9
simulated,5856,6
simulated,5857,1
simulated,5858,16
simulated,5859,4
simulated,5860,3
simulated,5861,8
simulated,5862,16
simulated,5863,7
simulated,5864,19
simulated,5865,2
simulated,5866,9
simulated,5867,3
simulated,5868,6
simulated,5869,7
simulated,5870,11
simulated,5871,1
simulated,5872,16
simulated,5873,8
simulated,5874,9
simulated,5875,8
simulated,5876,10
simulated,5877,6
simulated,5878,8
simulated,5879,15
simulated,5880,7
simulated,5881,16
simulated,5882,11
simulated,5883,8
simulated,5884,5
simulated,5885,2
simulated,5886,0
simulated,5887,11
simulated,5888,9
simulated,5889,9
simulated,5890,6
simulated,5891,19
simulated,5892,13
simulated,5893,18
simulated,5894,11
simulated,5895,12
simulated,5896,3
simulated,5897,8
simulated,5898,7
simulated,5899,9
simulated,5900,6
simulated,5901,7
simulated,5902,7
simulated,5903,15
simulated,5904,15
simulated,5905,14
simulated,5906,6
simulated,5907,1
simulated,5908,9
simulated,5909,13
simulated,5910,20
simulated,5911,3
simulated,5912,1
simulated,5913,3
simulated,5914,4
simulated,5915,10
simulated,5916,15
simulated,5917,9
simulated,5918,10
simulated,5919,5
simulated,5920,6
simulated,5921,6
simulated,5922,19
simulated,5923,4
simulated,5924,13
simulated,5925,2
simulated,5926,16
simulated,5927,15
simulated,5928,0
simulated,5929,17
simulated,5930,1
simulated,5931,17
simulated,5932,7
simulated,5933,12
simulated,5934,9
simulated,5935,20
simulated,5936,18
simulated,5937,19
simulated,5938,3
simulated,5939,6
simulated,5940,19
simulated,5941,1
simulated,5942,2
simulated,5943,0
simulated,5944,4
simulated,5945,5
simulated,5946,16
simulated,5947,5
simulated,5948,16
simulated,5949,15
simulated,5950,16
simulated,5951,17
simulated,5952,11
simulated,5953,12
simulated,5954,19
simulated,5955,9
simulated,5956,3
simulated,5957,1
simulated,5958,12
simulated,5959,3
simulated,5960,10
simulated,5961,6
simulated,5962,17
simulated,5963,1
simulated,5964,17
simulated,5965,9
simulated,5966,18
simulated,5967,20
simulated,5968,14
simulated,5969,16
simulated,5970,6
simulated,5971,15
simulated,5972,18
simulated,5973,5
simulated,5974,15
simulated,5975,12
simulated,5976,9
simulated,5977,2
simulated,5978,8
simulated,5979,0
simulated,5980,2
simulated,5981,14
simulated,5982,7
simulated,5983,2
simulated,5984,10
simulated,5985,2
simulated,5986,5
simulated,5987,13
simulated,5988,9
simulated,5989,17
simulated,5990,3
simulated,5991,7
simulated,5992,6
simulated,5993,1
simulated,5994,11
simulated,5995,14
simulated,5996,17
simulated,5997,9
simulated,5998,5
simulated,5999,11
simulated,6000,4
simulated,6001,1
simulated,6002,13
simulated,6003,15
simulated,6004,5
simulated,6005,20
simulated,6006,5
simulated,6007,16
simulated,6008,20
simulated,6009,4
simulated,6010,5
simulated,6011,10
simulated,6012,13
simulated,6013,7
simulated,6014,7
simulated,6015,7
simulated,6016,3
simulated,6017,7
simulated,6018,5
simulated,6019,13
simulated,6020,6
simulated,6021,18
simulated,6022,18
simulated,6023,13
simulated,6024,16
simulated,6025,11
simulated,6026,7
simulated,6027,5
simulated,6028,3
simulated,6029,4
simulated,6030,12
simulated,6031,14
simulated,6032,20
simulated,6033,7
simulated,6034,18
simulated,6035,5
simulated,6036,5
simulated,6037,12
simulated,6038,3
simulated,6039,2
simulated,6040,6
simulated,6041,10
simulated,6042,14
simulated,6043,10
simulated,6044,6
simulated,6045,19
simulated,6046,12
simulated,6047,20
simulated,6048,11
simulated,6049,20
simulated,6050,2
simulated,6051,3
simulated,6052,6
simulated,6053,16
simulated,6054,8
simulated,6055,6
simulated,6056,15
simulated,6057,8
simulated,6058,7
simulated,6059,15
simulated,6060,14
simulated,6061,2
simulated,6062,14
simulated,6063,9
simulated,6064,6
simulated,6065,7
simulated,6066,11
simulated,6067,3
simulated,6068,1
simulated,6069,18
simulated,6070,9
simulated,6071,12
simulated,6072,6
simulated,6073,3
simulated,6074,7
simulated,6075,6
simulated,6076,7
simulated,6077,12
simulated,6078,15
simulated,6079,19
simulated,6080,10
simulated,6081,6
simulated,6082,1
simulated,6083,2
simulated,6084,16
simulated,6085,11
simulated,6086,11
simulated,6087,9
simulated,6088,5
simulated,6089,9
simulated,6090,1
simulated,6091,10
simulated,6092,8
simulated,6093,6
simulated,6094,0
simulated,6095,12
simulated,6096,6
simulated,6097,4
simulated,6098,1
simulated,6099,18
simulated,6100,10
simulated,6101,9
simulated,6102,5
simulated,6103,12
simulated,6104,10
simulated,6105,19
simulated,6106,9
simulated,6107,19
simulated,6108,4
simulated,6109,7
simulated,6110,7
simulated,6111,11
simulated,6112,17
simulated,6113,3
simulated,6114,13
simulated,6115,4
simulated,6116,5
simulated,6117,5
simulated,6118,20
simulated,6119,5
simulated,6120,3
simulated,6121,20
simulated,6122,9
simulated,6123,1
simulated,6124,11
simulated,6125,10
simulated,6126,7
simulated,6127,18
simulated,6128,3
simulated,6129,5
simulated,6130,19
simulated,6131,5
simulated,6132,15
simulated,6133,10
simulated,6134,16
simulated,6135,12
simulated,6136,3
simulated,6137,1
simulated,6138,1
simulated,6139,6
simulated,6140,5
simulated,6141,5
simulated,6142,8
simulated,6143,18
simulated,6144,6
simulated,6145,4
simulated,6146,11
simulated,6147,13
simulated,6148,5
simulated,6149,11
simulated,6150,17
simulated,6151,2
simulated,6152,13
simulated,6153,12
simulated,6154,3
simulated,6155,13
simulated,6156,16
simulated,6157,7
simulated,6158,19
simulated,6159,7
simulated,6160,5
simulated,6161,12
simulated,6162,13
simulated,6163,0
simulated,6164,3
simulated,6165,6
simulated,6166,1
simulated,6167,8
simulated,6168,17
simulated,6169,6
simulated,6170,15
simulated,6171,18
simulated,6172,10
simulated,6173,9
simulated,6174,1
simulated,6175,14
simulated,6176,0
simulated,6177,9
simulated,6178,8
simulated,6179,14
simulated,6180,12
simulated,6181,0
simulated,6182,1
simulated,6183,11
simulated,6184,9
simulated,6185,19
simulated,6186,3
simulated,6187,4
simulated,6188,3
simulated,6189,7
simulated,6190,13
simulated,6191,17
simulated,6192,2
simulated,6193,6
simulated,6194,18
simulated,6195,3
simulated,6196,12
simulated,6197,15
simulated,6198,7
simulated,6199,6
simulated,6200,6
simulated,6201,19
simulated,6202,14
simulated,6203,4
simulated,6204,8
simulated,6205,15
simulated,6206,15
simulated,6207,14
simulated,6208,4
simulated,6209,2
simulated,6210,2
simulated,6211,20
simulated,6212,18
simulated,6213,1
simulated,6214,7
simulated,6215,3
simulated,6216,5
simulated,6217,8
simulated,6218,8
simulated,6219,3
simulated,6220,4
simulated,6221,5
simulated,6222,18
simulated,6223,5
simulated,6224,11
simulated,6225,16
simulated,6226,6
simulated,6227,5
simulated,6228,3
simulated,6229,5
simulated,6230,3
simulated,6231,3
simulated,6232,6
simulated,6233,20
simulated,6234,12
simulated,6235,3
simulated,6236,8
simulated,6237,8
simulated,6238,12
simulated,6239,2
simulated,6240,5
simulated,6241,1
simulated,6242,1
simulated,6243,15
simulated,6244,15
simulated,6245,13
simulated,6246,13
simulated,6247,9
simulated,6248,7
simulated,6249,16
simulated,6250,5
simulated,6251,3
simulated,6252,17
simulated,6253,18
simulated,6254,9
simulated,6255,20
simulated,6256,8
simulated,6257,12
simulated,6258,1
simulated,6259,5
simulated,6260,3
simulated,6261,8
simulated,6262,8
simulated,6263,12
simulated,6264,6
simulated,6265,3
simulated,6266,15
simulated,6267,8
simulated,6268,1
simulated,6269,6
simulated,6270,7
simulated,6271,15
simulated,6272,14
simulated,6273,20
simulated,6274,6
simulated,6275,4
simulated,6276,16
simulated,6277,6
simulated,6278,18
simulated,6279,15
simulated,6280,4
simulated,6281,10
simulated,6282,4
simulated,6283,7
simulated,6284,9
simulated,6285,15
simulated,6286,19
simulated,6287,12
simulated,6288,17
simulated,6289,20
simulated,6290,8
simulated,6291,18
simulated,6292,6
simulated,6293,9
simulated,6294,5
simulated,6295,20
simulated,6296,2
simulated,6297,17
simulated,6298,17
simulated,6299,17
simulated,6300,20
simulated,6301,6
simulated,6302,4
simulated,6303,11
simulated,6304,7
simulated,6305,6
simulated,6306,8
simulated,6307,18
simulated,6308,2
simulated,6309,11
simulated,6310,5
simulated,6311,9
simulated,6312,10
simulated,6313,20
simulated,6314,16
simulated,6315,17
simulated,6316,13
simulated,6317,13
simulated,6318,9
simulated,6319,14
simulated,6320,14
simulated,6321,2
simulated,6322,17
simulated,6323,5
simulated,6324,9
simulated,6325,14
simulated,6326,19
simulated,6327,9
simulated,6328,4
simulated,6329,3
simulated,6330,12
simulated,6331,13
simulated,6332,15
simulated,6333,20
simulated,6334,10
simulated,6335,20
simulated,6336,4
simulated,6337,2
simulated,6338,4
simulated,6339,18
simulated,6340,4
simulated,6341,12
simulated,6342,2
simulated,6343,1
simulated,6344,19
simulated,6345,14
simulated,6346,4
simulated,6347,5
simulated,6348,6
simulated,6349,6
simulated,6350,2
simulated,6351,8
simulated,6352,2
simulated,6353,11
simulated,6354,3
simulated,6355,7
simulated,6356,4
simulated,6357,7
simulated,6358,10
simulated,6359,7
simulated,6360,14
simulated,6361,7
simulated,6362,18
simulated,6363,17
simulated,6364,0
simulated,6365,1
simulated,6366,6
simulated,6367,6
simulated,6368,9
simulated,6369,11
simulated,6370,20
simulated,6371,17
simulated,6372,11
simulated,6373,9
simulated,6374,0
simulated,6375,13
simulated,6376,14
simulated,6377,3
simulated,6378,19
simulated,6379,0
simulated,6380,9
simulated,6381,19
simulated,6382,13
simulated,6383,18
simulated,6384,14
simulated,6385,5
simulated,6386,6
simulated,6387,18
simulated,6388,4
simulated,6389,14
simulated,6390,9
simulated,6391,13
simulated,6392,14
simulated,6393,20
simulated,6394,16
simulated,6395,11
simulated,6396,19
simulated,6397,11
simulated,6398,20
simulated,6399,11
simulated,6400,7
simulated,6401,9
simulated,6402,8
simulated,6403,2
simulated,6404,4
simulated,6405,2
simulated,6406,19
simulated,6407,11
simulated,6408,1
simulated,6409,1
simulated,6410,12
simulated,6411,9
simulated,6412,2
simulated,6413,1
simulated,6414,7
simulated,6415,14
simulated,6416,1
simulated,6417,13
simulated,6418,12
simulated,6419,4
simulated,6420,11
simulated,6421,17
simulated,6422,12
simulated,6423,12
simulated,6424,20
simulated,6425,3
simulated,6426,1
simulated,6427,18
simulated,6428,12
simulated,6429,14
simulated,6430,8
simulated,6431,3
simulated,6432,6
simulated,6433,4
simulated,6434,7
simulated,6435,15
simulated,6436,5
simulated,6437,20
simulated,6438,4
simulated,6439,2
simulated,6440,18
simulated,6441,5
simulated,6442,1
simulated,6443,13
simulated,6444,6
simulated,6445,14
simulated,6446,4
simulated,6447,20
simulated,6448,5
simulated,6449,6
simulated,6450,2
simulated,6451,19
simulated,6452,1
simulated,6453,15
simulated,6454,12
simulated,6455,7
simulated,6456,19
simulated,6457,3
simulated,6458,8
simulated,6459,3
simulated,6460,10
simulated,6461,17
simulated,6462,8
simulated,6463,10
simulated,6464,8
simulated,6465,8
simulated,6466,13
simulated,6467,15
simulated,6468,11
simulated,6469,4
simulated,6470,5
simulated,6471,1
simulated,6472,10
simulated,6473,5
simulated,6474,19
simulated,6475,15
simulated,6476,9
simulated,6477,18
simulated,6478,0
simulated,6479,19
simulated,6480,17
simulated,6481,1
simulated,6482,17
simulated,6483,16
simulated,6484,17
simulated,6485,15
simulated,6486,5
simulated,6487,7
simulated,6488,14
simulated,6489,6
simulated,6490,3
simulated,6491,10
simulated,6492,20
simulated,6493,0
simulated,6494,19
simulated,6495,15
simulated,6496,7
simulated,6497,5
simulated,6498,3
simulated,6499,16
simulated,6500,6
simulated,6501,2
simulated,6502,6
simulated,6503,14
simulated,6504,18
simulated,6505,6
simulated,6506,17
simulated,6507,20
simulated,6508,9
simulated,6509,0
simulated,6510,12
simulated,6511,11
simulated,6512,4
simulated,6513,5
simulated,6514,5
simulated,6515,17
simulated,6516,9
simulated,6517,17
simulated,6518,3
simulated,6519,5
simulated,6520,15
simulated,6521,19
simulated,6522,19
simulated,6523,9
simulated,6524,3
simulated,6525,2
simulated,6526,1
simulated,6527,7
simulated,6528,17
simulated,6529,7
simulated,6530,3
simulated,6531,5
simulated,6532,16
simulated,6533,16
simulated,6534,1
simulated,6535,19
simulated,6536,15
simulated,6537,1
simulated,6538,15
simulated,6539,13
simulated,6540,6
simulated,6541,19
simulated,6542,8
simulated,6543,8
simulated,6544,17
simulated,6545,1
simulated,6546,14
simulated,6547,2
simulated,6548,4
simulated,6549,10
simulated,6550,10
simulated,6551,9
simulated,6552,9
simulated,6553,20
simulated,6554,13
simulated,6555,19
simulated,6556,9
simulated,6557,8
simulated,6558,11
simulated,6559,13
simulated,6560,8
simulated,6561,12
simulated,6562,13
simulated,6563,11
simulated,6564,2
simulated,6565,4
simulated,6566,3
simulated,6567,2
simulated,6568,12
simulated,6569,17
simulated,6570,20
simulated,6571,1
simulated,6572,7
simulated,6573,20
simulated,6574,5
simulated,6575,14
simulated,6576,6
simulated,6577,5
simulated,6578,14
simulated,6579,10
simulated,6580,14
simulated,6581,3
simulated,6582,11
simulated,6583,2
simulated,6584,7
simulated,6585,13
simulated,6586,20
simulated,6587,11
simulated,6588,12
simulated,6589,16
simulated,6590,6
simulated,6591,9
simulated,6592,5
simulated,6593,15
simulated,6594,20
simulated,6595,20
simulated,6596,4
simulated,6597,1
simulated,6598,4
simulated,6599,6
simulated,6600,14
simulated,6601,13
simulated,6602,9
simulated,6603,4
simulated,6604,1
simulated,6605,4
simulated,6606,13
simulated,6607,13
simulated,6608,17
simulated,6609,12
simulated,6610,1
simulated,6611,15
simulated,6612,12
simulated,6613,9
simulated,6614,6
simulated,6615,8
simulated,6616,7
simulated,6617,6
simulated,6618,3
simulated,6619,3
simulated,6620,5
simulated,6621,9
simulated,6622,2
simulated,6623,6
simulated,6624,15
simulated,6625,9
simulated,6626,0
simulated,6627,19
simulated,6628,15
simulated,6629,3
simulated,6630,1
simulated,6631,12
simulated,6632,4
simulated,6633,10
simulated,6634,4
simulated,6635,17
simulated,6636,2
simulated,6637,18
simulated,6638,13
simulated,6639,3
simulated,6640,6
simulated,6641,4
simulated,6642,9
simulated,6643,4
simulated,6644,1
simulated,6645,12
simulated,6646,4
simulated,6647,18
simulated,6648,13
simulated,6649,3
simulated,6650,7
simulated,6651,9
simulated,6652,20
simulated,6653,5
simulated,6654,18
simulated,6655,1
simulated,6656,9
simulated,6657,1
simulated,6658,6
simulated,6659,8
simulated,6660,13
simulated,6661,20
simulated,6662,8
simulated,6663,5
simulated,6664,16
simulated,6665,6
simulated,6666,17
simulated,6667,9
simulated,6668,14
simulated,6669,7
simulated,6670,1
simulated,6671,6
simulated,6672,4
simulated,6673,7
simulated,6674,1
simulated,6675,6
simulated,6676,16
simulated,6677,3
simulated,6678,20
simulated,6679,4
simulated,6680,2
simulated,6681,2
simulated,6682,18
simulated,6683,13
simulated,6684,8
simulated,6685,2
simulated,6686,4
simulated,6687,6
simulated,6688,1
simulated,6689,20
simulated,6690,2
simulated,6691,13
simulated,6692,10
simulated,6693,3
simulated,6694,17
simulated,6695,1
simulated,6696,9
simulated,6697,2
simulated,6698,1
simulated,6699,5
simulated,6700,18
simulated,6701,7
simulated,6702,18
simulated,6703,12
simulated,6704,19
simulated,6705,15
simulated,6706,12
simulated,6707,8
simulated,6708,16
simulated,6709,16
simulated,6710,3
simulated,6711,16
simulated,6712,14
simulated,6713,6
simulated,6714,9
simulated,6715,13
simulated,6716,12
simulated,6717,18
simulated,6718,0
simulated,6719,1
simulated,6720,10
simulated,6721,1
simulated,6722,4
simulated,6723,13
simulated,6724,9
simulated,6725,16
simulated,6726,12
simulated,6727,19
simulated,6728,13
simulated,6729,2
simulated,6730,19
simulated,6731,18
simulated,6732,5
simulated,6733,5
simulated,6734,1
simulated,6735,3
simulated,6736,17
simulated,6737,12
simulated,6738,2
simulated,6739,15
simulated,6740,16
simulated,6741,20
simulated,6742,2
simulated,6743,18
simulated,6744,1
simulated,6745,1
simulated,6746,10
simulated,6747,6
simulated,6748,5
simulated,6749,3
simulated,6750,20
simulated,6751,19
simulated,6752,17
simulated,6753,15
simulated,6754,8
simulated,6755,3
simulated,6756,4
simulated,6757,7
simulated,6758,6
simulated,6759,5
simulated,6760,7
simulated,6761,4
simulated,6762,5
simulated,6763,14
simulated,6764,17
simulated,6765,5
simulated,6766,1
simulated,6767,2
simulated,6768,3
simulated,6769,8
simulated,6770,19
simulated,6771,3
simulated,6772,18
simulated,6773,9
simulated,6774,6
simulated,6775,6
simulated,6776,1
simulated,6777,9
simulated,6778,16
simulated,6779,12
simulated,6780,6
simulated,6781,14
simulated,6782,17
simulated,6783,1
simulated,6784,5
simulated,6785,20
simulated,6786,14
simulated,6787,13
simulated,6788,15
simulated,6789,0
simulated,6790,2
simulated,6791,18
simulated,6792,4
simulated,6793,8
simulated,6794,7
simulated,6795,0
simulated,6796,16
simulated,6797,6
simulated,6798,2
simulated,6799,19
simulated,6800,9
simulated,6801,6
simulated,6802,13
simulated,6803,11
simulated,6804,16
simulated,6805,9
simulated,6806,9
simulated,6807,8
simulated,6808,6
simulated,6809,4
simulated,6810,3
simulated,6811,15
simulated,6812,8
simulated,6813,4
simulated,6814,3
simulated,6815,9
simulated,6816,13
simulated,6817,4
simulated,6818,4
simulated,6819,9
simulated,6820,2
simulated,6821,11
simulated,6822,8
simulated,6823,4
simulated,6824,9
simulated,6825,1
simulated,6826,13
simulated,6827,4
simulated,6828,5
simulated,6829,1
simulated,6830,0
simulated,6831,3
simulated,6832,8
simulated,6833,7
simulated,6834,13
simulated,6835,8
simulated,6836,7
simulated,6837,17
simulated,6838,15
simulated,6839,8
simulated,6840,2
simulated,6841,6
simulated,6842,2
simulated,6843,1
simulated,6844,2
simulated,6845,5
simulated,6846,3
simulated,6847,11
simulated,6848,11
simulated,6849,12
simulated,6850,3
simulated,6851,6
simulated,6852,2
simulated,6853,3
simulated,6854,11
simulated,6855,20
simulated,6856,16
simulated,6857,8
simulated,6858,6
simulated,6859,5
simulated,6860,8
simulated,6861,19
simulated,6862,8
simulated,6863,20
simulated,6864,3
simulated,6865,20
simulated,6866,9
simulated,6867,17
simulated,6868,17
simulated,6869,9
simulated,6870,16
simulated,6871,17
simulated,6872,17
simulated,6873,4
simulated,6874,3
simulated,6875,19
simulated,6876,20
simulated,6877,16
simulated,6878,2
simulated,6879,13
simulated,6880,16
simulated,6881,15
simulated,6882,16
simulated,6883,19
simulated,6884,17
simulated,6885,11
simulated,6886,20
simulated,6887,12
simulated,6888,20
simulated,6889,16
simulated,6890,18
simulated,6891,4
simulated,6892,5
simulated,6893,20
simulated,6894,11
simulated,6895,18
simulated,6896,13
simulated,6897,20
simulated,6898,13
simulated,6899,18
simulated,6900,16
simulated,6901,12
simulated,6902,15
simulated,6903,12
simulated,6904,17
simulated,6905,8
simulated,6906,1
simulated,6907,15
simulated,6908,20
simulated,6909,2
simulated,6910,19
simulated,6911,8
simulated,6912,8
simulated,6913,2
simulated,6914,17
simulated,6915,5
simulated,6916,5
simulated,6917,3
simulated,6918,17
simulated,6919,5
simulated,6920,7
simulated,6921,20
simulated,6922,5
simulated,6923,20
simulated,6924,15
simulated,6925,19
simulated,6926,18
simulated,6927,5
simulated,6928,11
simulated,6929,14
simulated,6930,17
simulated,6931,16
simulated,6932,14
simulated,6933,12
simulated,6934,11
simulated,6935,14
simulated,6936,15
simulated,6937,13
simulated,6938,4
simulated,6939,3
simulated,6940,14
simulated,6941,16
simulated,6942,0
simulated,6943,2
simulated,6944,16
simulated,6945,7
simulated,6946,9
simulated,6947,13
simulated,6948,6
simulated,6949,19
simulated,6950,18
simulated,6951,6
simulated,6952,11
simulated,6953,6
simulated,6954,4
simulated,6955,15
simulated,6956,5
simulated,6957,5
simulated,6958,5
simulated,6959,5
simulated,6960,15
simulated,6961,17
simulated,6962,2
simulated,6963,1
simulated,6964,20
simulated,6965,3
simulated,6966,5
simulated,6967,17
simulated,6968,13
simulated,6969,20
simulated,6970,20
simulated,6971,15
simulated,6972,3
simulated,6973,2
simulated,6974,14
simulated,6975,7
simulated,6976,18
simulated,6977,13
simulated,6978,6
simulated,6979,8
simulated,6980,5
simulated,6981,15
simulated,6982,11
simulated,6983,7
simulated,6984,16
simulated,6985,5
simulated,6986,18
simulated,6987,3
simulated,6988,2
simulated,6989,3
simulated,6990,16
simulated,6991,7
simulated,6992,14
simulated,6993,6
simulated,6994,10
simulated,6995,2
simulated,6996,12
simulated,6997,19
simulated,6998,4
simulated,6999,3
simulated,7000,17
simulated,7001,9
simulated,7002,7
simulated,7003,17
simulated,7004,17
simulated,7005,7
simulated,7006,11
simulated,7007,4
simulated,7008,3
simulated,7009,1
simulated,7010,10
simulated,7011,18
simulated,7012,18
simulated,7013,11
simulated,7014,17
simulated,7015,10
simulated,7016,5
simulated,7017,13
simulated,7018,17
simulated,7019,2
simulated,7020,15
simulated,7021,11
simulated,7022,2
simulated,7023,10
simulated,7024,10
simulated,7025,6
simulated,7026,4
simulated,7027,10
simulated,7028,13
simulated,7029,2
simulated,7030,14
simulated,7031,13
simulated,7032,14
simulated,7033,7
simulated,7034,11
simulated,7035,13
simulated,7036,3
simulated,7037,14
simulated,7038,11
simulated,7039,2
simulated,7040,8
simulated,7041,7
simulated,7042,2
simulated,7043,3
simulated,7044,7
simulated,7045,6
simulated,7046,15
simulated,7047,18
simulated,7048,7
simulated,7049,17
simulated,7050,3
simulated,7051,8
simulated,7052,7
simulated,7053,19
simulated,7054,7
simulated,7055,1
simulated,7056,3
simulated,7057,6
simulated,7058,9
simulated,7059,2
simulated,7060,19
simulated,7061,7
simulated,7062,2
simulated,7063,5
simulated,7064,2
simulated,7065,1
simulated,7066,15
simulated,7067,3
simulated,7068,2
simulated,7069,3
simulated,7070,5
simulated,7071,17
simulated,7072,13
simulated,7073,10
simulated,7074,6
simulated,7075,2
simulated,7076,8
simulated,7077,2
simulated,7078,12
simulated,7079,2
simulated,7080,6
simulated,7081,13
simulated,7082,15
simulated,7083,4
simulated,7084,3
simulated,7085,15
simulated,7086,15
simulated,7087,11
simulated,7088,20
simulated,7089,12
simulated,7090,2
simulated,7091,19
simulated,7092,4
simulated,7093,20
simulated,7094,20
simulated,7095,5
simulated,7096,13
simulated,7097,4
simulated,7098,17
simulated,7099,3
simulated,7100,4
simulated,7101,1
simulated,7102,13
simulated,7103,13
simulated,7104,14
simulated,7105,10
simulated,7106,7
simulated,7107,5
simulated,7108,6
simulated,7109,16
simulated,7110,5
simulated,7111,19
simulated,7112,2
simulated,7113,2
simulated,7114,18
simulated,7115,7
simulated,7116,2
simulated,7117,10
simulated,7118,6
simulated,7119,6
simulated,7120,4
simulated,7121,18
simulated,7122,5
simulated,7123,15
simulated,7124,5
simulated,7125,3
simulated,7126,20
simulated,7127,8
simulated,7128,7
simulated,7129,3
simulated,7130,17
simulated,7131,10
simulated,7132,3
simulated,7133,1
simulated,7134,18
simulated,7135,9
simulated,7136,20
simulated,7137,11
simulated,7138,6
simulated,7139,14
simulated,7140,17
simulated,7141,2
simulated,7142,20
simulated,7143,9
simulated,7144,0
simulated,7145,18
simulated,7146,15
simulated,7147,20
simulated,7148,16
simulated,7149,3
simulated,7150,2
simulated,7151,12
simulated,7152,12
simulated,7153,20
simulated,7154,16
simulated,7155,2
simulated,7156,15
simulated,7157,8
simulated,7158,5
simulated,7159,17
simulated,7160,0
simulated,7161,11
simulated,7162,11
simulated,7163,11
simulated,7164,0
simulated,7165,19
simulated,7166,3
simulated,7167,15
simulated,7168,13
simulated,7169,10
simulated,7170,3
simulated,7171,2
simulated,7172,3
simulated,7173,7
simulated,7174,1
simulated,7175,3
simulated,7176,14
simulated,7177,1
simulated,7178,12
simulated,7179,4
simulated,7180,7
simulated,7181,1
simulated,7182,16
simulated,7183,14
simulated,7184,8
simulated,7185,15
simulated,7186,7
simulated,7187,2
simulated,7188,7
simulated,7189,7
simulated,7190,3
simulated,7191,12
simulated,7192,8
simulated,7193,18
simulated,7194,4
simulated,7195,4
simulated,7196,15
simulated,7197,15
simulated,7198,5
simulated,7199,14
simulated,7200,12
simulated,7201,14
simulated,7202,15
simulated,7203,17
simulated,7204,4
simulated,7205,17
simulated,7206,7
simulated,7207,6
simulated,7208,2
simulated,7209,10
simulated,7210,8
simulated,7211,3
simulated,7212,2
simulated,7213,20
simulated,7214,18
simulated,7215,12
simulated,7216,15
simulated,7217,16
simulated,7218,12
simulated,7219,3
simulated,7220,8
simulated,7221,6
simulated,7222,2
simulated,7223,2
simulated,7224,6
simulated,7225,18
simulated,7226,2
simulated,7227,4
simulated,7228,0
simulated,7229,9
simulated,7230,5
simulated,7231,17
simulated,7232,12
simulated,7233,4
simulated,7234,10
simulated,7235,20
simulated,7236,14
simulated,7237,19
simulated,7238,1
simulated,7239,10
simulated,7240,2
simulated,7241,3
simulated,7242,13
simulated,7243,8
simulated,7244,7
simulated,7245,6
simulated,7246,2
simulated,7247,5
simulated,7248,7
simulated,7249,2
simulated,7250,7
simulated,7251,17
simulated,7252,5
simulated,7253,9
simulated,7254,20
simulated,7255,10
simulated,7256,3
simulated,7257,2
simulated,7258,8
simulated,7259,8
simulated,7260,3
simulated,7261,0
simulated,7262,1
simulated,7263,4
simulated,7264,1
simulated,7265,11
simulated,7266,3
simulated,7267,20
simulated,7268,4
simulated,7269,10
simulated,7270,19
simulated,7271,6
simulated,7272,8
simulated,7273,5
simulated,7274,12
simulated,7275,8
simulated,7276,11
simulated,7277,3
simulated,7278,13
simulated,7279,12
simulated,7280,0
simulated,7281,5
simulated,7282,8
simulated,7283,17
simulated,7284,3
simulated,7285,2
simulated,7286,18
simulated,7287,7
simulated,7288,8
simulated,7289,17
simulated,7290,19
simulated,7291,17
simulated,7292,6
simulated,7293,17
simulated,7294,17
simulated,7295,19
simulated,7296,19
simulated,7297,8
simulated,7298,17
simulated,7299,6
simulated,7300,10
simulated,7301,7
simulated,7302,9
simulated,7303,12
simulated,7304,9
simulated,7305,10
simulated,7306,18
simulated,7307,18
simulated,7308,2
simulated,7309,3
simulated,7310,2
simulated,7311,19
simulated,7312,20
simulated,7313,14
simulated,7314,6
simulated,7315,7
simulated,7316,7
simulated,7317,15
simulated,7318,2
simulated,7319,3
simulated,7320,18
simulated,7321,18
simulated,7322,11
simulated,7323,18
simulated,7324,10
simulated,7325,3
simulated,7326,4
simulated,7327,17
simulated,7328,14
simulated,7329,12
simulated,7330,3
simulated,7331,10
simulated,7332,7
simulated,7333,12
simulated,7334,9
simulated,7335,6
simulated,7336,10
simulated,7337,1
simulated,7338,19
simulated,7339,5
simulated,7340,8
simulated,7341,12
simulated,7342,1
simulated,7343,11
simulated,7344,6
simulated,7345,6
simulated,7346,5
simulated,7347,16
simulated,7348,9
simulated,7349,8
simulated,7350,4
simulated,7351,7
simulated,7352,13
simulated,7353,9
simulated,7354,13
simulated,7355,6
simulated,7356,14
simulated,7357,18
simulated,7358,20
simulated,7359,4
simulated,7360,20
simulated,7361,6
simulated,7362,18
simulated,7363,19
simulated,7364,6
simulated,7365,7
simulated,7366,13
simulated,7367,6
simulated,7368,16
simulated,7369,15
simulated,7370,2
simulated,7371,12
simulated,7372,6
simulated,7373,9
simulated,7374,20
simulated,7375,12
simulated,7376,3
simulated,7377,6
simulated,7378,7
simulated,7379,7
simulated,7380,10
simulated,7381,7
simulated,7382,3
simulated,7383,11
simulated,7384,2
simulated,7385,6
simulated,7386,16
simulated,7387,20
simulated,7388,15
simulated,7389,15
simulated,7390,17
simulated,7391,5
simulated,7392,4
simulated,7393,5
simulated,7394,9
simulated,7395,20
simulated,7396,11
simulated,7397,14
simulated,7398,20
simulated,7399,0
simulated,7400,5
simulated,7401,14
simulated,7402,7
simulated,7403,2
simulated,7404,19
simulated,7405,13
simulated,7406,2
simulated,7407,1
simulated,7408,11
simulated,7409,18
simulated,7410,1
simulated,7411,4
simulated,7412,19
simulated,7413,2
simulated,7414,10
simulated,7415,10
simulated,7416,18
simulated,7417,16
simulated,7418,18
simulated,7419,5
simulated,7420,18
simulated,7421,9
simulated,7422,9
simulated,7423,6
simulated,7424,8
simulated,7425,10
simulated,7426,5
simulated,7427,1
simulated,7428,11
simulated,7429,0
simulated,7430,8
simulated,7431,20
simulated,7432,6
simulated,7433,19
simulated,7434,20
simulated,7435,16
simulated,7436,9
simulated,7437,3
simulated,7438,15
simulated,7439,4
simulated,7440,15
simulated,7441,0
simulated,7442,8
simulated,7443,2
simulated,7444,13
simulated,7445,18
simulated,7446,4
simulated,7447,16
simulated,7448,17
simulated,7449,8
simulated,7450,20
simulated,7451,8
simulated,7452,9
simulated,7453,8
simulated,7454,20
simulated,7455,9
simulated,7456,7
simulated,7457,1
simulated,7458,1
simulated,7459,4
simulated,7460,4
simulated,7461,13
simulated,7462,16
simulated,7463,11
simulated,7464,8
simulated,7465,9
simulated,7466,11
simulated,7467,6
simulated,7468,14
simulated,7469,14
simulated,7470,11
simulated,7471,8
simulated,7472,6
simulated,7473,8
simulated,7474,15
simulated,7475,11
simulated,7476,17
simulated,7477,2
simulated,7478,1
simulated,7479,20
simulated,7480,20
simulated,7481,10
simulated,7482,5
simulated,7483,20
simulated,7484,11
simulated,7485,9
simulated,7486,3
simulated,7487,9
simulated,7488,6
simulated,7489,17
simulated,7490,3
simulated,7491,2
simulated,7492,12
simulated,7493,20
simulated,7494,2
simulated,7495,8
simulated,7496,16
simulated,7497,11
simulated,7498,5
simulated,7499,12
simulated,7500,15
simulated,7501,15
simulated,7502,5
simulated,7503,9
simulated,7504,20
simulated,7505,6
simulated,7506,17
simulated,7507,14
simulated,7508,2
simulated,7509,4
simulated,7510,17
simulated,7511,4
simulated,7512,19
simulated,7513,17
simulated,7514,7
simulated,7515,7
simulated,7516,19
simulated,7517,2
simulated,7518,18
simulated,7519,1
simulated,7520,3
simulated,7521,3
simulated,7522,13
simulated,7523,5
simulated,7524,4
simulated,7525,15
simulated,7526,7
simulated,7527,3
simulated,7528,10
simulated,7529,18
simulated,7530,11
simulated,7531,7
simulated,7532,4
simulated,7533,16
simulated,7534,8
simulated,7535,18
simulated,7536,13
simulated,7537,12
simulated,7538,9
simulated,7539,15
simulated,7540,20
simulated,7541,20
simulated,7542,11
simulated,7543,0
simulated,7544,17
simulated,7545,16
simulated,7546,20
simulated,7547,16
simulated,7548,3
simulated,7549,0
simulated,7550,6
simulated,7551,1
simulated,7552,4
simulated,7553,3
simulated,7554,10
simulated,7555,4
simulated,7556,12
simulated,7557,13
simulated,7558,4
simulated,7559,3
simulated,7560,3
simulated,7561,13
simulated,7562,17
simulated,7563,1
simulated,7564,4
simulated,7565,1
simulated,7566,4
simulated,7567,3
simulated,7568,12
simulated,7569,20
simulated,7570,4
simulated,7571,4
simulated,7572,17
simulated,7573,5
simulated,7574,8
simulated,7575,17
simulated,7576,7
simulated,7577,9
simulated,7578,18
simulated,7579,5
simulated,7580,1
simulated,7581,16
simulated,7582,3
simulated,7583,8
simulated,7584,20
simulated,7585,10
simulated,7586,3
simulated,7587,8
simulated,7588,18
simulated,7589,4
simulated,7590,12
simulated,7591,19
simulated,7592,7
simulated,7593,19
simulated,7594,13
simulated,7595,5
simulated,7596,6
simulated,7597,7
simulated,7598,7
simulated,7599,3
simulated,7600,6
simulated,7601,4
simulated,7602,1
simulated,7603,7
simulated,7604,15
simulated,7605,7
simulated,7606,14
simulated,7607,8
simulated,7608,7
simulated,7609,6
simulated,7610,5
simulated,7611,7
simulated,7612,17
simulated,7613,18
simulated,7614,18
simulated,7615,19
simulated,7616,6
simulated,7617,13
simulated,7618,3
simulated,7619,8
simulated,7620,20
simulated,7621,15
simulated,7622,5
simulated,7623,2
simulated,7624,9
simulated,7625,12
simulated,7626,7
simulated,7627,8
simulated,7628,11
simulated,7629,17
simulated,7630,19
simulated,7631,3
simulated,7632,8
simulated,7633,11
simulated,7634,1
simulated,7635,3
simulated,7636,7
simulated,7637,5
simulated,7638,16
simulated,7639,19
simulated,7640,15
simulated,7641,7
simulated,7642,5
simulated,7643,16
simulated,7644,7
simulated,7645,6
simulated,7646,14
simulated,7647,2
simulated,7648,0
simulated,7649,10
simulated,7650,12
simulated,7651,13
simulated,7652,16
simulated,7653,3
simulated,7654,20
simulated,7655,2
simulated,7656,17
simulated,7657,15
simulated,7658,13
simulated,7659,1
simulated,7660,2
simulated,7661,17
simulated,7662,10
simulated,7663,18
simulated,7664,8
simulated,7665,2
simulated,7666,6
simulated,7667,5
simulated,7668,19
simulated,7669,0
simulated,7670,20
simulated,7671,18
simulated,7672,16
simulated,7673,20
simulated,7674,17
simulated,7675,16
simulated,7676,1
simulated,7677,2
simulated,7678,2
simulated,7679,17
simulated,7680,3
simulated,7681,3
simulated,7682,7
simulated,7683,9
simulated,7684,6
simulated,7685,1
simulated,7686,13
simulated,7687,19
simulated,7688,12
simulated,7689,2
simulated,7690,2
simulated,7691,13
simulated,7692,7
simulated,7693,10
simulated,7694,8
simulated,7695,16
simulated,7696,14
simulated,7697,5
simulated,7698,18
simulated,7699,6
simulated,7700,3
simulated,7701,7
simulated,7702,19
simulated,7703,3
simulated,7704,5
simulated,7705,8
simulated,7706,2
simulated,7707,20
simulated,7708,14
simulated,7709,12
simulated,7710,5
simulated,7711,14
simulated,7712,18
simulated,7713,8
simulated,7714,1
simulated,7715,4
simulated,7716,7
simulated,7717,7
simulated,7718,4
simulated,7719,14
simulated,7720,14
simulated,7721,3
simulated,7722,8
simulated,7723,11
simulated,7724,16
simulated,7725,19
simulated,7726,14
simulated,7727,11
simulated,7728,9
simulated,7729,7
simulated,7730,19
simulated,7731,4
simulated,7732,5
simulated,7733,0
simulated,7734,1
simulated,7735,20
simulated,7736,20
simulated,7737,3
simulated,7738,0
simulated,7739,5
simulated,7740,14
simulated,7741,9
simulated,7742,9
simulated,7743,5
simulated,7744,19
simulated,7745,6
simulated,7746,3
simulated,7747,1
simulated,7748,1
simulated,7749,4
simulated,7750,19
simulated,7751,9
simulated,7752,1
simulated,7753,14
simulated,7754,8
simulated,7755,7
simulated,7756,13
simulated,7757,10
simulated,7758,17
simulated,7759,2
simulated,7760,17
simulated,7761,10
simulated,7762,10
simulated,7763,13
simulated,7764,5
simulated,7765,2
simulated,7766,12
simulated,7767,2
simulated,7768,7
simulated,7769,10
simulated,7770,7
simulated,7771,15
simulated,7772,17
simulated,7773,11
simulated,7774,19
simulated,7775,3
simulated,7776,5
simulated,7777,6
simulated,7778,9
simulated,7779,1
simulated,7780,20
simulated,7781,3
simulated,7782,6
simulated,7783,10
simulated,7784,17
simulated,7785,9
simulated,7786,15
simulated,7787,16
simulated,7788,16
simulated,7789,13
simulated,7790,15
simulated,7791,11
simulated,7792,15
simulated,7793,5
simulated,7794,4
simulated,7795,4
simulated,7796,7
simulated,7797,11
simulated,7798,11
simulated,7799,6
simulated,7800,3
simulated,7801,18
simulated,7802,18
simulated,7803,9
simulated,7804,10
simulated,7805,3
simulated,7806,5
simulated,7807,2
simulated,7808,7
simulated,7809,9
simulated,7810,7
simulated,7811,2
simulated,7812,6
simulated,7813,16
simulated,7814,12
simulated,7815,19
simulated,7816,9
simulated,7817,16
simulated,7818,19
simulated,7819,3
simulated,7820,15
simulated,7821,11
simulated,7822,8
simulated,7823,6
simulated,7824,20
simulated,7825,12
simulated,7826,16
simulated,7827,6
simulated,7828,19
simulated,7829,9
simulated,7830,14
simulated,7831,13
simulated,7832,4
simulated,7833,18
simulated,7834,10
simulated,7835,10
simulated,7836,2
simulated,7837,18
simulated,7838,1
simulated,7839,2
simulated,7840,4
simulated,7841,3
simulated,7842,5
simulated,7843,11
simulated,7844,1
simulated,7845,2
simulated,7846,11
simulated,7847,10
simulated,7848,17
simulated,7849,11
simulated,7850,19
simulated,7851,1
simulated,7852,0
simulated,7853,4
simulated,7854,3
simulated,7855,1
simulated,7856,2
simulated,7857,1
simulated,7858,6
simulated,7859,16
simulated,7860,5
simulated,7861,15
simulated,7862,8
simulated,7863,13
simulated,7864,3
simulated,7865,12
simulated,7866,9
simulated,7867,17
simulated,7868,2
simulated,7869,8
simulated,7870,8
simulated,7871,19
simulated,7872,3
simulated,7873,5
simulated,7874,5
simulated,7875,7
simulated,7876,3
simulated,7877,9
simulated,7878,3
simulated,7879,7
simulated,7880,9
simulated,7881,20
simulated,7882,2
simulated,7883,2
simulated,7884,6
simulated,7885,20
simulated,7886,8
simulated,7887,14
simulated,7888,2
simulated,7889,2
simulated,7890,12
simulated,7891,2
simulated,7892,16
simulated,7893,12
simulated,7894,9
simulated,7895,20
simulated,7896,5
simulated,7897,8
simulated,7898,2
simulated,7899,3
simulated,7900,10
simulated,7901,17
simulated,7902,6
simulated,7903,11
simulated,7904,9
simulated,7905,3
simulated,7906,12
simulated,7907,9
simulated,7908,10
simulated,7909,0
simulated,7910,17
simulated,7911,0
simulated,7912,9
simulated,7913,5
simulated,7914,1
simulated,7915,1
simulated,7916,16
simulated,7917,18
simulated,7918,15
simulated,7919,13
simulated,7920,11
simulated,7921,7
simulated,7922,19
simulated,7923,4
simulated,7924,6
simulated,7925,12
simulated,7926,13
simulated,7927,20
simulated,7928,6
simulated,7929,19
simulated,7930,3
simulated,7931,6
simulated,7932,1
simulated,7933,19
simulated,7934,13
simulated,7935,4
simulated,7936,2
simulated,7937,2
simulated,7938,9
simulated,7939,14
simulated,7940,0
simulated,7941,1
simulated,7942,3
simulated,7943,14
simulated,7944,19
simulated,7945,4
simulated,7946,8
simulated,7947,6
simulated,7948,19
simulated,7949,11
simulated,7950,19
simulated,7951,12
simulated,7952,7
simulated,7953,4
simulated,7954,11
simulated,7955,12
simulated,7956,9
simulated,7957,7
simulated,7958,6
simulated,7959,7
simulated,7960,6
simulated,7961,14
simulated,7962,9
simulated,7963,15
simulated,7964,14
simulated,7965,3
simulated,7966,9
simulated,7967,4
simulated,7968,3
simulated,7969,20
simulated,7970,4
simulated,7971,8
simulated,7972,18
simulated,7973,10
simulated,7974,12
simulated,7975,17
simulated,7976,13
simulated,7977,9
simulated,7978,11
simulated,7979,6
simulated,7980,7
simulated,7981,2
simulated,7982,7
simulated,7983,4
simulated,7984,20
simulated,7985,4
simulated,7986,10
simulated,7987,20
simulated,7988,18
simulated,7989,13
simulated,7990,15
simulated,7991,2
simulated,7992,20
simulated,7993,4
simulated,7994,8
simulated,7995,11
simulated,7996,6
simulated,7997,20
simulated,7998,11
simulated,7999,10
simulated,8000,11
simulated,8001,13
simulated,8002,20
simulated,8003,4
simulated,8004,4
simulated,8005,0
simulated,8006,10
simulated,8007,4
simulated,8008,17
simulated,8009,4
simulated,8010,16
simulated,8011,18
simulated,8012,8
simulated,8013,2
simulated,8014,20
simulated,8015,15
simulated,8016,6
simulated,8017,16
simulated,8018,2
simulated,8019,4
simulated,8020,15
simulated,8021,1
simulated,8022,2
simulated,8023,15
simulated,8024,5
simulated,8025,5
simulated,8026,12
simulated,8027,20
simulated,8028,9
simulated,8029,19
simulated,8030,12
simulated,8031,7
simulated,8032,17
simulated,8033,9
simulated,8034,16
simulated,8035,12
simulated,8036,1
simulated,8037,6
simulated,8038,4
simulated,8039,0
simulated,8040,0
simulated,8041,5
simulated,8042,14
simulated,8043,5
simulated,8044,15
simulated,8045,16
simulated,8046,20
simulated,8047,16
simulated,8048,20
simulated,8049,13
simulated,8050,11
simulated,8051,10
simulated,8052,13
simulated,8053,3
simulated,8054,9
simulated,8055,8
simulated,8056,6
simulated,8057,4
simulated,8058,12
simulated,8059,8
simulated,8060,15
simulated,8061,2
simulated,8062,3
simulated,8063,7
simulated,8064,6
simulated,8065,5
simulated,8066,3
simulated,8067,14
simulated,8068,18
simulated,8069,8
simulated,8070,7
simulated,8071,17
simulated,8072,4
simulated,8073,5
simulated,8074,19
simulated,8075,13
simulated,8076,2
simulated,8077,17
simulated,8078,20
simulated,8079,15
simulated,8080,6
simulated,8081,4
simulated,8082,17
simulated,8083,2
simulated,8084,9
simulated,8085,1
simulated,8086,14
simulated,8087,3
simulated,8088,17
simulated,8089,10
simulated,8090,4
simulated,8091,14
simulated,8092,2
simulated,8093,1
simulated,8094,16
simulated,8095,6
simulated,8096,7
simulated,8097,13
simulated,8098,5
simulated,8099,11
simulated,8100,17
simulated,8101,13
simulated,8102,17
simulated,8103,19
simulated,8104,17
simulated,8105,8
simulated,8106,14
simulated,8107,7
simulated,8108,6
simulated,8109,20
simulated,8110,9
simulated,8111,5
simulated,8112,20
simulated,8113,11
simulated,8114,3
simulated,8115,19
simulated,8116,18
simulated,8117,10
simulated,8118,14
simulated,8119,12
simulated,8120,13
simulated,8121,15
simulated,8122,16
simulated,8123,4
simulated,8124,3
simulated,8125,2
simulated,8126,8
simulated,8127,1
simulated,8128,4
simulated,8129,16
simulated,8130,3
simulated,8131,2
simulated,8132,14
simulated,8133,1
simulated,8134,1
simulated,8135,3
simulated,8136,3
simulated,8137,15
simulated,8138,18
simulated,8139,8
simulated,8140,2
simulated,8141,10
simulated,8142,20
simulated,8143,12
simulated,8144,20
simulated,8145,8
simulated,8146,6
simulated,8147,15
simulated,8148,20
simulated,8149,15
simulated,8150,7
simulated,8151,18
simulated,8152,8
simulated,8153,3
simulated,8154,4
simulated,8155,8
simulated,8156,7
simulated,8157,14
simulated,8158,11
simulated,8159,1
simulated,8160,14
simulated,8161,8
simulated,8162,20
simulated,8163,10
simulated,8164,15
simulated,8165,10
simulated,8166,2
simulated,8167,3
simulated,8168,3
simulated,8169,4
simulated,8170,1
simulated,8171,1
simulated,8172,18
simulated,8173,13
simulated,8174,11
simulated,8175,13
simulated,8176,20
simulated,8177,6
simulated,8178,14
simulated,8179,8
simulated,8180,16
simulated,8181,9
simulated,8182,11
simulated,8183,9
simulated,8184,19
simulated,8185,17
simulated,8186,15
simulated,8187,20
simulated,8188,3
simulated,8189,3
simulated,8190,5
simulated,8191,6
simulated,8192,12
simulated,8193,1
simulated,8194,17
simulated,8195,16
simulated,8196,3
simulated,8197,19
simulated,8198,17
simulated,8199,1
simulated,8200,10
simulated,8201,20
simulated,8202,19
simulated,8203,7
simulated,8204,4
simulated,8205,5
simulated,8206,5
simulated,8207,2
simulated,8208,13
simulated,8209,16
simulated,8210,13
simulated,8211,10
simulated,8212,18
simulated,8213,13
simulated,8214,17
simulated,8215,20
simulated,8216,6
simulated,8217,10
simulated,8218,5
simulated,8219,4
simulated,8220,10
simulated,8221,17
simulated,8222,11
simulated,8223,17
simulated,8224,0
simulated,8225,1
simulated,8226,6
simulated,8227,10
simulated,8228,11
simulated,8229,2
simulated,8230,2
simulated,8231,20
simulated,8232,13
simulated,8233,6
simulated,8234,3
simulated,8235,2
simulated,8236,9
simulated,8237,20
simulated,8238,2
simulated,8239,18
simulated,8240,6
simulated,8241,17
simulated,8242,19
simulated,8243,8
simulated,8244,18
simulated,8245,5
simulated,8246,1
simulated,8247,8
simulated,8248,5
simulated,8249,8
simulated,8250,16
simulated,8251,5
simulated,8252,17
simulated,8253,3
simulated,8254,16
simulated,8255,5
simulated,8256,10
simulated,8257,9
simulated,8258,19
simulated,8259,20
simulated,8260,14
simulated,8261,1
simulated,8262,9
simulated,8263,15
simulated,8264,9
simulated,8265,20
simulated,8266,7
simulated,8267,3
simulated,8268,0
simulated,8269,16
simulated,8270,2
simulated,8271,2
simulated,8272,6
simulated,8273,18
simulated,8274,19
simulated,8275,5
simulated,8276,18
simulated,8277,7
simulated,8278,19
simulated,8279,18
simulated,8280,1
simulated,8281,8
simulated,8282,2
simulated,8283,10
simulated,8284,0
simulated,8285,15
simulated,8286,5
simulated,8287,6
simulated,8288,2
simulated,8289,17
simulated,8290,7
simulated,8291,16
simulated,8292,2
simulated,8293,9
simulated,8294,6
simulated,8295,16
simulated,8296,5
simulated,8297,18
simulated,8298,9
simulated,8299,18
simulated,8300,1
simulated,8301,4
simulated,8302,5
simulated,8303,3
simulated,8304,6
simulated,8305,4
simulated,8306,9
simulated,8307,18
simulated,8308,3
simulated,8309,6
simulated,8310,4
simulated,8311,0
simulated,8312,15
simulated,8313,2
simulated,8314,8
simulated,8315,7
simulated,8316,11
simulated,8317,7
simulated,8318,20
simulated,8319,3
simulated,8320,5
simulated,8321,3
simulated,8322,6
simulated,8323,13
simulated,8324,19
simulated,8325,10
simulated,8326,9
simulated,8327,17
simulated,8328,8
simulated,8329,11
simulated,8330,16
simulated,8331,19
simulated,8332,2
simulated,8333,1
simulated,8334,6
simulated,8335,15
simulated,8336,10
simulated,8337,5
simulated,8338,14
simulated,8339,1
simulated,8340,6
simulated,8341,19
simulated,8342,11
simulated,8343,8
simulated,8344,13
simulated,8345,8
simulated,8346,4
simulated,8347,1
simulated,8348,18
simulated,8349,14
simulated,8350,7
simulated,8351,15
simulated,8352,16
simulated,8353,7
simulated,8354,2
simulated,8355,16
simulated,8356,7
simulated,8357,8
simulated,8358,3
simulated,8359,1
simulated,8360,11
simulated,8361,20
simulated,8362,14
simulated,8363,16
simulated,8364,18
simulated,8365,19
simulated,8366,9
simulated,8367,13
simulated,8368,3
simulated,8369,20
simulated,8370,12
simulated,8371,12
simulated,8372,19
simulated,8373,1
simulated,8374,2
simulated,8375,16
simulated,8376,5
simulated,8377,13
simulated,8378,3
simulated,8379,5
simulated,8380,5
simulated,8381,12
simulated,8382,3
simulated,8383,4
simulated,8384,4
simulated,8385,0
simulated,8386,14
simulated,8387,17
simulated,8388,2
simulated,8389,6
simulated,8390,13
simulated,8391,4
simulated,8392,8
simulated,8393,9
simulated,8394,15
simulated,8395,19
simulated,8396,14
simulated,8397,10
simulated,8398,7
simulated,8399,18
simulated,8400,20
simulated,8401,19
simulated,8402,3
simulated,8403,5
simulated,8404,3
simulated,8405,17
simulated,8406,13
simulated,8407,4
simulated,8408,5
simulated,8409,7
simulated,8410,19
simulated,8411,11
simulated,8412,20
simulated,8413,1
simulated,8414,8
simulated,8415,16
simulated,8416,15
simulated,8417,9
simulated,8418,11
simulated,8419,3
simulated,8420,6
simulated,8421,6
simulated,8422,20
simulated,8423,1
simulated,8424,1
simulated,8425,8
simulated,8426,15
simulated,8427,8
simulated,8428,1
simulated,8429,15
simulated,8430,15
simulated,8431,9
simulated,8432,0
simulated,8433,4
simulated,8434,18
simulated,8435,8
simulated,8436,4
simulated,8437,20
simulated,8438,3
simulated,8439,5
simulated,8440,17
simulated,8441,14
simulated,8442,18
simulated,8443,8
simulated,8444,9
simulated,8445,2
simulated,8446,17
simulated,8447,6
simulated,8448,4
simulated,8449,20
simulated,8450,3
simulated,8451,12
simulated,8452,19
simulated,8453,2
simulated,8454,17
simulated,8455,6
simulated,8456,10
simulated,8457,8
simulated,8458,4
simulated,8459,6
simulated,8460,4
simulated,8461,10
simulated,8462,2
simulated,8463,11
simulated,8464,13
simulated,8465,8
simulated,8466,12
simulated,8467,16
simulated,8468,5
simulated,8469,12
simulated,8470,13
simulated,8471,11
simulated,8472,3
simulated,8473,6
simulated,8474,15
simulated,8475,2
simulated,8476,19
simulated,8477,2
simulated,8478,5
simulated,8479,17
simulated,8480,2
simulated,8481,2
simulated,8482,2
simulated,8483,19
simulated,8484,13
simulated,8485,13
simulated,8486,1
simulated,8487,6
simulated,8488,19
simulated,8489,10
simulated,8490,3
simulated,8491,1
simulated,8492,5
simulated,8493,4
simulated,8494,4
simulated,8495,17
simulated,8496,13
simulated,8497,5
simulated,8498,0
simulated,8499,8
simulated,8500,6
simulated,8501,6
simulated,8502,18
simulated,8503,8
simulated,8504,1
simulated,8505,15
simulated,8506,20
simulated,8507,13
simulated,8508,8
simulated,8509,16
simulated,8510,8
simulated,8511,11
simulated,8512,3
simulated,8513,10
simulated,8514,6
simulated,8515,7
simulated,8516,4
simulated,8517,20
simulated,8518,11
simulated,8519,19
simulated,8520,11
simulated,8521,1
simulated,8522,17
simulated,8523,3
simulated,8524,7
simulated,8525,2
simulated,8526,13
simulated,8527,6
simulated,8528,12
simulated,8529,16
simulated,8530,11
simulated,8531,19
simulated,8532,10
simulated,8533,19
simulated,8534,18
simulated,8535,19
simulated,8536,20
simulated,8537,2
simulated,8538,2
simulated,8539,4
simulated,8540,10
simulated,8541,14
simulated,8542,9
simulated,8543,11
simulated,8544,5
simulated,8545,11
simulated,8546,11
simulated,8547,7
simulated,8548,4
simulated,8549,8
simulated,8550,20
simulated,8551,16
simulated,8552,5
simulated,8553,6
simulated,8554,20
simulated,8555,12
simulated,8556,8
simulated,8557,17
simulated,8558,6
simulated,8559,10
simulated,8560,3
simulated,8561,6
simulated,8562,9
simulated,8563,7
simulated,8564,3
simulated,8565,19
simulated,8566,14
simulated,8567,7
simulated,8568,17
simulated,8569,7
simulated,8570,9
simulated,8571,19
simulated,8572,9
simulated,8573,12
simulated,8574,8
simulated,8575,7
simulated,8576,17
simulated,8577,6
simulated,8578,11
simulated,8579,9
simulated,8580,18
simulated,8581,5
simulated,8582,2
simulated,8583,1
simulated,8584,9
simulated,8585,7
simulated,8586,10
simulated,8587,18
simulated,8588,9
simulated,8589,18
simulated,8590,8
simulated,8591,16
simulated,8592,4
simulated,8593,18
simulated,8594,5
simulated,8595,7
simulated,8596,19
simulated,8597,12
simulated,8598,19
simulated,8599,2
simulated,8600,11
simulated,8601,20
simulated,8602,20
simulated,8603,7
simulated,8604,4
simulated,8605,11
simulated,8606,16
simulated,8607,13
simulated,8608,16
simulated,8609,15
simulated,8610,15
simulated,8611,7
simulated,8612,3
simulated,8613,9
simulated,8614,6
simulated,8615,14
simulated,8616,18
simulated,8617,10
simulated,8618,7
simulated,8619,15
simulated,8620,11
simulated,8621,3
simulated,8622,1
simulated,8623,8
simulated,8624,11
simulated,8625,0
simulated,8626,16
simulated,8627,12
simulated,8628,0
simulated,8629,5
simulated,8630,4
simulated,8631,13
simulated,8632,13
simulated,8633,19
simulated,8634,19
simulated,8635,4
simulated,8636,4
simulated,8637,2
simulated,8638,18
simulated,8639,7
simulated,8640,16
simulated,8641,17
simulated,8642,8
simulated,8643,5
simulated,8644,4
simulated,8645,1
simulated,8646,5
simulated,8647,13
simulated,8648,10
simulated,8649,4
simulated,8650,5
simulated,8651,11
simulated,8652,8
simulated,8653,2
simulated,8654,4
simulated,8655,3
simulated,8656,5
simulated,8657,20
simulated,8658,15
simulated,8659,2
simulated,8660,14
simulated,8661,4
simulated,8662,6
simulated,8663,5
simulated,8664,18
simulated,8665,7
simulated,8666,12
simulated,8667,10
simulated,8668,20
simulated,8669,10
simulated,8670,12
simulated,8671,4
simulated,8672,15
simulated,8673,3
simulated,8674,20
simulated,8675,5
simulated,8676,2
simulated,8677,10
simulated,8678,17
simulated,8679,2
simulated,8680,9
simulated,8681,4
simulated,8682,13
simulated,8683,20
simulated,8684,20
simulated,8685,5
simulated,8686,1
simulated,8687,7
simulated,8688,2
simulated,8689,12
simulated,8690,11
simulated,8691,12
simulated,8692,1
simulated,8693,17
simulated,8694,12
simulated,8695,4
simulated,8696,16
simulated,8697,20
simulated,8698,20
simulated,8699,14
simulated,8700,1
simulated,8701,3
simulated,8702,20
simulated,8703,13
simulated,8704,4
simulated,8705,20
simulated,8706,0
simulated,8707,16
simulated,8708,18
simulated,8709,4
simulated,8710,5
simulated,8711,4
simulated,8712,18
simulated,8713,12
simulated,8714,20
simulated,8715,4
simulated,8716,4
simulated,8717,18
simulated,8718,18
simulated,8719,1
simulated,8720,19
simulated,8721,8
simulated,8722,7
simulated,8723,17
simulated,8724,11
simulated,8725,4
simulated,8726,20
simulated,8727,6
simulated,8728,8
simulated,8729,15
simulated,8730,8
simulated,8731,5
simulated,8732,7
simulated,8733,6
simulated,8734,7
simulated,8735,8
simulated,8736,7
simulated,8737,20
simulated,8738,16
simulated,8739,9
simulated,8740,5
simulated,8741,4
simulated,8742,1
simulated,8743,4
simulated,8744,16
simulated,8745,12
simulated,8746,5
simulated,8747,9
simulated,8748,1
simulated,8749,9
simulated,8750,15
simulated,8751,3
simulated,8752,15
simulated,8753,8
simulated,8754,4
simulated,8755,18
simulated,8756,13
simulated,8757,8
simulated,8758,17
simulated,8759,20
simulated,8760,5
simulated,8761,4
simulated,8762,17
simulated,8763,20
simulated,8764,11
simulated,8765,6
simulated,8766,8
simulated,8767,8
simulated,8768,5
simulated,8769,7
simulated,8770,19
simulated,8771,14
simulated,8772,3
simulated,8773,12
simulated,8774,6
simulated,8775,14
simulated,8776,17
simulated,8777,3
simulated,8778,10
simulated,8779,10
simulated,8780,6
simulated,8781,16
simulated,8782,2
simulated,8783,13
simulated,8784,2
simulated,8785,5
simulated,8786,12
simulated,8787,5
simulated,8788,17
simulated,8789,3
simulated,8790,20
simulated,8791,17
simulated,8792,3
simulated,8793,0
simulated,8794,20
simulated,8795,11
simulated,8796,17
simulated,8797,16
simulated,8798,16
simulated,8799,7
simulated,8800,19
simulated,8801,16
simulated,8802,13
simulated,8803,20
simulated,8804,9
simulated,8805,8
simulated,8806,19
simulated,8807,15
simulated,8808,19
simulated,8809,16
simulated,8810,17
simulated,8811,12
simulated,8812,16
simulated,8813,19
simulated,8814,3
simulated,8815,17
simulated,8816,16
simulated,8817,14
simulated,8818,8
simulated,8819,2
simulated,8820,13
simulated,8821,19
simulated,8822,14
simulated,8823,1
simulated,8824,5
simulated,8825,10
simulated,8826,11
simulated,8827,4
simulated,8828,14
simulated,8829,13
simulated,8830,5
simulated,8831,1
simulated,8832,15
simulated,8833,3
simulated,8834,8
simulated,8835,7
simulated,8836,6
simulated,8837,2
simulated,8838,7
simulated,8839,14
simulated,8840,6
simulated,8841,15
simulated,8842,9
simulated,8843,7
simulated,8844,7
simulated,8845,17
simulated,8846,11
simulated,8847,12
simulated,8848,15
simulated,8849,13
simulated,8850,1
simulated,8851,15
simulated,8852,1
simulated,8853,6
simulated,8854,19
simulated,8855,19
simulated,8856,20
simulated,8857,4
simulated,8858,18
simulated,8859,5
simulated,8860,6
simulated,8861,17
simulated,8862,20
simulated,8863,11
simulated,8864,17
simulated,8865,8
simulated,8866,20
simulated,8867,8
simulated,8868,4
simulated,8869,3
simulated,8870,9
simulated,8871,9
simulated,8872,6
simulated,8873,3
simulated,8874,3
simulated,8875,5
simulated,8876,2
simulated,8877,4
simulated,8878,11
simulated,8879,17
simulated,8880,1
simulated,8881,5
simulated,8882,2
simulated,8883,10
simulated,8884,9
simulated,8885,4
simulated,8886,10
simulated,8887,11
simulated,8888,7
simulated,8889,2
simulated,8890,12
simulated,8891,6
simulated,8892,13
simulated,8893,10
simulated,8894,12
simulated,8895,1
simulated,8896,16
simulated,8897,8
simulated,8898,16
simulated,8899,17
simulated,8900,9
simulated,8901,10
simulated,8902,14
simulated,8903,9
simulated,8904,20
simulated,8905,6
simulated,8906,15
simulated,8907,1
simulated,8908,18
simulated,8909,17
simulated,8910,6
simulated,8911,15
simulated,8912,9
simulated,8913,8
simulated,8914,17
simulated,8915,0
simulated,8916,18
simulated,8917,13
simulated,8918,1
simulated,8919,8
simulated,8920,3
simulated,8921,20
simulated,8922,3
simulated,8923,15
simulated,8924,16
simulated,8925,5
simulated,8926,14
simulated,8927,20
simulated,8928,6
simulated,8929,17
simulated,8930,20
simulated,8931,4
simulated,8932,20
simulated,8933,14
simulated,8934,19
simulated,8935,3
simulated,8936,19
simulated,8937,16
simulated,8938,16
simulated,8939,8
simulated,8940,11
simulated,8941,5
simulated,8942,17
simulated,8943,9
simulated,8944,4
simulated,8945,7
simulated,8946,6
simulated,8947,7
simulated,8948,1
simulated,8949,8
simulated,8950,4
simulated,8951,4
simulated,8952,11
simulated,8953,1
simulated,8954,5
simulated,8955,13
simulated,8956,1
simulated,8957,4
simulated,8958,13
simulated,8959,19
simulated,8960,1
simulated,8961,6
simulated,8962,5
simulated,8963,19
simulated,8964,4
simulated,8965,5
simulated,8966,10
simulated,8967,17
simulated,8968,17
simulated,8969,4
simulated,8970,10
simulated,8971,8
simulated,8972,7
simulated,8973,1
simulated,8974,7
simulated,8975,6
simulated,8976,6
simulated,8977,13
simulated,8978,2
simulated,8979,1
simulated,8980,0
simulated,8981,6
simulated,8982,10
simulated,8983,1
simulated,8984,6
simulated,8985,1
simulated,8986,14
simulated,8987,14
simulated,8988,6
simulated,8989,11
simulated,8990,3
simulated,8991,3
simulated,8992,1
simulated,8993,16
simulated,8994,20
simulated,8995,7
simulated,8996,18
simulated,8997,7
simulated,8998,20
simulated,8999,10
simulated,9000,9
simulated,9001,7
simulated,9002,3
simulated,9003,16
simulated,9004,17
simulated,9005,8
simulated,9006,11
simulated,9007,17
simulated,9008,13
simulated,9009,12
simulated,9010,6
simulated,9011,8
simulated,9012,17
simulated,9013,9
simulated,9014,3
simulated,9015,19
simulated,9016,8
simulated,9017,14
simulated,9018,17
simulated,9019,1
simulated,9020,14
simulated,9021,1
simulated,9022,18
simulated,9023,10
simulated,9024,16
simulated,9025,3
simulated,9026,14
simulated,9027,13
simulated,9028,0
simulated,9029,13
simulated,9030,4
simulated,9031,3
simulated,9032,20
simulated,9033,18
simulated,9034,6
simulated,9035,9
simulated,9036,3
simulated,9037,11
simulated,9038,1
simulated,9039,2
simulated,9040,15
simulated,9041,3
simulated,9042,18
simulated,9043,11
simulated,9044,8
simulated,9045,7
simulated,9046,11
simulated,9047,4
simulated,9048,20
simulated,9049,16
simulated,9050,8
simulated,9051,4
simulated,9052,11
simulated,9053,8
simulated,9054,13
simulated,9055,2
simulated,9056,9
simulated,9057,10
simulated,9058,15
simulated,9059,11
simulated,9060,0
simulated,9061,14
simulated,9062,14
simulated,9063,11
simulated,9064,15
simulated,9065,8
simulated,9066,9
simulated,9067,4
simulated,9068,12
simulated,9069,1
simulated,9070,6
simulated,9071,8
simulated,9072,13
simulated,9073,6
simulated,9074,12
simulated,9075,6
simulated,9076,5
simulated,9077,6
simulated,9078,6
simulated,9079,2
simulated,9080,11
simulated,9081,10
simulated,9082,2
simulated,9083,17
simulated,9084,10
simulated,9085,18
simulated,9086,12
simulated,9087,1
simulated,9088,6
simulated,9089,2
simulated,9090,6
simulated,9091,3
simulated,9092,12
simulated,9093,13
simulated,9094,7
simulated,9095,5
simulated,9096,18
simulated,9097,9
simulated,9098,5
simulated,9099,2
simulated,9100,20
simulated,9101,2
simulated,9102,4
simulated,9103,3
simulated,9104,3
simulated,9105,18
simulated,9106,18
simulated,9107,20
simulated,9108,19
simulated,9109,1
simulated,9110,18
simulated,9111,13
simulated,9112,16
simulated,9113,19
simulated,9114,19
simulated,9115,5
simulated,9116,10
simulated,9117,2
simulated,9118,18
simulated,9119,20
simulated,9120,13
simulated,9121,13
simulated,9122,7
simulated,9123,13
simulated,9124,8
simulated,9125,4
simulated,9126,20
simulated,9127,20
simulated,9128,19
simulated,9129,10
simulated,9130,4
simulated,9131,2
simulated,9132,19
simulated,9133,17
simulated,9134,8
simulated,9135,12
simulated,9136,2
simulated,9137,10
simulated,9138,10
simulated,9139,17
simulated,9140,18
simulated,9141,1
simulated,9142,9
simulated,9143,3
simulated,9144,15
simulated,9145,10
simulated,9146,15
simulated,9147,11
simulated,9148,13
simulated,9149,15
simulated,9150,5
simulated,9151,13
simulated,9152,3
simulated,9153,6
simulated,9154,12
simulated,9155,15
simulated,9156,12
simulated,9157,2
simulated,9158,6
simulated,9159,7
simulated,9160,19
simulated,9161,7
simulated,9162,2
simulated,9163,19
simulated,9164,2
simulated,9165,1
simulated,9166,5
simulated,9167,14
simulated,9168,4
simulated,9169,8
simulated,9170,18
simulated,9171,6
simulated,9172,4
simulated,9173,11
simulated,9174,17
simulated,9175,9
simulated,9176,7
simulated,9177,9
simulated,9178,5
simulated,9179,2
simulated,9180,9
simulated,9181,6
simulated,9182,5
simulated,9183,1
simulated,9184,5
simulated,9185,8
simulated,9186,9
simulated,9187,11
simulated,9188,8
simulated,9189,2
simulated,9190,16
simulated,9191,19
simulated,9192,6
simulated,9193,1
simulated,9194,4
simulated,9195,5
simulated,9196,12
simulated,9197,10
simulated,9198,3
simulated,9199,15
simulated,9200,5
simulated,9201,19
simulated,9202,15
simulated,9203,13
simulated,9204,3
simulated,9205,2
simulated,9206,7
simulated,9207,13
simulated,9208,17
simulated,9209,15
simulated,9210,8
simulated,9211,20
simulated,9212,9
simulated,9213,3
simulated,9214,6
simulated,9215,19
simulated,9216,10
simulated,9217,5
simulated,9218,2
simulated,9219,3
simulated,9220,2
simulated,9221,19
simulated,9222,8
simulated,9223,20
simulated,9224,13
simulated,9225,7
simulated,9226,1
simulated,9227,18
simulated,9228,4
simulated,9229,0
simulated,9230,13
simulated,9231,8
simulated,9232,7
simulated,9233,10
simulated,9234,2
simulated,9235,0
simulated,9236,0
simulated,9237,10
simulated,9238,3
simulated,9239,18
simulated,9240,8
simulated,9241,4
simulated,9242,9
simulated,9243,10
simulated,9244,16
simulated,9245,5
simulated,9246,17
simulated,9247,9
simulated,9248,1
simulated,9249,3
simulated,9250,12
simulated,9251,20
simulated,9252,7
simulated,9253,2
simulated,9254,14
simulated,9255,3
simulated,9256,17
simulated,9257,13
simulated,9258,6
simulated,9259,15
simulated,9260,15
simulated,9261,20
simulated,9262,20
simulated,9263,14
simulated,9264,17
simulated,9265,20
simulated,9266,6
simulated,9267,3
simulated,9268,1
simulated,9269,8
simulated,9270,9
simulated,9271,16
simulated,9272,14
simulated,9273,6
simulated,9274,1
simulated,9275,10
simulated,9276,20
simulated,9277,8
simulated,9278,13
simulated,9279,13
simulated,9280,3
simulated,9281,11
simulated,9282,14
simulated,9283,6
simulated,9284,19
simulated,9285,20
simulated,9286,7
simulated,9287,8
simulated,9288,6
simulated,9289,18
simulated,9290,4
simulated,9291,19
simulated,9292,8
simulated,9293,6
simulated,9294,2
simulated,9295,5
simulated,9296,14
simulated,9297,17
simulated,9298,11
simulated,9299,10
simulated,9300,4
simulated,9301,6
simulated,9302,8
simulated,9303,2
simulated,9304,13
simulated,9305,16
simulated,9306,17
simulated,9307,3
simulated,9308,18
simulated,9309,20
simulated,9310,3
simulated,9311,11
simulated,9312,6
simulated,9313,12
simulated,9314,19
simulated,9315,5
simulated,9316,16
simulated,9317,11
simulated,9318,2
simulated,9319,2
simulated,9320,20
simulated,9321,7
simulated,9322,10
simulated,9323,9
simulated,9324,20
simulated,9325,13
simulated,9326,8
simulated,9327,8
simulated,9328,7
simulated,9329,6
simulated,9330,13
simulated,9331,9
simulated,9332,9
simulated,9333,2
simulated,9334,13
simulated,9335,9
simulated,9336,3
simulated,9337,13
simulated,9338,8
simulated,9339,14
simulated,9340,4
simulated,9341,16
simulated,9342,6
simulated,9343,5
simulated,9344,1
simulated,9345,15
simulated,9346,16
simulated,9347,17
simulated,9348,9
simulated,9349,5
simulated,9350,9
simulated,9351,18
simulated,9352,12
simulated,9353,4
simulated,9354,15
simulated,9355,15
simulated,9356,17
simulated,9357,9
simulated,9358,9
simulated,9359,6
simulated,9360,1
simulated,9361,11
simulated,9362,11
simulated,9363,2
simulated,9364,15
simulated,9365,6
simulated,9366,6
simulated,9367,3
simulated,9368,11
simulated,9369,19
simulated,9370,18
simulated,9371,4
simulated,9372,11
simulated,9373,18
simulated,9374,7
simulated,9375,3
simulated,9376,3
simulated,9377,8
simulated,9378,6
simulated,9379,18
simulated,9380,12
simulated,9381,5
simulated,9382,1
simulated,9383,8
simulated,9384,6
simulated,9385,11
simulated,9386,9
simulated,9387,4
simulated,9388,6
simulated,9389,8
simulated,9390,15
simulated,9391,11
simulated,9392,12
simulated,9393,19
simulated,9394,9
simulated,9395,6
simulated,9396,5
simulated,9397,15
simulated,9398,12
simulated,9399,14
simulated,9400,16
simulated,9401,18
simulated,9402,3
simulated,9403,15
simulated,9404,1
simulated,9405,16
simulated,9406,9
simulated,9407,13
simulated,9408,12
simulated,9409,17
simulated,9410,3
simulated,9411,16
simulated,9412,2
simulated,9413,7
simulated,9414,10
simulated,9415,0
simulated,9416,8
simulated,9417,12
simulated,9418,11
simulated,9419,19
simulated,9420,14
simulated,9421,4
simulated,9422,9
simulated,9423,1
simulated,9424,5
simulated,9425,8
simulated,9426,7
simulated,9427,6
simulated,9428,5
simulated,9429,7
simulated,9430,5
simulated,9431,18
simulated,9432,5
simulated,9433,5
simulated,9434,14
simulated,9435,5
simulated,9436,8
simulated,9437,10
simulated,9438,3
simulated,9439,18
simulated,9440,16
simulated,9441,10
simulated,9442,10
simulated,9443,5
simulated,9444,5
simulated,9445,5
simulated,9446,16
simulated,9447,6
simulated,9448,4
simulated,9449,3
simulated,9450,7
simulated,9451,9
simulated,9452,4
simulated,9453,14
simulated,9454,9
simulated,9455,1
simulated,9456,0
simulated,9457,8
simulated,9458,8
simulated,9459,6
simulated,9460,12
simulated,9461,4
simulated,9462,9
simulated,9463,17
simulated,9464,3
simulated,9465,20
simulated,9466,6
simulated,9467,19
simulated,9468,7
simulated,9469,15
simulated,9470,7
simulated,9471,6
simulated,9472,19
simulated,9473,12
simulated,9474,6
simulated,9475,12
simulated,9476,10
simulated,9477,18
simulated,9478,18
simulated,9479,18
simulated,9480,16
simulated,9481,2
simulated,9482,11
simulated,9483,2
simulated,9484,6
simulated,9485,10
simulated,9486,7
simulated,9487,1
simulated,9488,16
simulated,9489,5
simulated,9490,17
simulated,9491,0
simulated,9492,18
simulated,9493,16
simulated,9494,7
simulated,9495,16
simulated,9496,9
simulated,9497,13
simulated,9498,6
simulated,9499,7
simulated,9500,5
simulated,9501,11
simulated,9502,8
simulated,9503,18
simulated,9504,3
simulated,9505,20
simulated,9506,10
simulated,9507,7
simulated,9508,4
simulated,9509,17
simulated,9510,10
simulated,9511,8
simulated,9512,2
simulated,9513,3
simulated,9514,11
simulated,9515,2
simulated,9516,7
simulated,9517,9
simulated,9518,6
simulated,9519,1
simulated,9520,3
simulated,9521,1
simulated,9522,4
simulated,9523,2
simulated,9524,20
simulated,9525,1
simulated,9526,8
simulated,9527,11
simulated,9528,12
simulated,9529,14
simulated,9530,5
simulated,9531,3
simulated,9532,14
simulated,9533,3
simulated,9534,0
simulated,9535,3
simulated,9536,10
simulated,9537,1
simulated,9538,8
simulated,9539,8
simulated,9540,1
simulated,9541,3
simulated,9542,3
simulated,9543,8
simulated,9544,5
simulated,9545,19
simulated,9546,6
simulated,9547,14
simulated,9548,6
simulated,9549,3
simulated,9550,15
simulated,9551,7
simulated,9552,8
simulated,9553,13
simulated,9554,9
simulated,9555,15
simulated,9556,7
simulated,9557,20
simulated,9558,7
simulated,9559,2
simulated,9560,15
simulated,9561,5
simulated,9562,6
simulated,9563,1
simulated,9564,9
simulated,9565,2
simulated,9566,16
simulated,9567,3
simulated,9568,14
simulated,9569,11
simulated,9570,16
simulated,9571,15
simulated,9572,20
simulated,9573,15
simulated,9574,4
simulated,9575,4
simulated,9576,16
simulated,9577,1
simulated,9578,20
simulated,9579,2
simulated,9580,10
simulated,9581,9
simulated,9582,11
simulated,9583,13
simulated,9584,20
simulated,9585,10
simulated,9586,15
simulated,9587,8
simulated,9588,5
simulated,9589,10
simulated,9590,18
simulated,9591,2
simulated,9592,15
simulated,9593,2
simulated,9594,16
simulated,9595,10
simulated,9596,9
simulated,9597,14
simulated,9598,9
simulated,9599,18
simulated,9600,12
simulated,9601,18
simulated,9602,15
simulated,9603,12
simulated,9604,12
simulated,9605,14
simulated,9606,20
simulated,9607,18
simulated,9608,7
simulated,9609,3
simulated,9610,20
simulated,9611,19
simulated,9612,9
simulated,9613,5
simulated,9614,5
simulated,9615,9
simulated,9616,9
simulated,9617,18
simulated,9618,2
simulated,9619,0
simulated,9620,19
simulated,9621,5
simulated,9622,4
simulated,9623,7
simulated,9624,5
simulated,9625,15
simulated,9626,20
simulated,9627,3
simulated,9628,15
simulated,9629,6
simulated,9630,10
simulated,9631,4
simulated,9632,7
simulated,9633,4
simulated,9634,3
simulated,9635,14
simulated,9636,9
simulated,9637,9
simulated,9638,0
simulated,9639,13
simulated,9640,20
simulated,9641,10
simulated,9642,17
simulated,9643,7
simulated,9644,17
simulated,9645,2
simulated,9646,15
simulated,9647,7
simulated,9648,20
simulated,9649,3
simulated,9650,3
simulated,9651,19
simulated,9652,0
simulated,9653,17
simulated,9654,2
simulated,9655,4
simulated,9656,7
simulated,9657,7
simulated,9658,10
simulated,9659,1
simulated,9660,3
simulated,9661,0
simulated,9662,12
simulated,9663,3
simulated,9664,17
simulated,9665,2
simulated,9666,16
simulated,9667,13
simulated,9668,14
simulated,9669,20
simulated,9670,12
simulated,9671,3
simulated,9672,13
simulated,9673,1
simulated,9674,14
simulated,9675,1
simulated,9676,15
simulated,9677,8
simulated,9678,5
simulated,9679,16
simulated,9680,3
simulated,9681,3
simulated,9682,11
simulated,9683,3
simulated,9684,20
simulated,9685,11
simulated,9686,14
simulated,9687,19
simulated,9688,1
simulated,9689,3
simulated,9690,16
simulated,9691,11
simulated,9692,13
simulated,9693,16
simulated,9694,16
simulated,9695,18
simulated,9696,1
simulated,9697,10
simulated,9698,9
simulated,9699,2
simulated,9700,7
simulated,9701,4
simulated,9702,4
simulated,9703,0
simulated,9704,2
simulated,9705,4
simulated,9706,3
simulated,9707,13
simulated,9708,15
simulated,9709,2
simulated,9710,15
simulated,9711,18
simulated,9712,0
simulated,9713,4
simulated,9714,16
simulated,9715,5
simulated,9716,14
simulated,9717,19
simulated,9718,17
simulated,9719,4
simulated,9720,12
simulated,9721,11
simulated,9722,5
simulated,9723,8
simulated,9724,12
simulated,9725,1
simulated,9726,5
simulated,9727,11
simulated,9728,6
simulated,9729,4
simulated,9730,18
simulated,9731,18
simulated,9732,7
simulated,9733,12
simulated,9734,9
simulated,9735,11
simulated,9736,6
simulated,9737,11
simulated,9738,13
simulated,9739,2
simulated,9740,2
simulated,9741,20
simulated,9742,5
simulated,9743,1
simulated,9744,14
simulated,9745,20
simulated,9746,7
simulated,9747,20
simulated,9748,11
simulated,9749,6
simulated,9750,7
simulated,9751,3
simulated,9752,4
simulated,9753,7
simulated,9754,18
simulated,9755,12
simulated,9756,11
simulated,9757,8
simulated,9758,10
simulated,9759,14
simulated,9760,8
simulated,9761,8
simulated,9762,11
simulated,9763,14
simulated,9764,11
simulated,9765,8
simulated,9766,9
simulated,9767,1
simulated,9768,20
simulated,9769,11
simulated,9770,6
simulated,9771,4
simulated,9772,18
simulated,9773,11
simulated,9774,1
simulated,9775,4
simulated,9776,9
simulated,9777,16
simulated,9778,4
simulated,9779,2
simulated,9780,8
simulated,9781,18
simulated,9782,5
simulated,9783,14
simulated,9784,11
simulated,9785,11
simulated,9786,13
simulated,9787,13
simulated,9788,4
simulated,9789,7
simulated,9790,6
simulated,9791,14
simulated,9792,7
simulated,9793,7
simulated,9794,20
simulated,9795,3
simulated,9796,14
simulated,9797,19
simulated,9798,19
simulated,9799,7
simulated,9800,16
simulated,9801,17
simulated,9802,18
simulated,9803,8
simulated,9804,5
simulated,9805,8
simulated,9806,3
simulated,9807,12
simulated,9808,14
simulated,9809,11
simulated,9810,15
simulated,9811,12
simulated,9812,8
simulated,9813,2
simulated,9814,3
simulated,9815,13
simulated,9816,2
simulated,9817,11
simulated,9818,7
simulated,9819,20
simulated,9820,3
simulated,9821,17
simulated,9822,10
simulated,9823,8
simulated,9824,5
simulated,9825,15
simulated,9826,9
simulated,9827,17
simulated,9828,2
simulated,9829,1
simulated,9830,17
simulated,9831,3
simulated,9832,15
simulated,9833,16
simulated,9834,10
simulated,9835,5
simulated,9836,6
simulated,9837,5
simulated,9838,18
simulated,9839,17
simulated,9840,19
simulated,9841,13
simulated,9842,17
simulated,9843,6
simulated,9844,1
simulated,9845,8
simulated,9846,17
simulated,9847,19
simulated,9848,18
simulated,9849,13
simulated,9850,18
simulated,9851,2
simulated,9852,13
simulated,9853,10
simulated,9854,16
simulated,9855,3
simulated,9856,0
simulated,9857,7
simulated,9858,15
simulated,9859,19
simulated,9860,8
simulated,9861,2
simulated,9862,17
simulated,9863,5
simulated,9864,9
simulated,9865,6
simulated,9866,16
simulated,9867,16
simulated,9868,7
simulated,9869,12
simulated,9870,7
simulated,9871,20
simulated,9872,3
simulated,9873,5
simulated,9874,6
simulated,9875,7
simulated,9876,18
simulated,9877,2
simulated,9878,2
simulated,9879,7
simulated,9880,3
simulated,9881,4
simulated,9882,7
simulated,9883,4
simulated,9884,7
simulated,9885,7
simulated,9886,3
simulated,9887,3
simulated,9888,2
simulated,9889,19
simulated,9890,7
simulated,9891,16
simulated,9892,20
simulated,9893,14
simulated,9894,7
simulated,9895,5
simulated,9896,20
simulated,9897,13
simulated,9898,20
simulated,9899,8
simulated,9900,6
simulated,9901,10
simulated,9902,20
simulated,9903,8
simulated,9904,3
simulated,9905,19
simulated,9906,2
simulated,9907,0
simulated,9908,20
simulated,9909,2
simulated,9910,5
simulated,9911,18
simulated,9912,19
simulated,9913,5
simulated,9914,5
simulated,9915,10
simulated,9916,8
simulated,9917,7
simulated,9918,13
simulated,9919,17
simulated,9920,10
simulated,9921,8
simulated,9922,4
simulated,9923,1
simulated,9924,11
simulated,9925,18
simulated,9926,8
simulated,9927,14
simulated,9928,8
simulated,9929,2
simulated,9930,17
simulated,9931,16
simulated,9932,17
simulated,9933,6
simulated,9934,12
simulated,9935,11
simulated,9936,4
simulated,9937,1
simulated,9938,19
simulated,9939,1
simulated,9940,5
simulated,9941,17
simulated,9942,2
simulated,9943,6
simulated,9944,17
simulated,9945,11
simulated,9946,13
simulated,9947,19
simulated,9948,14
simulated,9949,1
simulated,9950,20
simulated,9951,20
simulated,9952,8
simulated,9953,8
simulated,9954,11
simulated,9955,16
simulated,9956,19
simulated,9957,13
simulated,9958,6
simulated,9959,20
simulated,9960,5
simulated,9961,19
simulated,9962,3
simulated,9963,5
simulated,9964,6
simulated,9965,18
simulated,9966,19
simulated,9967,17
simulated,9968,6
simulated,9969,19
simulated,9970,18
simulated,9971,2
simulated,9972,11
simulated,9973,3
simulated,9974,7
simulated,9975,19
simulated,9976,6
simulated,9977,15
simulated,9978,14
simulated,9979,11
simulated,9980,1
simulated,9981,5
simulated,9982,13
simulated,9983,18
simulated,9984,2
simulated,9985,3
simulated,9986,11
simulated,9987,20
simulated,9988,11
simulated,9989,4
simulated,9990,14
simulated,9991,19
simulated,9992,11
simulated,9993,19
simulated,9994,6
simulated,9995,14
simulated,9996,5
simulated,9997,16
simulated,9998,5
simulated,9999,6
