cutoffs,nll_mode,nll_mode_fixed,n,min_n,num_cutoffs,k_varying,k_fixed,aic_varying,aic_fixed,bic_varying,bic_fixed
"(1,)",95815.90839383614,96108.22619750969,"[2030, 32079]",2030,1,6,4,95821.90839383614,96112.22619750969,95847.22034351034,96129.10083062583
"(2,)",95842.49971872053,96118.51855803645,"[4137, 29972]",4137,1,6,4,95848.49971872053,96122.51855803645,95873.81166839473,96139.39319115259
"(3,)",95831.18455010072,96109.22956673647,"[6303, 27806]",6303,1,6,4,95837.18455010072,96113.22956673647,95862.49649977492,96130.1041998526
"(4,)",95797.45450965123,96087.8094348782,"[8511, 25598]",8511,1,6,4,95803.45450965123,96091.8094348782,95828.76645932543,96108.68406799434
"(5,)",95757.13488392966,96054.12022966566,"[10732, 23377]",10732,1,6,4,95763.13488392966,96058.12022966566,95788.44683360386,96074.9948627818
"(6,)",95741.64540951751,96024.72502758719,"[12893, 21216]",12893,1,6,4,95747.64540951751,96028.72502758719,95772.95735919171,96045.59966070333
"(7,)",95736.14860691418,96012.53141643712,"[14997, 19112]",14997,1,6,4,95742.14860691418,96016.53141643712,95767.46055658838,96033.40604955326
"(8,)",95728.14754800452,96000.1533180543,"[17019, 17090]",17019,1,6,4,95734.14754800452,96004.1533180543,95759.45949767872,96021.02795117044
"(9,)",95730.70271662646,96002.29709085557,"[18971, 15138]",15138,1,6,4,95736.70271662646,96006.29709085557,95762.01466630066,96023.17172397171
"(10,)",95733.36591881786,96006.7568934616,"[20834, 13275]",13275,1,6,4,95739.36591881786,96010.7568934616,95764.67786849206,96027.63152657774
"(11,)",95731.8220174271,96005.11494717977,"[22617, 11492]",11492,1,6,4,95737.8220174271,96009.11494717977,95763.1339671013,96025.9895802959
"(12,)",95743.54828650839,96017.92733637983,"[24297, 9812]",9812,1,6,4,95749.54828650839,96021.92733637983,95774.86023618259,96038.80196949597
"(13,)",95757.23475474573,96031.2897831597,"[25872, 8237]",8237,1,6,4,95763.23475474573,96035.2897831597,95788.54670441993,96052.16441627583
"(14,)",95776.26855787408,96051.74718551719,"[27339, 6770]",6770,1,6,4,95782.26855787408,96055.74718551719,95807.58050754828,96072.62181863333
"(15,)",95792.2937190936,96067.8718116119,"[28684, 5425]",5425,1,6,4,95798.2937190936,96071.8718116119,95823.6056687678,96088.74644472804
"(16,)",95793.44361592525,96072.26404409409,"[29933, 4176]",4176,1,6,4,95799.44361592525,96076.26404409409,95824.75556559945,96093.13867721023
"(17,)",95808.4830222636,96085.15235102229,"[31087, 3022]",3022,1,6,4,95814.4830222636,96089.15235102229,95839.7949719378,96106.02698413843
"(18,)",95825.5505693155,96100.4873095679,"[32163, 1946]",1946,1,6,4,95831.5505693155,96104.4873095679,95856.8625189897,96121.36194268405
"(19,)",95830.22912304266,96106.95748437443,"[33169, 940]",940,1,6,4,95836.22912304266,96110.95748437443,95861.54107271686,96127.83211749057
"(1, 2)",95807.06157928045,96106.3114320772,"[2030, 2107, 29972]",2030,2,9,6,95816.06157928045,96112.3114320772,95854.02950379175,96137.6233817514
"(1, 3)",95767.66512505704,96081.13329264212,"[2030, 4273, 27806]",2030,2,9,6,95776.66512505704,96087.13329264212,95814.63304956835,96112.44524231632
"(1, 4)",95729.68533374241,96050.61677560421,"[2030, 6481, 25598]",2030,2,9,6,95738.68533374241,96056.61677560421,95776.65325825372,96081.92872527841
"(1, 5)",95687.59263675302,96012.91700737335,"[2030, 8702, 23377]",2030,2,9,6,95696.59263675302,96018.91700737335,95734.56056126433,96044.22895704756
"(1, 6)",95676.31305473163,95983.46688911924,"[2030, 10863, 21216]",2030,2,9,6,95685.31305473163,95989.46688911924,95723.28097924293,96014.77883879344
"(1, 7)",95677.00030633179,95974.77910291842,"[2030, 12967, 19112]",2030,2,9,6,95686.00030633179,95980.77910291842,95723.9682308431,96006.09105259262
"(1, 8)",95672.99677224088,95967.10277920231,"[2030, 14989, 17090]",2030,2,9,6,95681.99677224088,95973.10277920231,95719.96469675218,95998.41472887651
"(1, 9)",95681.5634872923,95972.22132291144,"[2030, 16941, 15138]",2030,2,9,6,95690.5634872923,95978.22132291144,95728.5314118036,96003.53327258564
"(1, 10)",95690.33495950582,95977.48577669778,"[2030, 18804, 13275]",2030,2,9,6,95699.33495950582,95983.48577669778,95737.30288401713,96008.79772637198
"(1, 11)",95690.7408232529,95978.364776884,"[2030, 20587, 11492]",2030,2,9,6,95699.7408232529,95984.364776884,95737.7087477642,96009.6767265582
"(1, 12)",95705.22820196312,95994.17075038083,"[2030, 22267, 9812]",2030,2,9,6,95714.22820196312,96000.17075038083,95752.19612647443,96025.48270005503
"(1, 13)",95721.11669381999,96010.16009808921,"[2030, 23842, 8237]",2030,2,9,6,95730.11669381999,96016.16009808921,95768.0846183313,96041.47204776341
"(1, 14)",95742.38249217029,96033.2528817836,"[2030, 25309, 6770]",2030,2,9,6,95751.38249217029,96039.2528817836,95789.3504166816,96064.5648314578
"(1, 15)",95760.15723379751,96051.28418089566,"[2030, 26654, 5425]",2030,2,9,6,95769.15723379751,96057.28418089566,95807.12515830882,96082.59613056986
"(1, 16)",95762.18198959075,96056.78055707492,"[2030, 27903, 4176]",2030,2,9,6,95771.18198959075,96062.78055707492,95809.14991410206,96088.09250674912
"(1, 17)",95778.37857068329,96071.10960077311,"[2030, 29057, 3022]",2030,2,9,6,95787.37857068329,96077.10960077311,95825.3464951946,96102.42155044731
"(1, 18)",95796.54511777501,96087.8262766334,"[2030, 30133, 1946]",1946,2,9,6,95805.54511777501,96093.8262766334,95843.51304228631,96119.1382263076
"(1, 19)",95801.88513417963,96095.12958410894,"[2030, 31139, 940]",940,2,9,6,95810.88513417963,96101.12958410894,95848.85305869093,96126.44153378315
"(2, 3)",95798.32740098756,96086.77980576151,"[4137, 2166, 27806]",2166,2,9,6,95807.32740098756,96092.77980576151,95845.29532549887,96118.09175543571
"(2, 4)",95760.32807039343,96055.70582098824,"[4137, 4374, 25598]",4137,2,9,6,95769.32807039343,96061.70582098824,95807.29599490474,96087.01777066244
"(2, 5)",95719.534039264,96016.16245316665,"[4137, 6595, 23377]",4137,2,9,6,95728.534039264,96022.16245316665,95766.50196377531,96047.47440284085
"(2, 6)",95706.6743152749,95989.8203653723,"[4137, 8756, 21216]",4137,2,9,6,95715.6743152749,95995.8203653723,95753.6422397862,96021.1323150465
"(2, 7)",95707.52689870738,95984.01493413378,"[4137, 10860, 19112]",4137,2,9,6,95716.52689870738,95990.01493413378,95754.49482321869,96015.32688380798
"(2, 8)",95704.75853191817,95976.83755841831,"[4137, 12882, 17090]",4137,2,9,6,95713.75853191817,95982.83755841831,95751.72645642947,96008.14950809251
"(2, 9)",95714.20791194828,95982.42620054251,"[4137, 14834, 15138]",4137,2,9,6,95723.20791194828,95988.42620054251,95761.17583645959,96013.73815021671
"(2, 10)",95720.70457702843,95990.6799588562,"[4137, 16697, 13275]",4137,2,9,6,95729.70457702843,95996.6799588562,95767.67250153974,96021.9919085304
"(2, 11)",95721.39359061622,95991.79562319303,"[4137, 18480, 11492]",4137,2,9,6,95730.39359061622,95997.79562319303,95768.36151512753,96023.10757286723
"(2, 12)",95735.75186258438,96007.83465513375,"[4137, 20160, 9812]",4137,2,9,6,95744.75186258438,96013.83465513375,95782.71978709569,96039.14660480795
"(2, 13)",95751.42380194788,96023.72392861878,"[4137, 21735, 8237]",4137,2,9,6,95760.42380194788,96029.72392861878,95798.39172645919,96055.03587829298
"(2, 14)",95772.20406927694,96046.47605548361,"[4137, 23202, 6770]",4137,2,9,6,95781.20406927694,96052.47605548361,95819.17199378824,96077.78800515781
"(2, 15)",95789.44554327108,96064.05677445946,"[4137, 24547, 5425]",4137,2,9,6,95798.44554327108,96070.05677445946,95836.41346778239,96095.36872413366
"(2, 16)",95791.10813652806,96069.21775209611,"[4137, 25796, 4176]",4137,2,9,6,95800.10813652806,96075.21775209611,95838.07606103936,96100.52970177031
"(2, 17)",95806.61317312148,96083.14240930491,"[4137, 26950, 3022]",3022,2,9,6,95815.61317312148,96089.14240930491,95853.58109763279,96114.45435897911
"(2, 18)",95824.21386773523,96099.13227148926,"[4137, 28026, 1946]",1946,2,9,6,95833.21386773523,96105.13227148926,95871.18179224654,96130.44422116346
"(2, 19)",95829.0912006677,96106.00013495976,"[4137, 29032, 940]",940,2,9,6,95838.0912006677,96112.00013495976,95876.059125179,96137.31208463396
"(3, 4)",95792.34719753944,96078.3134343173,"[6303, 2208, 25598]",2208,2,9,6,95801.34719753944,96084.3134343173,95839.31512205074,96109.6253839915
"(3, 5)",95750.0820047356,96039.39863187514,"[6303, 4429, 23377]",4429,2,9,6,95759.0820047356,96045.39863187514,95797.0499292469,96070.71058154934
"(3, 6)",95735.09257171629,96011.86289734975,"[6303, 6590, 21216]",6303,2,9,6,95744.09257171629,96017.86289734975,95782.0604962276,96043.17484702395
"(3, 7)",95731.99905098355,96004.51625254253,"[6303, 8694, 19112]",6303,2,9,6,95740.99905098355,96010.51625254253,95778.96697549486,96035.82820221673
"(3, 8)",95725.19433318375,95995.48067235536,"[6303, 10716, 17090]",6303,2,9,6,95734.19433318375,96001.48067235536,95772.16225769506,96026.79262202956
"(3, 9)",95729.71378941479,96000.20466935622,"[6303, 12668, 15138]",6303,2,9,6,95738.71378941479,96006.20466935622,95776.6817139261,96031.51661903042
"(3, 10)",95733.15859676566,96006.14043750748,"[6303, 14531, 13275]",6303,2,9,6,95742.15859676566,96012.14043750748,95780.12652127696,96037.45238718168
"(3, 11)",95731.82975521509,96005.06779715745,"[6303, 16314, 11492]",6303,2,9,6,95740.82975521509,96011.06779715745,95778.7976797264,96036.37974683165
"(3, 12)",95743.19807778782,96018.03601967855,"[6303, 17994, 9812]",6303,2,9,6,95752.19807778782,96024.03601967855,95790.16600229913,96049.34796935275
"(3, 13)",95755.94035695054,96031.02720614233,"[6303, 19569, 8237]",6303,2,9,6,95764.94035695054,96037.02720614233,95802.90828146185,96062.33915581653
"(3, 14)",95773.43930696683,96050.38346224635,"[6303, 21036, 6770]",6303,2,9,6,95782.43930696683,96056.38346224635,95820.40723147814,96081.69541192055
"(3, 15)",95787.89248855377,96065.03992564444,"[6303, 22381, 5425]",5425,2,9,6,95796.89248855377,96071.03992564444,95834.86041306508,96096.35187531864
"(3, 16)",95787.98678665404,96068.4999708859,"[6303, 23630, 4176]",4176,2,9,6,95796.98678665404,96074.4999708859,95834.95471116535,96099.8119205601
"(3, 17)",95801.17118589238,96080.02235122392,"[6303, 24784, 3022]",3022,2,9,6,95810.17118589238,96086.02235122392,95848.13911040369,96111.33430089812
"(3, 18)",95816.34256095033,96093.48511912044,"[6303, 25860, 1946]",1946,2,9,6,95825.34256095033,96099.48511912044,95863.31048546164,96124.79706879464
"(3, 19)",95819.72568688527,96098.75557367981,"[6303, 26866, 940]",940,2,9,6,95828.72568688527,96104.75557367981,95866.69361139658,96130.06752335401
"(4, 5)",95754.47068096852,96049.53810920371,"[8511, 2221, 23377]",2221,2,9,6,95763.47068096852,96055.53810920371,95801.43860547982,96080.85005887791
"(4, 6)",95736.04393785636,96021.28655325198,"[8511, 4382, 21216]",4382,2,9,6,95745.04393785636,96027.28655325198,95783.01186236767,96052.59850292618
"(4, 7)",95727.85030590463,96013.21896423298,"[8511, 6486, 19112]",6486,2,9,6,95736.85030590463,96019.21896423298,95774.81823041594,96044.53091390718
"(4, 8)",95717.89586212093,96003.90104648544,"[8511, 8508, 17090]",8508,2,9,6,95726.89586212093,96009.90104648544,95764.86378663224,96035.21299615964
"(4, 9)",95720.07583173619,96005.97620067577,"[8511, 10460, 15138]",8511,2,9,6,95729.07583173619,96011.97620067577,95767.0437562475,96037.28815034997
"(4, 10)",95721.13106021678,96009.12251015808,"[8511, 12323, 13275]",8511,2,9,6,95730.13106021678,96015.12251015808,95768.09898472809,96040.43445983228
"(4, 11)",95718.04912706275,96005.99730584741,"[8511, 14106, 11492]",8511,2,9,6,95727.04912706275,96011.99730584741,95765.01705157406,96037.30925552161
"(4, 12)",95726.643547691,96015.85828704186,"[8511, 15786, 9812]",8511,2,9,6,95735.643547691,96021.85828704186,95773.6114722023,96047.17023671606
"(4, 13)",95736.90169232158,96025.74624171999,"[8511, 17361, 8237]",8237,2,9,6,95745.90169232158,96031.74624171999,95783.86961683289,96057.05819139419
"(4, 14)",95751.1984265152,96041.72653927015,"[8511, 18828, 6770]",6770,2,9,6,95760.1984265152,96047.72653927015,95798.1663510265,96073.03848894435
"(4, 15)",95763.11484686799,96053.4402505804,"[8511, 20173, 5425]",5425,2,9,6,95772.11484686799,96059.4402505804,95810.0827713793,96084.7522002546
"(4, 16)",95761.78080786424,96055.41542752212,"[8511, 21422, 4176]",4176,2,9,6,95770.78080786424,96061.41542752212,95808.74873237555,96086.72737719632
"(4, 17)",95772.97895788489,96064.44198830222,"[8511, 22576, 3022]",3022,2,9,6,95781.97895788489,96070.44198830222,95819.9468823962,96095.75393797642
"(4, 18)",95785.81514150761,96075.47840405277,"[8511, 23652, 1946]",1946,2,9,6,95794.81514150761,96081.47840405277,95832.78306601892,96106.79035372697
"(4, 19)",95787.87826145429,96079.23847475922,"[8511, 24658, 940]",940,2,9,6,95796.87826145429,96085.23847475922,95834.8461859656,96110.55042443342
"(5, 6)",95729.0868341634,96026.56138986265,"[10732, 2161, 21216]",2161,2,9,6,95738.0868341634,96032.56138986265,95776.05475867471,96057.87333953685
"(5, 7)",95718.28807669887,96015.46813611049,"[10732, 4265, 19112]",4265,2,9,6,95727.28807669887,96021.46813611049,95765.25600121017,96046.78008578469
"(5, 8)",95706.0661319974,96004.00398985387,"[10732, 6287, 17090]",6287,2,9,6,95715.0661319974,96010.00398985387,95753.03405650871,96035.31593952807
"(5, 9)",95705.77012845318,96002.36945609022,"[10732, 8239, 15138]",8239,2,9,6,95714.77012845318,96008.36945609022,95752.73805296449,96033.68140576442
"(5, 10)",95703.48300844515,96002.2482734422,"[10732, 10102, 13275]",10102,2,9,6,95712.48300844515,96008.2482734422,95750.45093295646,96033.5602231164
"(5, 11)",95699.03046751651,95996.75564415648,"[10732, 11885, 11492]",10732,2,9,6,95708.03046751651,96002.75564415648,95745.99839202782,96028.06759383068
"(5, 12)",95704.18882279686,96003.00516249257,"[10732, 13565, 9812]",9812,2,9,6,95713.18882279686,96009.00516249257,95751.15674730817,96034.31711216677
"(5, 13)",95711.75520476155,96009.49684675875,"[10732, 15140, 8237]",8237,2,9,6,95720.75520476155,96015.49684675875,95758.72312927285,96040.80879643295
"(5, 14)",95722.41236444905,96021.46068275784,"[10732, 16607, 6770]",6770,2,9,6,95731.41236444905,96027.46068275784,95769.38028896035,96052.77263243204
"(5, 15)",95731.78520125426,96030.07675983015,"[10732, 17952, 5425]",5425,2,9,6,95740.78520125426,96036.07675983015,95778.75312576556,96061.38870950435
"(5, 16)",95729.25878979455,96030.59303518971,"[10732, 19201, 4176]",4176,2,9,6,95738.25878979455,96036.59303518971,95776.22671430586,96061.90498486391
"(5, 17)",95738.15686943705,96037.23206996339,"[10732, 20355, 3022]",3022,2,9,6,95747.15686943705,96043.23206996339,95785.12479394836,96068.54401963759
"(5, 18)",95748.53052753206,96045.59146309482,"[10732, 21431, 1946]",1946,2,9,6,95757.53052753206,96051.59146309482,95795.49845204336,96076.90341276902
"(5, 19)",95749.26545802438,96047.82801227724,"[10732, 22437, 940]",940,2,9,6,95758.26545802438,96053.82801227724,95796.23338253569,96079.13996195144
"(6, 7)",95728.53510400352,96011.73323911226,"[12893, 2104, 19112]",2104,2,9,6,95737.53510400352,96017.73323911226,95775.50302851482,96043.04518878646
"(6, 8)",95715.45926595345,95998.87132737541,"[12893, 4126, 17090]",4126,2,9,6,95724.45926595345,96004.87132737541,95762.42719046476,96030.18327704961
"(6, 9)",95712.60845522238,95994.88664970045,"[12893, 6078, 15138]",6078,2,9,6,95721.60845522238,96000.88664970045,95759.57637973368,96026.19859937465
"(6, 10)",95708.32918481954,95992.53189915208,"[12893, 7941, 13275]",7941,2,9,6,95717.32918481954,95998.53189915208,95755.29710933084,96023.84384882628
"(6, 11)",95702.41104764397,95985.79221945145,"[12893, 9724, 11492]",9724,2,9,6,95711.41104764397,95991.79221945145,95749.37897215527,96017.10416912565
"(6, 12)",95705.08468986227,95989.35133895236,"[12893, 11404, 9812]",9812,2,9,6,95714.08468986227,95995.35133895236,95752.05261437358,96020.66328862656
"(6, 13)",95709.95353300852,95993.43558945644,"[12893, 12979, 8237]",8237,2,9,6,95718.95353300852,95999.43558945644,95756.92145751983,96024.74753913064
"(6, 14)",95717.74130154484,96002.25003474538,"[12893, 14446, 6770]",6770,2,9,6,95726.74130154484,96008.25003474538,95764.70922605615,96033.56198441958
"(6, 15)",95724.41236198338,96008.47302022408,"[12893, 15791, 5425]",5425,2,9,6,95733.41236198338,96014.47302022408,95771.38028649469,96039.78496989828
"(6, 16)",95720.87867182886,96007.99581646585,"[12893, 17040, 4176]",4176,2,9,6,95729.87867182886,96013.99581646585,95767.84659634017,96039.30776614005
"(6, 17)",95727.66942076385,96012.68123188202,"[12893, 18194, 3022]",3022,2,9,6,95736.66942076385,96018.68123188202,95774.63734527516,96043.99318155622
"(6, 18)",95735.78596904397,96018.87699346647,"[12893, 19270, 1946]",1946,2,9,6,95744.78596904397,96024.87699346647,95782.75389355527,96050.18894314067
"(6, 19)",95735.60839638911,96019.96911909126,"[12893, 20276, 940]",940,2,9,6,95744.60839638911,96025.96911909126,95782.57632090042,96051.28106876546
"(7, 8)",95723.00444289783,95999.63689829252,"[14997, 2022, 17090]",2022,2,9,6,95732.00444289783,96005.63689829252,95769.97236740914,96030.94884796672
"(7, 9)",95719.19595551997,95995.01475269147,"[14997, 3974, 15138]",3974,2,9,6,95728.19595551997,96001.01475269147,95766.16388003128,96026.32670236567
"(7, 10)",95714.3543829934,95991.69336421,"[14997, 5837, 13275]",5837,2,9,6,95723.3543829934,95997.69336421,95761.32230750471,96023.0053138842
"(7, 11)",95707.75660523142,95984.61680900335,"[14997, 7620, 11492]",7620,2,9,6,95716.75660523142,95990.61680900335,95754.72452974273,96015.92875867755
"(7, 12)",95709.31092731893,95986.70743162786,"[14997, 9300, 9812]",9300,2,9,6,95718.31092731893,95992.70743162786,95756.27885183024,96018.01938130206
"(7, 13)",95712.59179187016,95989.52815569744,"[14997, 10875, 8237]",8237,2,9,6,95721.59179187016,95995.52815569744,95759.55971638147,96020.84010537164
"(7, 14)",95718.69876505343,95996.45094286115,"[14997, 12342, 6770]",6770,2,9,6,95727.69876505343,96002.45094286115,95765.66668956474,96027.76289253535
"(7, 15)",95723.75536937383,96001.12598351741,"[14997, 13687, 5425]",5425,2,9,6,95732.75536937383,96007.12598351741,95770.72329388514,96032.43793319161
"(7, 16)",95719.74506967107,96000.1647724693,"[14997, 14936, 4176]",4176,2,9,6,95728.74506967107,96006.1647724693,95766.71299418238,96031.4767221435
"(7, 17)",95725.20044526123,96003.63397655901,"[14997, 16090, 3022]",3022,2,9,6,95734.20044526123,96009.63397655901,95772.16836977254,96034.94592623321
"(7, 18)",95732.02271057571,96008.26569966508,"[14997, 17166, 1946]",1946,2,9,6,95741.02271057571,96014.26569966508,95778.99063508702,96039.57764933928
"(7, 19)",95731.1912510267,96008.84740707657,"[14997, 18172, 940]",940,2,9,6,95740.1912510267,96014.84740707657,95778.159175538,96040.15935675077
"(8, 9)",95722.8964159152,95994.46595172507,"[17019, 1952, 15138]",1952,2,9,6,95731.8964159152,96000.46595172507,95769.8643404265,96025.77790139927
"(8, 10)",95717.5079495073,95990.20099445352,"[17019, 3815, 13275]",3815,2,9,6,95726.5079495073,95996.20099445352,95764.47587401861,96021.51294412772
"(8, 11)",95710.57178567817,95982.90453919047,"[17019, 5598, 11492]",5598,2,9,6,95719.57178567817,95988.90453919047,95757.53971018948,96014.21648886467
"(8, 12)",95710.66000126547,95983.67798887895,"[17019, 7278, 9812]",7278,2,9,6,95719.66000126547,95989.67798887895,95757.62792577677,96014.98993855315
"(8, 13)",95712.57421860244,95984.9766065174,"[17019, 8853, 8237]",8237,2,9,6,95721.57421860244,95990.9766065174,95759.54214311375,96016.2885561916
"(8, 14)",95716.78777394722,95989.97695360328,"[17019, 10320, 6770]",6770,2,9,6,95725.78777394722,95995.97695360328,95763.75569845852,96021.28890327748
"(8, 15)",95720.2867657497,95993.11814546923,"[17019, 11665, 5425]",5425,2,9,6,95729.2867657497,95999.11814546923,95767.254690261,96024.43009514343
"(8, 16)",95715.99458817685,95991.85283389711,"[17019, 12914, 4176]",4176,2,9,6,95724.99458817685,95997.85283389711,95762.96251268816,96023.16478357131
"(8, 17)",95720.23574407649,95994.08544906517,"[17019, 14068, 3022]",3022,2,9,6,95729.23574407649,96000.08544906517,95767.2036685878,96025.39739873937
"(8, 18)",95725.53448269963,95997.41210927752,"[17019, 15144, 1946]",1946,2,9,6,95734.53448269963,96003.41210927752,95772.50240721094,96028.72405895172
"(8, 19)",95724.24493750931,95997.49631963151,"[17019, 16150, 940]",940,2,9,6,95733.24493750931,96003.49631963151,95771.21286202062,96028.80826930571
"(9, 10)",95724.17642518986,95997.82635935847,"[18971, 1863, 13275]",1863,2,9,6,95733.17642518986,96003.82635935847,95771.14434970116,96029.13830903267
"(9, 11)",95718.2212527157,95990.62262869233,"[18971, 3646, 11492]",3646,2,9,6,95727.2212527157,95996.62262869233,95765.189177227,96021.93457836653
"(9, 12)",95717.78970903129,95990.86841522626,"[18971, 5326, 9812]",5326,2,9,6,95726.78970903129,95996.86841522626,95764.7576335426,96022.18036490046
"(9, 13)",95719.24082791692,95991.58401908481,"[18971, 6901, 8237]",6901,2,9,6,95728.24082791692,95997.58401908481,95766.20875242823,96022.89596875901
"(9, 14)",95722.41160834052,95995.48671965601,"[18971, 8368, 6770]",6770,2,9,6,95731.41160834052,96001.48671965601,95769.37953285183,96026.79866933021
"(9, 15)",95725.1490464409,95997.81632925334,"[18971, 9713, 5425]",5425,2,9,6,95734.1490464409,96003.81632925334,95772.11697095221,96029.12827892754
"(9, 16)",95720.87322557153,95996.4833497915,"[18971, 10962, 4176]",4176,2,9,6,95729.87322557153,96002.4833497915,95767.84115008284,96027.7952994657
"(9, 17)",95724.39637082792,95998.07221934135,"[18971, 12116, 3022]",3022,2,9,6,95733.39637082792,96004.07221934135,95771.36429533923,96029.38416901555
"(9, 18)",95728.85214771809,96000.5211560005,"[18971, 13192, 1946]",1946,2,9,6,95737.85214771809,96006.5211560005,95775.8200722294,96031.8331056747
"(9, 19)",95727.35031615991,96000.35670464026,"[18971, 14198, 940]",940,2,9,6,95736.35031615991,96006.35670464026,95774.31824067121,96031.66865431446
"(10, 11)",95726.11205571123,95999.42908157749,"[20834, 1783, 11492]",1783,2,9,6,95735.11205571123,96005.42908157749,95773.07998022254,96030.74103125169
"(10, 12)",95725.81149401367,95999.53359578317,"[20834, 3463, 9812]",3463,2,9,6,95734.81149401367,96005.53359578317,95772.77941852498,96030.84554545737
"(10, 13)",95726.37728117133,95999.76428178807,"[20834, 5038, 8237]",5038,2,9,6,95735.37728117133,96005.76428178807,95773.34520568264,96031.07623146227
"(10, 14)",95728.6743958466,96002.6709117882,"[20834, 6505, 6770]",6505,2,9,6,95737.6743958466,96008.6709117882,95775.6423203579,96033.9828614624
"(10, 15)",95730.34578319867,96004.1804604478,"[20834, 7850, 5425]",5425,2,9,6,95739.34578319867,96010.1804604478,95777.31370770998,96035.492410122
"(10, 16)",95726.14123205328,96002.89145189781,"[20834, 9099, 4176]",4176,2,9,6,95735.14123205328,96008.89145189781,95773.10915656459,96034.20340157201
"(10, 17)",95728.89474196298,96003.91003484585,"[20834, 10253, 3022]",3022,2,9,6,95737.89474196298,96009.91003484585,95775.86266647429,96035.22198452005
"(10, 18)",95732.38443529017,96005.60870895124,"[20834, 11329, 1946]",1946,2,9,6,95741.38443529017,96011.60870895124,95779.35235980147,96036.92065862544
"(10, 19)",95730.7593514307,96005.29650857259,"[20834, 12335, 940]",940,2,9,6,95739.7593514307,96011.29650857259,95777.727275942,96036.60845824679
"(11, 12)",95729.49882410446,96003.54866887018,"[22617, 1680, 9812]",1680,2,9,6,95738.49882410446,96009.54866887018,95776.46674861577,96034.86061854438
"(11, 13)",95729.48177506495,96002.93341269103,"[22617, 3255, 8237]",3255,2,9,6,95738.48177506495,96008.93341269103,95776.44969957626,96034.24536236523
"(11, 14)",95729.99682287003,96004.0634970011,"[22617, 4722, 6770]",4722,2,9,6,95738.99682287003,96010.0634970011,95776.96474738134,96035.3754466753
"(11, 15)",95730.7833804916,96004.57969005537,"[22617, 6067, 5425]",5425,2,9,6,95739.7833804916,96010.57969005537,95777.75130500291,96035.89163972957
"(11, 16)",95727.07548421316,96003.8019599138,"[22617, 7316, 4176]",4176,2,9,6,95736.07548421316,96009.8019599138,95774.04340872446,96035.113909588
"(11, 17)",95729.08741711976,96004.02203940728,"[22617, 8470, 3022]",3022,2,9,6,95738.08741711976,96010.02203940728,95776.05534163107,96035.33398908148
"(11, 18)",95731.48179861957,96004.75822015783,"[22617, 9546, 1946]",1946,2,9,6,95740.48179861957,96010.75822015783,95778.44972313088,96036.07016983203
"(11, 19)",95729.88582436756,96004.34171409521,"[22617, 10552, 940]",940,2,9,6,95738.88582436756,96010.34171409521,95776.85374887887,96035.65366376941
"(12, 13)",95742.78749572593,96017.07970129953,"[24297, 1575, 8237]",1575,2,9,6,95751.78749572593,96023.07970129953,95789.75542023724,96048.39165097373
"(12, 14)",95743.04662775574,96017.66999894082,"[24297, 3042, 6770]",3042,2,9,6,95752.04662775574,96023.66999894082,95790.01455226705,96048.98194861502
"(12, 15)",95743.28131349765,96017.81767008928,"[24297, 4387, 5425]",4387,2,9,6,95752.28131349765,96023.81767008928,95790.24923800895,96049.12961976348
"(12, 16)",95739.99826085701,96017.39076774895,"[24297, 5636, 4176]",4176,2,9,6,95748.99826085701,96023.39076774895,95786.96618536832,96048.70271742315
"(12, 17)",95741.52991903442,96017.47780179593,"[24297, 6790, 3022]",3022,2,9,6,95750.52991903442,96023.47780179593,95788.49784354573,96048.78975147013
"(12, 18)",95743.44061288495,96017.76621228135,"[24297, 7866, 1946]",1946,2,9,6,95752.44061288495,96023.76621228135,95790.40853739626,96049.07816195555
"(12, 19)",95741.94138610574,96017.40897844656,"[24297, 8872, 940]",940,2,9,6,95750.94138610574,96023.40897844656,95788.90931061705,96048.72092812076
"(13, 14)",95756.57751165253,96031.0157561077,"[25872, 1467, 6770]",1467,2,9,6,95765.57751165253,96037.0157561077,95803.54543616384,96062.3277057819
"(13, 15)",95756.94848579669,96031.27161188342,"[25872, 2812, 5425]",2812,2,9,6,95765.94848579669,96037.27161188342,95803.916410308,96062.58356155762
"(13, 16)",95754.164234228,96031.37743246363,"[25872, 4061, 4176]",4061,2,9,6,95763.164234228,96037.37743246363,95801.1321587393,96062.68938213783
"(13, 17)",95755.63642185867,96031.24514694774,"[25872, 5215, 3022]",3022,2,9,6,95764.63642185867,96037.24514694774,95802.60434636998,96062.55709662194
"(13, 18)",95757.21784926904,96031.24587724378,"[25872, 6291, 1946]",1946,2,9,6,95766.21784926904,96037.24587724378,95804.18577378035,96062.55782691798
"(13, 19)",95755.80519998586,96030.97925938273,"[25872, 7297, 940]",940,2,9,6,95764.80519998586,96036.97925938273,95802.77312449717,96062.29120905693
"(14, 15)",95776.24241328305,96051.75739855453,"[27339, 1345, 5425]",1345,2,9,6,95785.24241328305,96057.75739855453,95823.21033779436,96083.06934822873
"(14, 16)",95773.0138397427,96051.35868209557,"[27339, 2594, 4176]",2594,2,9,6,95782.0138397427,96057.35868209557,95819.98176425401,96082.67063176977
"(14, 17)",95774.57194135786,96051.48962125604,"[27339, 3748, 3022]",3022,2,9,6,95783.57194135786,96057.48962125604,95821.53986586917,96082.80157093024
"(14, 18)",95776.23851178681,96051.67709144442,"[27339, 4824, 1946]",1946,2,9,6,95785.23851178681,96057.67709144442,95823.20643629812,96082.98904111862
"(14, 19)",95774.82857800912,96051.3791416653,"[27339, 5830, 940]",940,2,9,6,95783.82857800912,96057.3791416653,95821.79650252043,96082.6910913395
"(15, 16)",95787.95453876819,96066.4879696434,"[28684, 1249, 4176]",1249,2,9,6,95796.95453876819,96072.4879696434,95834.9224632795,96097.79991931761
"(15, 17)",95790.34468938038,96067.31767526284,"[28684, 2403, 3022]",2403,2,9,6,95799.34468938038,96073.31767526284,95837.31261389169,96098.62962493704
"(15, 18)",95791.90082807872,96068.09995467572,"[28684, 3479, 1946]",1946,2,9,6,95800.90082807872,96074.09995467572,95838.86875259003,96099.41190434992
"(15, 19)",95790.82583214276,96067.44174491428,"[28684, 4485, 940]",940,2,9,6,95799.82583214276,96073.44174491428,95837.79375665406,96098.75369458848
"(16, 17)",95793.15551310522,96072.38402162236,"[29933, 1154, 3022]",1154,2,9,6,95802.15551310522,96078.38402162236,95840.12343761652,96103.69597129656
"(16, 18)",95792.880858568,96071.94223112038,"[29933, 2230, 1946]",1946,2,9,6,95801.880858568,96077.94223112038,95839.8487830793,96103.25418079458
"(16, 19)",95793.14661014186,96072.08871473408,"[29933, 3236, 940]",940,2,9,6,95802.14661014186,96078.08871473408,95840.11453465317,96103.40066440828
"(17, 18)",95807.95066961178,96084.42925871859,"[31087, 1076, 1946]",1076,2,9,6,95816.95066961178,96090.42925871859,95854.91859412308,96115.74120839279
"(17, 19)",95808.34653677283,96084.60887442139,"[31087, 2082, 940]",940,2,9,6,95817.34653677283,96090.60887442139,95855.31446128414,96115.92082409559
"(18, 19)",95823.8944226806,96100.07114560448,"[32163, 1006, 940]",940,2,9,6,95832.8944226806,96106.07114560448,95870.86234719191,96131.38309527868
"(1, 2, 3)",95762.88926154748,96074.57267980228,"[2030, 2107, 2166, 27806]",2030,3,12,8,95774.88926154748,96082.57267980228,95825.51316089588,96116.32194603454
"(1, 2, 4)",95724.88993095334,96043.498695029,"[2030, 2107, 4374, 25598]",2030,3,12,8,95736.88993095334,96051.498695029,95787.51383030174,96085.24796126127
"(1, 2, 5)",95684.09589982392,96003.95532720741,"[2030, 2107, 6595, 23377]",2030,3,12,8,95696.09589982392,96011.95532720741,95746.71979917232,96045.70459343967
"(1, 2, 6)",95671.23617583481,95977.61323941307,"[2030, 2107, 8756, 21216]",2030,3,12,8,95683.23617583481,95985.61323941307,95733.86007518321,96019.36250564533
"(1, 2, 7)",95672.0887592673,95971.80780817455,"[2030, 2107, 10860, 19112]",2030,3,12,8,95684.0887592673,95979.80780817455,95734.7126586157,96013.55707440681
"(1, 2, 8)",95669.32039247808,95964.63043245906,"[2030, 2107, 12882, 17090]",2030,3,12,8,95681.32039247808,95972.63043245906,95731.94429182648,96006.37969869132
"(1, 2, 9)",95678.76977250818,95970.21907458328,"[2030, 2107, 14834, 15138]",2030,3,12,8,95690.76977250818,95978.21907458328,95741.39367185658,96011.96834081554
"(1, 2, 10)",95685.26643758835,95978.47283289695,"[2030, 2107, 16697, 13275]",2030,3,12,8,95697.26643758835,95986.47283289695,95747.89033693675,96020.22209912921
"(1, 2, 11)",95685.95545117614,95979.58849723378,"[2030, 2107, 18480, 11492]",2030,3,12,8,95697.95545117614,95987.58849723378,95748.57935052454,96021.33776346604
"(1, 2, 12)",95700.3137231443,95995.62752917451,"[2030, 2107, 20160, 9812]",2030,3,12,8,95712.3137231443,96003.62752917451,95762.9376224927,96037.37679540677
"(1, 2, 13)",95715.9856625078,96011.51680265955,"[2030, 2107, 21735, 8237]",2030,3,12,8,95727.9856625078,96019.51680265955,95778.6095618562,96053.26606889181
"(1, 2, 14)",95736.76592983685,96034.26892952438,"[2030, 2107, 23202, 6770]",2030,3,12,8,95748.76592983685,96042.26892952438,95799.38982918525,96076.01819575664
"(1, 2, 15)",95754.007403831,96051.84964850021,"[2030, 2107, 24547, 5425]",2030,3,12,8,95766.007403831,96059.84964850021,95816.6313031794,96093.59891473247
"(1, 2, 16)",95755.66999708797,96057.01062613688,"[2030, 2107, 25796, 4176]",2030,3,12,8,95767.66999708797,96065.01062613688,95818.29389643637,96098.75989236914
"(1, 2, 17)",95771.17503368139,96070.93528334567,"[2030, 2107, 26950, 3022]",2030,3,12,8,95783.17503368139,96078.93528334567,95833.79893302979,96112.68454957793
"(1, 2, 18)",95788.77572829514,96086.92514553001,"[2030, 2107, 28026, 1946]",1946,3,12,8,95800.77572829514,96094.92514553001,95851.39962764354,96128.67441176227
"(1, 2, 19)",95793.65306122761,96093.79300900051,"[2030, 2107, 29032, 940]",940,3,12,8,95805.65306122761,96101.79300900051,95856.27696057601,96135.54227523277
"(1, 3, 4)",95728.82777249576,96050.21716022295,"[2030, 4273, 2208, 25598]",2030,3,12,8,95740.82777249576,96058.21716022295,95791.45167184416,96091.96642645521
"(1, 3, 5)",95686.56257969193,96011.30235778079,"[2030, 4273, 4429, 23377]",2030,3,12,8,95698.56257969193,96019.30235778079,95749.18647904033,96053.05162401305
"(1, 3, 6)",95671.5731466726,95983.7666232554,"[2030, 4273, 6590, 21216]",2030,3,12,8,95683.5731466726,95991.7666232554,95734.197046021,96025.51588948767
"(1, 3, 7)",95668.47962593986,95976.41997844818,"[2030, 4273, 8694, 19112]",2030,3,12,8,95680.47962593986,95984.41997844818,95731.10352528826,96018.16924468044
"(1, 3, 8)",95661.67490814009,95967.38439826101,"[2030, 4273, 10716, 17090]",2030,3,12,8,95673.67490814009,95975.38439826101,95724.29880748849,96009.13366449327
"(1, 3, 9)",95666.19436437111,95972.10839526186,"[2030, 4273, 12668, 15138]",2030,3,12,8,95678.19436437111,95980.10839526186,95728.81826371951,96013.85766149413
"(1, 3, 10)",95669.639171722,95978.04416341313,"[2030, 4273, 14531, 13275]",2030,3,12,8,95681.639171722,95986.04416341313,95732.2630710704,96019.79342964539
"(1, 3, 11)",95668.31033017141,95976.97152306308,"[2030, 4273, 16314, 11492]",2030,3,12,8,95680.31033017141,95984.97152306308,95730.93422951981,96018.72078929534
"(1, 3, 12)",95679.67865274416,95989.9397455842,"[2030, 4273, 17994, 9812]",2030,3,12,8,95691.67865274416,95997.9397455842,95742.30255209256,96031.68901181646
"(1, 3, 13)",95692.42093190685,96002.93093204797,"[2030, 4273, 19569, 8237]",2030,3,12,8,95704.42093190685,96010.93093204797,95755.04483125525,96044.68019828023
"(1, 3, 14)",95709.91988192315,96022.287188152,"[2030, 4273, 21036, 6770]",2030,3,12,8,95721.91988192315,96030.287188152,95772.54378127155,96064.03645438426
"(1, 3, 15)",95724.37306351011,96036.94365155007,"[2030, 4273, 22381, 5425]",2030,3,12,8,95736.37306351011,96044.94365155007,95786.99696285851,96078.69291778233
"(1, 3, 16)",95724.46736161037,96040.40369679155,"[2030, 4273, 23630, 4176]",2030,3,12,8,95736.46736161037,96048.40369679155,95787.09126095877,96082.15296302381
"(1, 3, 17)",95737.6517608487,96051.92607712958,"[2030, 4273, 24784, 3022]",2030,3,12,8,95749.6517608487,96059.92607712958,95800.2756601971,96093.67534336184
"(1, 3, 18)",95752.82313590666,96065.38884502609,"[2030, 4273, 25860, 1946]",1946,3,12,8,95764.82313590666,96073.38884502609,95815.44703525506,96107.13811125835
"(1, 3, 19)",95756.2062618416,96070.65929958546,"[2030, 4273, 26866, 940]",940,3,12,8,95768.2062618416,96078.65929958546,95818.83016119,96112.40856581772
"(1, 4, 5)",95686.7015050597,96012.34544992972,"[2030, 6481, 2221, 23377]",2030,3,12,8,95698.7015050597,96020.34544992972,95749.3254044081,96054.09471616198
"(1, 4, 6)",95668.27476194756,95984.09389397799,"[2030, 6481, 4382, 21216]",2030,3,12,8,95680.27476194756,95992.09389397799,95730.89866129596,96025.84316021025
"(1, 4, 7)",95660.08112999581,95976.02630495898,"[2030, 6481, 6486, 19112]",2030,3,12,8,95672.08112999581,95984.02630495898,95722.70502934422,96017.77557119125
"(1, 4, 8)",95650.12668621211,95966.70838721146,"[2030, 6481, 8508, 17090]",2030,3,12,8,95662.12668621211,95974.70838721146,95712.75058556051,96008.45765344372
"(1, 4, 9)",95652.30665582739,95968.78354140179,"[2030, 6481, 10460, 15138]",2030,3,12,8,95664.30665582739,95976.78354140179,95714.93055517579,96010.53280763405
"(1, 4, 10)",95653.36188430797,95971.92985088409,"[2030, 6481, 12323, 13275]",2030,3,12,8,95665.36188430797,95979.92985088409,95715.98578365638,96013.67911711635
"(1, 4, 11)",95650.27995115395,95968.80464657344,"[2030, 6481, 14106, 11492]",2030,3,12,8,95662.27995115395,95976.80464657344,95712.90385050235,96010.5539128057
"(1, 4, 12)",95658.87437178218,95978.66562776787,"[2030, 6481, 15786, 9812]",2030,3,12,8,95670.87437178218,95986.66562776787,95721.49827113058,96020.41489400013
"(1, 4, 13)",95669.13251641276,95988.55358244601,"[2030, 6481, 17361, 8237]",2030,3,12,8,95681.13251641276,95996.55358244601,95731.75641576116,96030.30284867827
"(1, 4, 14)",95683.42925060638,96004.53387999618,"[2030, 6481, 18828, 6770]",2030,3,12,8,95695.42925060638,96012.53387999618,95746.05314995478,96046.28314622844
"(1, 4, 15)",95695.34567095917,96016.24759130643,"[2030, 6481, 20173, 5425]",2030,3,12,8,95707.34567095917,96024.24759130643,95757.96957030757,96057.99685753869
"(1, 4, 16)",95694.01163195542,96018.22276824813,"[2030, 6481, 21422, 4176]",2030,3,12,8,95706.01163195542,96026.22276824813,95756.63553130382,96059.9720344804
"(1, 4, 17)",95705.20978197607,96027.24932902821,"[2030, 6481, 22576, 3022]",2030,3,12,8,95717.20978197607,96035.24932902821,95767.83368132447,96068.99859526048
"(1, 4, 18)",95718.0459655988,96038.28574477878,"[2030, 6481, 23652, 1946]",1946,3,12,8,95730.0459655988,96046.28574477878,95780.6698649472,96080.03501101104
"(1, 4, 19)",95720.10908554547,96042.04581548522,"[2030, 6481, 24658, 940]",940,3,12,8,95732.10908554547,96050.04581548522,95782.73298489387,96083.79508171749
"(1, 5, 6)",95659.54458698677,95985.35816757035,"[2030, 8702, 2161, 21216]",2030,3,12,8,95671.54458698677,95993.35816757035,95722.16848633517,96027.10743380261
"(1, 5, 7)",95648.74582952223,95974.26491381819,"[2030, 8702, 4265, 19112]",2030,3,12,8,95660.74582952223,95982.26491381819,95711.36972887063,96016.01418005045
"(1, 5, 8)",95636.52388482078,95962.80076756157,"[2030, 8702, 6287, 17090]",2030,3,12,8,95648.52388482078,95970.80076756157,95699.14778416918,96004.55003379383
"(1, 5, 9)",95636.22788127656,95961.16623379792,"[2030, 8702, 8239, 15138]",2030,3,12,8,95648.22788127656,95969.16623379792,95698.85178062496,96002.91550003018
"(1, 5, 10)",95633.94076126852,95961.0450511499,"[2030, 8702, 10102, 13275]",2030,3,12,8,95645.94076126852,95969.0450511499,95696.56466061692,96002.79431738215
"(1, 5, 11)",95629.48822033989,95955.55242186418,"[2030, 8702, 11885, 11492]",2030,3,12,8,95641.48822033989,95963.55242186418,95692.11211968829,95997.30168809644
"(1, 5, 12)",95634.64657562022,95961.80194020027,"[2030, 8702, 13565, 9812]",2030,3,12,8,95646.64657562022,95969.80194020027,95697.27047496862,96003.55120643253
"(1, 5, 13)",95642.21295758491,95968.29362446645,"[2030, 8702, 15140, 8237]",2030,3,12,8,95654.21295758491,95976.29362446645,95704.83685693331,96010.0428906987
"(1, 5, 14)",95652.87011727241,95980.25746046554,"[2030, 8702, 16607, 6770]",2030,3,12,8,95664.87011727241,95988.25746046554,95715.49401662081,96022.0067266978
"(1, 5, 15)",95662.24295407764,95988.87353753785,"[2030, 8702, 17952, 5425]",2030,3,12,8,95674.24295407764,95996.87353753785,95724.86685342604,96030.62280377011
"(1, 5, 16)",95659.71654261793,95989.38981289741,"[2030, 8702, 19201, 4176]",2030,3,12,8,95671.71654261793,95997.38981289741,95722.34044196633,96031.13907912967
"(1, 5, 17)",95668.61462226041,95996.02884767108,"[2030, 8702, 20355, 3022]",2030,3,12,8,95680.61462226041,96004.02884767108,95731.23852160882,96037.77811390335
"(1, 5, 18)",95678.98828035542,96004.38824080252,"[2030, 8702, 21431, 1946]",1946,3,12,8,95690.98828035542,96012.38824080252,95741.61217970382,96046.13750703479
"(1, 5, 19)",95679.72321084776,96006.62478998494,"[2030, 8702, 22437, 940]",940,3,12,8,95691.72321084776,96014.62478998494,95742.34711019616,96048.3740562172
"(1, 6, 7)",95663.20274921763,95970.47510064431,"[2030, 10863, 2104, 19112]",2030,3,12,8,95675.20274921763,95978.47510064431,95725.82664856603,96012.22436687657
"(1, 6, 8)",95650.12691116756,95957.61318890746,"[2030, 10863, 4126, 17090]",2030,3,12,8,95662.12691116756,95965.61318890746,95712.75081051596,95999.36245513972
"(1, 6, 9)",95647.2761004365,95953.6285112325,"[2030, 10863, 6078, 15138]",2030,3,12,8,95659.2761004365,95961.6285112325,95709.8999997849,95995.37777746476
"(1, 6, 10)",95642.99683003366,95951.27376068413,"[2030, 10863, 7941, 13275]",2030,3,12,8,95654.99683003366,95959.27376068413,95705.62072938206,95993.02302691639
"(1, 6, 11)",95637.07869285808,95944.53408098349,"[2030, 10863, 9724, 11492]",2030,3,12,8,95649.07869285808,95952.53408098349,95699.70259220648,95986.28334721575
"(1, 6, 12)",95639.75233507637,95948.0932004844,"[2030, 10863, 11404, 9812]",2030,3,12,8,95651.75233507637,95956.0932004844,95702.37623442477,95989.84246671667
"(1, 6, 13)",95644.62117822262,95952.17745098849,"[2030, 10863, 12979, 8237]",2030,3,12,8,95656.62117822262,95960.17745098849,95707.24507757102,95993.92671722075
"(1, 6, 14)",95652.40894675897,95960.99189627742,"[2030, 10863, 14446, 6770]",2030,3,12,8,95664.40894675897,95968.99189627742,95715.03284610737,96002.74116250969
"(1, 6, 15)",95659.08000719751,95967.21488175611,"[2030, 10863, 15791, 5425]",2030,3,12,8,95671.08000719751,95975.21488175611,95721.70390654591,96008.96414798837
"(1, 6, 16)",95655.54631704299,95966.73767799791,"[2030, 10863, 17040, 4176]",2030,3,12,8,95667.54631704299,95974.73767799791,95718.17021639139,96008.48694423017
"(1, 6, 17)",95662.33706597798,95971.42309341408,"[2030, 10863, 18194, 3022]",2030,3,12,8,95674.33706597798,95979.42309341408,95724.96096532638,96013.17235964634
"(1, 6, 18)",95670.45361425808,95977.61885499854,"[2030, 10863, 19270, 1946]",1946,3,12,8,95682.45361425808,95985.61885499854,95733.07751360648,96019.3681212308
"(1, 6, 19)",95670.27604160324,95978.71098062332,"[2030, 10863, 20276, 940]",940,3,12,8,95682.27604160324,95986.71098062332,95732.89994095164,96020.46024685558
"(1, 7, 8)",95663.85614231543,95961.88458477381,"[2030, 12967, 2022, 17090]",2022,3,12,8,95675.85614231543,95969.88458477381,95726.48004166383,96003.63385100607
"(1, 7, 9)",95660.04765493757,95957.26243917274,"[2030, 12967, 3974, 15138]",2030,3,12,8,95672.04765493757,95965.26243917274,95722.67155428597,95999.011705405
"(1, 7, 10)",95655.20608241101,95953.9410506913,"[2030, 12967, 5837, 13275]",2030,3,12,8,95667.20608241101,95961.9410506913,95717.82998175941,95995.69031692356
"(1, 7, 11)",95648.60830464902,95946.86449548465,"[2030, 12967, 7620, 11492]",2030,3,12,8,95660.60830464902,95954.86449548465,95711.23220399742,95988.61376171692
"(1, 7, 12)",95650.16262673654,95948.95511810915,"[2030, 12967, 9300, 9812]",2030,3,12,8,95662.16262673654,95956.95511810915,95712.78652608494,95990.70438434141
"(1, 7, 13)",95653.44349128776,95951.77584217871,"[2030, 12967, 10875, 8237]",2030,3,12,8,95665.44349128776,95959.77584217871,95716.06739063616,95993.52510841098
"(1, 7, 14)",95659.55046447103,95958.69862934244,"[2030, 12967, 12342, 6770]",2030,3,12,8,95671.55046447103,95966.69862934244,95722.17436381943,96000.4478955747
"(1, 7, 15)",95664.60706879143,95963.37366999869,"[2030, 12967, 13687, 5425]",2030,3,12,8,95676.60706879143,95971.37366999869,95727.23096813983,96005.12293623095
"(1, 7, 16)",95660.59676908868,95962.4124589506,"[2030, 12967, 14936, 4176]",2030,3,12,8,95672.59676908868,95970.4124589506,95723.22066843708,96004.16172518286
"(1, 7, 17)",95666.05214467883,95965.88166304029,"[2030, 12967, 16090, 3022]",2030,3,12,8,95678.05214467883,95973.88166304029,95728.67604402723,96007.63092927255
"(1, 7, 18)",95672.87440999331,95970.51338614637,"[2030, 12967, 17166, 1946]",1946,3,12,8,95684.87440999331,95978.51338614637,95735.49830934171,96012.26265237863
"(1, 7, 19)",95672.0429504443,95971.09509355784,"[2030, 12967, 18172, 940]",940,3,12,8,95684.0429504443,95979.09509355784,95734.6668497927,96012.8443597901
"(1, 8, 9)",95667.74564015152,95961.41541287309,"[2030, 14989, 1952, 15138]",1952,3,12,8,95679.74564015152,95969.41541287309,95730.36953949992,96003.16467910535
"(1, 8, 10)",95662.35717374363,95957.15045560153,"[2030, 14989, 3815, 13275]",2030,3,12,8,95674.35717374363,95965.15045560153,95724.98107309203,95998.89972183379
"(1, 8, 11)",95655.42100991451,95949.85400033847,"[2030, 14989, 5598, 11492]",2030,3,12,8,95667.42100991451,95957.85400033847,95718.04490926291,95991.60326657073
"(1, 8, 12)",95655.5092255018,95950.62745002695,"[2030, 14989, 7278, 9812]",2030,3,12,8,95667.5092255018,95958.62745002695,95718.1331248502,95992.37671625921
"(1, 8, 13)",95657.4234428388,95951.92606766541,"[2030, 14989, 8853, 8237]",2030,3,12,8,95669.4234428388,95959.92606766541,95720.0473421872,95993.67533389767
"(1, 8, 14)",95661.63699818355,95956.9264147513,"[2030, 14989, 10320, 6770]",2030,3,12,8,95673.63699818355,95964.9264147513,95724.26089753195,95998.67568098356
"(1, 8, 15)",95665.13598998604,95960.06760661723,"[2030, 14989, 11665, 5425]",2030,3,12,8,95677.13598998604,95968.06760661723,95727.75988933444,96001.8168728495
"(1, 8, 16)",95660.8438124132,95958.80229504511,"[2030, 14989, 12914, 4176]",2030,3,12,8,95672.8438124132,95966.80229504511,95723.4677117616,96000.55156127737
"(1, 8, 17)",95665.08496831285,95961.03491021317,"[2030, 14989, 14068, 3022]",2030,3,12,8,95677.08496831285,95969.03491021317,95727.70886766125,96002.78417644544
"(1, 8, 18)",95670.38370693596,95964.36157042554,"[2030, 14989, 15144, 1946]",1946,3,12,8,95682.38370693596,95972.36157042554,95733.00760628436,96006.1108366578
"(1, 8, 19)",95669.09416174566,95964.44578077953,"[2030, 14989, 16150, 940]",940,3,12,8,95681.09416174566,95972.44578077953,95731.71806109406,96006.19504701179
"(1, 9, 10)",95675.0371958557,95967.75059141437,"[2030, 16941, 1863, 13275]",1863,3,12,8,95687.0371958557,95975.75059141437,95737.6610952041,96009.49985764663
"(1, 9, 11)",95669.08202338153,95960.54686074823,"[2030, 16941, 3646, 11492]",2030,3,12,8,95681.08202338153,95968.54686074823,95731.70592272993,96002.2961269805
"(1, 9, 12)",95668.65047969713,95960.79264728214,"[2030, 16941, 5326, 9812]",2030,3,12,8,95680.65047969713,95968.79264728214,95731.27437904553,96002.5419135144
"(1, 9, 13)",95670.10159858275,95961.5082511407,"[2030, 16941, 6901, 8237]",2030,3,12,8,95682.10159858275,95969.5082511407,95732.72549793115,96003.25751737296
"(1, 9, 14)",95673.27237900636,95965.41095171189,"[2030, 16941, 8368, 6770]",2030,3,12,8,95685.27237900636,95973.41095171189,95735.89627835476,96007.16021794415
"(1, 9, 15)",95676.00981710674,95967.74056130924,"[2030, 16941, 9713, 5425]",2030,3,12,8,95688.00981710674,95975.74056130924,95738.63371645514,96009.4898275415
"(1, 9, 16)",95671.73399623738,95966.4075818474,"[2030, 16941, 10962, 4176]",2030,3,12,8,95683.73399623738,95974.4075818474,95734.35789558578,96008.15684807966
"(1, 9, 17)",95675.25714149376,95967.99645139725,"[2030, 16941, 12116, 3022]",2030,3,12,8,95687.25714149376,95975.99645139725,95737.88104084216,96009.74571762951
"(1, 9, 18)",95679.71291838394,95970.44538805638,"[2030, 16941, 13192, 1946]",1946,3,12,8,95691.71291838394,95978.44538805638,95742.33681773234,96012.19465428864
"(1, 9, 19)",95678.21108682576,95970.28093669613,"[2030, 16941, 14198, 940]",940,3,12,8,95690.21108682576,95978.28093669613,95740.83498617416,96012.03020292839
"(1, 10, 11)",95683.0810963992,95970.15796481367,"[2030, 18804, 1783, 11492]",1783,3,12,8,95695.0810963992,95978.15796481367,95745.7049957476,96011.90723104593
"(1, 10, 12)",95682.78053470165,95970.26247901937,"[2030, 18804, 3463, 9812]",2030,3,12,8,95694.78053470165,95978.26247901937,95745.40443405005,96012.01174525163
"(1, 10, 13)",95683.34632185931,95970.49316502425,"[2030, 18804, 5038, 8237]",2030,3,12,8,95695.34632185931,95978.49316502425,95745.97022120771,96012.24243125651
"(1, 10, 14)",95685.64343653456,95973.39979502438,"[2030, 18804, 6505, 6770]",2030,3,12,8,95697.64343653456,95981.39979502438,95748.26733588296,96015.14906125664
"(1, 10, 15)",95687.31482388664,95974.90934368398,"[2030, 18804, 7850, 5425]",2030,3,12,8,95699.31482388664,95982.90934368398,95749.93872323504,96016.65860991624
"(1, 10, 16)",95683.11027274124,95973.620335134,"[2030, 18804, 9099, 4176]",2030,3,12,8,95695.11027274124,95981.620335134,95745.73417208964,96015.36960136626
"(1, 10, 17)",95685.86378265094,95974.63891808203,"[2030, 18804, 10253, 3022]",2030,3,12,8,95697.86378265094,95982.63891808203,95748.48768199934,96016.38818431429
"(1, 10, 18)",95689.35347597812,95976.33759218744,"[2030, 18804, 11329, 1946]",1946,3,12,8,95701.35347597812,95984.33759218744,95751.97737532652,96018.0868584197
"(1, 10, 19)",95687.72839211865,95976.02539180878,"[2030, 18804, 12335, 940]",940,3,12,8,95699.72839211865,95984.02539180878,95750.35229146705,96017.77465804105
"(1, 11, 12)",95688.41762993025,95976.7984985744,"[2030, 20587, 1680, 9812]",1680,3,12,8,95700.41762993025,95984.7984985744,95751.04152927865,96018.54776480666
"(1, 11, 13)",95688.40058089074,95976.18324239524,"[2030, 20587, 3255, 8237]",2030,3,12,8,95700.40058089074,95984.18324239524,95751.02448023914,96017.9325086275
"(1, 11, 14)",95688.91562869582,95977.31332670532,"[2030, 20587, 4722, 6770]",2030,3,12,8,95700.91562869582,95985.31332670532,95751.53952804422,96019.06259293758
"(1, 11, 15)",95689.7021863174,95977.82951975957,"[2030, 20587, 6067, 5425]",2030,3,12,8,95701.7021863174,95985.82951975957,95752.3260856658,96019.57878599183
"(1, 11, 16)",95685.99429003896,95977.05178961802,"[2030, 20587, 7316, 4176]",2030,3,12,8,95697.99429003896,95985.05178961802,95748.61818938736,96018.80105585029
"(1, 11, 17)",95688.00622294557,95977.27186911149,"[2030, 20587, 8470, 3022]",2030,3,12,8,95700.00622294557,95985.27186911149,95750.63012229397,96019.02113534375
"(1, 11, 18)",95690.40060444539,95978.00804986205,"[2030, 20587, 9546, 1946]",1946,3,12,8,95702.40060444539,95986.00804986205,95753.02450379379,96019.75731609431
"(1, 11, 19)",95688.80463019336,95977.59154379943,"[2030, 20587, 10552, 940]",940,3,12,8,95700.80463019336,95985.59154379943,95751.42852954176,96019.34081003169
"(1, 12, 13)",95704.4674111807,95993.32311530053,"[2030, 22267, 1575, 8237]",1575,3,12,8,95716.4674111807,96001.32311530053,95767.0913105291,96035.0723815328
"(1, 12, 14)",95704.72654321049,95993.91341294182,"[2030, 22267, 3042, 6770]",2030,3,12,8,95716.72654321049,96001.91341294182,95767.35044255889,96035.66267917409
"(1, 12, 15)",95704.9612289524,95994.06108409027,"[2030, 22267, 4387, 5425]",2030,3,12,8,95716.9612289524,96002.06108409027,95767.5851283008,96035.81035032253
"(1, 12, 16)",95701.67817631176,95993.63418174995,"[2030, 22267, 5636, 4176]",2030,3,12,8,95713.67817631176,96001.63418174995,95764.30207566016,96035.38344798221
"(1, 12, 17)",95703.20983448917,95993.72121579695,"[2030, 22267, 6790, 3022]",2030,3,12,8,95715.20983448917,96001.72121579695,95765.83373383757,96035.47048202921
"(1, 12, 18)",95705.1205283397,95994.00962628235,"[2030, 22267, 7866, 1946]",1946,3,12,8,95717.1205283397,96002.00962628235,95767.7444276881,96035.75889251461
"(1, 12, 19)",95703.62130156049,95993.65239244756,"[2030, 22267, 8872, 940]",940,3,12,8,95715.62130156049,96001.65239244756,95766.24520090889,96035.40165867982
"(1, 13, 14)",95720.45945072679,96009.88607103722,"[2030, 23842, 1467, 6770]",1467,3,12,8,95732.45945072679,96017.88607103722,95783.08335007519,96051.63533726949
"(1, 13, 15)",95720.83042487095,96010.14192681294,"[2030, 23842, 2812, 5425]",2030,3,12,8,95732.83042487095,96018.14192681294,95783.45432421935,96051.8911930452
"(1, 13, 16)",95718.04617330225,96010.24774739315,"[2030, 23842, 4061, 4176]",2030,3,12,8,95730.04617330225,96018.24774739315,95780.67007265065,96051.99701362541
"(1, 13, 17)",95719.51836093293,96010.11546187726,"[2030, 23842, 5215, 3022]",2030,3,12,8,95731.51836093293,96018.11546187726,95782.14226028133,96051.86472810952
"(1, 13, 18)",95721.0997883433,96010.1161921733,"[2030, 23842, 6291, 1946]",1946,3,12,8,95733.0997883433,96018.1161921733,95783.7236876917,96051.86545840556
"(1, 13, 19)",95719.68713906012,96009.84957431225,"[2030, 23842, 7297, 940]",940,3,12,8,95731.68713906012,96017.84957431225,95782.31103840852,96051.59884054451
"(1, 14, 15)",95742.35634757926,96033.26309482093,"[2030, 25309, 1345, 5425]",1345,3,12,8,95754.35634757926,96041.26309482093,95804.98024692766,96075.01236105319
"(1, 14, 16)",95739.12777403892,96032.86437836198,"[2030, 25309, 2594, 4176]",2030,3,12,8,95751.12777403892,96040.86437836198,95801.75167338732,96074.61364459424
"(1, 14, 17)",95740.68587565408,96032.99531752247,"[2030, 25309, 3748, 3022]",2030,3,12,8,95752.68587565408,96040.99531752247,95803.30977500248,96074.74458375473
"(1, 14, 18)",95742.35244608302,96033.18278771083,"[2030, 25309, 4824, 1946]",1946,3,12,8,95754.35244608302,96041.18278771083,95804.97634543142,96074.93205394309
"(1, 14, 19)",95740.94251230534,96032.88483793172,"[2030, 25309, 5830, 940]",940,3,12,8,95752.94251230534,96040.88483793172,95803.56641165374,96074.63410416398
"(1, 15, 16)",95755.81805347209,96049.90033892715,"[2030, 26654, 1249, 4176]",1249,3,12,8,95767.81805347209,96057.90033892715,95818.44195282049,96091.64960515941
"(1, 15, 17)",95758.20820408428,96050.7300445466,"[2030, 26654, 2403, 3022]",2030,3,12,8,95770.20820408428,96058.7300445466,95820.83210343268,96092.47931077886
"(1, 15, 18)",95759.76434278263,96051.51232395945,"[2030, 26654, 3479, 1946]",1946,3,12,8,95771.76434278263,96059.51232395945,95822.38824213103,96093.26159019172
"(1, 15, 19)",95758.68934684666,96050.85411419802,"[2030, 26654, 4485, 940]",940,3,12,8,95770.68934684666,96058.85411419802,95821.31324619506,96092.60338043029
"(1, 16, 17)",95761.89388677072,96056.90053460319,"[2030, 27903, 1154, 3022]",1154,3,12,8,95773.89388677072,96064.90053460319,95824.51778611912,96098.64980083545
"(1, 16, 18)",95761.61923223351,96056.45874410121,"[2030, 27903, 2230, 1946]",1946,3,12,8,95773.61923223351,96064.45874410121,95824.24313158191,96098.20801033347
"(1, 16, 19)",95761.88498380737,96056.60522771491,"[2030, 27903, 3236, 940]",940,3,12,8,95773.88498380737,96064.60522771491,95824.50888315577,96098.35449394718
"(1, 17, 18)",95777.84621803147,96070.38650846941,"[2030, 29057, 1076, 1946]",1076,3,12,8,95789.84621803147,96078.38650846941,95840.47011737987,96112.13577470167
"(1, 17, 19)",95778.24208519253,96070.56612417221,"[2030, 29057, 2082, 940]",940,3,12,8,95790.24208519253,96078.56612417221,95840.86598454093,96112.31539040447
"(1, 18, 19)",95794.88897114011,96087.41011266997,"[2030, 30133, 1006, 940]",940,3,12,8,95806.88897114011,96095.41011266997,95857.51287048851,96129.15937890223
"(2, 3, 4)",95759.49004842628,96055.86367334235,"[4137, 2166, 2208, 25598]",2166,3,12,8,95771.49004842628,96063.86367334235,95822.11394777468,96097.61293957461
"(2, 3, 5)",95717.22485562245,96016.94887090019,"[4137, 2166, 4429, 23377]",2166,3,12,8,95729.22485562245,96024.94887090019,95779.84875497085,96058.69813713245
"(2, 3, 6)",95702.23542260312,95989.4131363748,"[4137, 2166, 6590, 21216]",2166,3,12,8,95714.23542260312,95997.4131363748,95764.85932195152,96031.16240260706
"(2, 3, 7)",95699.14190187037,95982.06649156757,"[4137, 2166, 8694, 19112]",2166,3,12,8,95711.14190187037,95990.06649156757,95761.76580121877,96023.81575779984
"(2, 3, 8)",95692.33718407061,95973.03091138041,"[4137, 2166, 10716, 17090]",2166,3,12,8,95704.33718407061,95981.03091138041,95754.96108341901,96014.78017761267
"(2, 3, 9)",95696.85664030163,95977.75490838126,"[4137, 2166, 12668, 15138]",2166,3,12,8,95708.85664030163,95985.75490838126,95759.48053965003,96019.50417461352
"(2, 3, 10)",95700.30144765251,95983.69067653253,"[4137, 2166, 14531, 13275]",2166,3,12,8,95712.30144765251,95991.69067653253,95762.92534700091,96025.43994276479
"(2, 3, 11)",95698.97260610193,95982.61803618248,"[4137, 2166, 16314, 11492]",2166,3,12,8,95710.97260610193,95990.61803618248,95761.59650545033,96024.36730241474
"(2, 3, 12)",95710.34092867468,95995.5862587036,"[4137, 2166, 17994, 9812]",2166,3,12,8,95722.34092867468,96003.5862587036,95772.96482802308,96037.33552493586
"(2, 3, 13)",95723.08320783736,96008.57744516736,"[4137, 2166, 19569, 8237]",2166,3,12,8,95735.08320783736,96016.57744516736,95785.70710718576,96050.32671139963
"(2, 3, 14)",95740.58215785367,96027.9337012714,"[4137, 2166, 21036, 6770]",2166,3,12,8,95752.58215785367,96035.9337012714,95803.20605720207,96069.68296750366
"(2, 3, 15)",95755.03533944063,96042.59016466947,"[4137, 2166, 22381, 5425]",2166,3,12,8,95767.03533944063,96050.59016466947,95817.65923878903,96084.33943090173
"(2, 3, 16)",95755.12963754089,96046.05020991094,"[4137, 2166, 23630, 4176]",2166,3,12,8,95767.12963754089,96054.05020991094,95817.75353688929,96087.7994761432
"(2, 3, 17)",95768.31403677922,96057.57259024898,"[4137, 2166, 24784, 3022]",2166,3,12,8,95780.31403677922,96065.57259024898,95830.93793612762,96099.32185648124
"(2, 3, 18)",95783.48541183717,96071.03535814548,"[4137, 2166, 25860, 1946]",1946,3,12,8,95795.48541183717,96079.03535814548,95846.10931118557,96112.78462437775
"(2, 3, 19)",95786.86853777211,96076.30581270486,"[4137, 2166, 26866, 940]",940,3,12,8,95798.86853777211,96084.30581270486,95849.49243712051,96118.05507893712
"(2, 4, 5)",95717.3442417107,96017.43449531373,"[4137, 4374, 2221, 23377]",2221,3,12,8,95729.3442417107,96025.43449531373,95779.9681410591,96059.183761546
"(2, 4, 6)",95698.91749859857,95989.18293936201,"[4137, 4374, 4382, 21216]",4137,3,12,8,95710.91749859857,95997.18293936201,95761.54139794697,96030.93220559428
"(2, 4, 7)",95690.72386664683,95981.11535034301,"[4137, 4374, 6486, 19112]",4137,3,12,8,95702.72386664683,95989.11535034301,95753.34776599523,96022.86461657527
"(2, 4, 8)",95680.76942286313,95971.79743259549,"[4137, 4374, 8508, 17090]",4137,3,12,8,95692.76942286313,95979.79743259549,95743.39332221153,96013.54669882775
"(2, 4, 9)",95682.94939247839,95973.87258678582,"[4137, 4374, 10460, 15138]",4137,3,12,8,95694.94939247839,95981.87258678582,95745.57329182679,96015.62185301808
"(2, 4, 10)",95684.004620959,95977.01889626811,"[4137, 4374, 12323, 13275]",4137,3,12,8,95696.004620959,95985.01889626811,95746.6285203074,96018.76816250038
"(2, 4, 11)",95680.92268780495,95973.89369195746,"[4137, 4374, 14106, 11492]",4137,3,12,8,95692.92268780495,95981.89369195746,95743.54658715335,96015.64295818972
"(2, 4, 12)",95689.51710843318,95983.7546731519,"[4137, 4374, 15786, 9812]",4137,3,12,8,95701.51710843318,95991.7546731519,95752.14100778158,96025.50393938416
"(2, 4, 13)",95699.7752530638,95993.64262783002,"[4137, 4374, 17361, 8237]",4137,3,12,8,95711.7752530638,96001.64262783002,95762.3991524122,96035.39189406228
"(2, 4, 14)",95714.07198725738,96009.62292538019,"[4137, 4374, 18828, 6770]",4137,3,12,8,95726.07198725738,96017.62292538019,95776.69588660578,96051.37219161245
"(2, 4, 15)",95725.98840761019,96021.33663669045,"[4137, 4374, 20173, 5425]",4137,3,12,8,95737.98840761019,96029.33663669045,95788.61230695859,96063.08590292271
"(2, 4, 16)",95724.65436860644,96023.31181363216,"[4137, 4374, 21422, 4176]",4137,3,12,8,95736.65436860644,96031.31181363216,95787.27826795484,96065.06107986442
"(2, 4, 17)",95735.85251862709,96032.33837441224,"[4137, 4374, 22576, 3022]",3022,3,12,8,95747.85251862709,96040.33837441224,95798.47641797549,96074.0876406445
"(2, 4, 18)",95748.68870224981,96043.37479016281,"[4137, 4374, 23652, 1946]",1946,3,12,8,95760.68870224981,96051.37479016281,95811.31260159821,96085.12405639507
"(2, 4, 19)",95750.75182219649,96047.13486086925,"[4137, 4374, 24658, 940]",940,3,12,8,95762.75182219649,96055.13486086925,95813.37572154489,96088.88412710151
"(2, 5, 6)",95691.48598949776,95988.60361336364,"[4137, 6595, 2161, 21216]",2161,3,12,8,95703.48598949776,95996.60361336364,95754.10988884616,96030.3528795959
"(2, 5, 7)",95680.6872320332,95977.51035961148,"[4137, 6595, 4265, 19112]",4137,3,12,8,95692.6872320332,95985.51035961148,95743.3111313816,96019.25962584374
"(2, 5, 8)",95668.46528733177,95966.04621335486,"[4137, 6595, 6287, 17090]",4137,3,12,8,95680.46528733177,95974.04621335486,95731.08918668017,96007.79547958712
"(2, 5, 9)",95668.16928378755,95964.41167959121,"[4137, 6595, 8239, 15138]",4137,3,12,8,95680.16928378755,95972.41167959121,95730.79318313595,96006.16094582347
"(2, 5, 10)",95665.8821637795,95964.29049694318,"[4137, 6595, 10102, 13275]",4137,3,12,8,95677.8821637795,95972.29049694318,95728.5060631279,96006.03976317545
"(2, 5, 11)",95661.42962285086,95958.79786765747,"[4137, 6595, 11885, 11492]",4137,3,12,8,95673.42962285086,95966.79786765747,95724.05352219926,96000.54713388973
"(2, 5, 12)",95666.5879781312,95965.04738599356,"[4137, 6595, 13565, 9812]",4137,3,12,8,95678.5879781312,95973.04738599356,95729.2118774796,96006.79665222582
"(2, 5, 13)",95674.15436009591,95971.53907025974,"[4137, 6595, 15140, 8237]",4137,3,12,8,95686.15436009591,95979.53907025974,95736.77825944431,96013.288336492
"(2, 5, 14)",95684.8115197834,95983.50290625883,"[4137, 6595, 16607, 6770]",4137,3,12,8,95696.8115197834,95991.50290625883,95747.4354191318,96025.25217249109
"(2, 5, 15)",95694.18435658861,95992.11898333114,"[4137, 6595, 17952, 5425]",4137,3,12,8,95706.18435658861,96000.11898333114,95756.80825593701,96033.8682495634
"(2, 5, 16)",95691.65794512891,95992.6352586907,"[4137, 6595, 19201, 4176]",4137,3,12,8,95703.65794512891,96000.6352586907,95754.28184447731,96034.38452492296
"(2, 5, 17)",95700.5560247714,95999.27429346438,"[4137, 6595, 20355, 3022]",3022,3,12,8,95712.5560247714,96007.27429346438,95763.1799241198,96041.02355969664
"(2, 5, 18)",95710.92968286642,96007.63368659581,"[4137, 6595, 21431, 1946]",1946,3,12,8,95722.92968286642,96015.63368659581,95773.55358221482,96049.38295282808
"(2, 5, 19)",95711.66461335873,96009.87023577823,"[4137, 6595, 22437, 940]",940,3,12,8,95723.66461335873,96017.87023577823,95774.28851270713,96051.6195020105
"(2, 6, 7)",95693.56400976091,95976.82857689737,"[4137, 8756, 2104, 19112]",2104,3,12,8,95705.56400976091,95984.82857689737,95756.18790910931,96018.57784312963
"(2, 6, 8)",95680.48817171085,95963.96666516052,"[4137, 8756, 4126, 17090]",4126,3,12,8,95692.48817171085,95971.96666516052,95743.11207105925,96005.71593139278
"(2, 6, 9)",95677.63736097977,95959.98198748556,"[4137, 8756, 6078, 15138]",4137,3,12,8,95689.63736097977,95967.98198748556,95740.26126032817,96001.73125371782
"(2, 6, 10)",95673.35809057695,95957.62723693719,"[4137, 8756, 7941, 13275]",4137,3,12,8,95685.35809057695,95965.62723693719,95735.98198992535,95999.37650316945
"(2, 6, 11)",95667.43995340136,95950.88755723657,"[4137, 8756, 9724, 11492]",4137,3,12,8,95679.43995340136,95958.88755723657,95730.06385274976,95992.63682346883
"(2, 6, 12)",95670.11359561965,95954.44667673747,"[4137, 8756, 11404, 9812]",4137,3,12,8,95682.11359561965,95962.44667673747,95732.73749496805,95996.19594296973
"(2, 6, 13)",95674.9824387659,95958.53092724155,"[4137, 8756, 12979, 8237]",4137,3,12,8,95686.9824387659,95966.53092724155,95737.6063381143,96000.28019347381
"(2, 6, 14)",95682.77020730225,95967.34537253049,"[4137, 8756, 14446, 6770]",4137,3,12,8,95694.77020730225,95975.34537253049,95745.39410665065,96009.09463876275
"(2, 6, 15)",95689.4412677408,95973.56835800919,"[4137, 8756, 15791, 5425]",4137,3,12,8,95701.4412677408,95981.56835800919,95752.0651670892,96015.31762424145
"(2, 6, 16)",95685.90757758627,95973.09115425096,"[4137, 8756, 17040, 4176]",4137,3,12,8,95697.90757758627,95981.09115425096,95748.53147693467,96014.84042048322
"(2, 6, 17)",95692.69832652126,95977.77656966713,"[4137, 8756, 18194, 3022]",3022,3,12,8,95704.69832652126,95985.77656966713,95755.32222586966,96019.52583589939
"(2, 6, 18)",95700.81487480136,95983.97233125159,"[4137, 8756, 19270, 1946]",1946,3,12,8,95712.81487480136,95991.97233125159,95763.43877414976,96025.72159748385
"(2, 6, 19)",95700.63730214651,95985.06445687637,"[4137, 8756, 20276, 940]",940,3,12,8,95712.63730214651,95993.06445687637,95763.26120149491,96026.81372310863
"(2, 7, 8)",95694.38273469103,95971.12041598918,"[4137, 10860, 2022, 17090]",2022,3,12,8,95706.38273469103,95979.12041598918,95757.00663403943,96012.86968222144
"(2, 7, 9)",95690.57424731317,95966.49827038811,"[4137, 10860, 3974, 15138]",3974,3,12,8,95702.57424731317,95974.49827038811,95753.19814666157,96008.24753662037
"(2, 7, 10)",95685.7326747866,95963.17688190666,"[4137, 10860, 5837, 13275]",4137,3,12,8,95697.7326747866,95971.17688190666,95748.356574135,96004.92614813893
"(2, 7, 11)",95679.13489702462,95956.10032670002,"[4137, 10860, 7620, 11492]",4137,3,12,8,95691.13489702462,95964.10032670002,95741.75879637302,95997.84959293228
"(2, 7, 12)",95680.68921911213,95958.19094932452,"[4137, 10860, 9300, 9812]",4137,3,12,8,95692.68921911213,95966.19094932452,95743.31311846053,95999.94021555678
"(2, 7, 13)",95683.97008366336,95961.01167339408,"[4137, 10860, 10875, 8237]",4137,3,12,8,95695.97008366336,95969.01167339408,95746.59398301176,96002.76093962634
"(2, 7, 14)",95690.07705684663,95967.93446055781,"[4137, 10860, 12342, 6770]",4137,3,12,8,95702.07705684663,95975.93446055781,95752.70095619503,96009.68372679007
"(2, 7, 15)",95695.13366116703,95972.60950121406,"[4137, 10860, 13687, 5425]",4137,3,12,8,95707.13366116703,95980.60950121406,95757.75756051543,96014.35876744632
"(2, 7, 16)",95691.12336146427,95971.64829016596,"[4137, 10860, 14936, 4176]",4137,3,12,8,95703.12336146427,95979.64829016596,95753.74726081267,96013.39755639822
"(2, 7, 17)",95696.57873705443,95975.11749425565,"[4137, 10860, 16090, 3022]",3022,3,12,8,95708.57873705443,95983.11749425565,95759.20263640283,96016.86676048792
"(2, 7, 18)",95703.4010023689,95979.74921736174,"[4137, 10860, 17166, 1946]",1946,3,12,8,95715.4010023689,95987.74921736174,95766.0249017173,96021.498483594
"(2, 7, 19)",95702.5695428199,95980.33092477321,"[4137, 10860, 18172, 940]",940,3,12,8,95714.5695428199,95988.33092477321,95765.1934421683,96022.08019100547
"(2, 8, 9)",95699.50739982883,95971.15019208909,"[4137, 12882, 1952, 15138]",1952,3,12,8,95711.50739982883,95979.15019208909,95762.13129917723,96012.89945832135
"(2, 8, 10)",95694.11893342092,95966.88523481753,"[4137, 12882, 3815, 13275]",3815,3,12,8,95706.11893342092,95974.88523481753,95756.74283276932,96008.63450104979
"(2, 8, 11)",95687.1827695918,95959.58877955447,"[4137, 12882, 5598, 11492]",4137,3,12,8,95699.1827695918,95967.58877955447,95749.8066689402,96001.33804578673
"(2, 8, 12)",95687.27098517912,95960.36222924295,"[4137, 12882, 7278, 9812]",4137,3,12,8,95699.27098517912,95968.36222924295,95749.89488452752,96002.11149547521
"(2, 8, 13)",95689.18520251609,95961.66084688141,"[4137, 12882, 8853, 8237]",4137,3,12,8,95701.18520251609,95969.66084688141,95751.80910186449,96003.41011311367
"(2, 8, 14)",95693.39875786085,95966.6611939673,"[4137, 12882, 10320, 6770]",4137,3,12,8,95705.39875786085,95974.6611939673,95756.02265720925,96008.41046019956
"(2, 8, 15)",95696.89774966333,95969.80238583323,"[4137, 12882, 11665, 5425]",4137,3,12,8,95708.89774966333,95977.80238583323,95759.52164901173,96011.5516520655
"(2, 8, 16)",95692.60557209048,95968.53707426111,"[4137, 12882, 12914, 4176]",4137,3,12,8,95704.60557209048,95976.53707426111,95755.22947143888,96010.28634049337
"(2, 8, 17)",95696.84672799014,95970.76968942917,"[4137, 12882, 14068, 3022]",3022,3,12,8,95708.84672799014,95978.76968942917,95759.47062733854,96012.51895566144
"(2, 8, 18)",95702.14546661326,95974.09634964154,"[4137, 12882, 15144, 1946]",1946,3,12,8,95714.14546661326,95982.09634964154,95764.76936596166,96015.8456158738
"(2, 8, 19)",95700.85592142295,95974.18055999553,"[4137, 12882, 16150, 940]",940,3,12,8,95712.85592142295,95982.18055999553,95763.47982077135,96015.92982622779
"(2, 9, 10)",95707.68162051166,95977.95546904544,"[4137, 14834, 1863, 13275]",1863,3,12,8,95719.68162051166,95985.95546904544,95770.30551986006,96019.7047352777
"(2, 9, 11)",95701.72644803752,95970.7517383793,"[4137, 14834, 3646, 11492]",3646,3,12,8,95713.72644803752,95978.7517383793,95764.35034738592,96012.50100461156
"(2, 9, 12)",95701.29490435313,95970.99752491321,"[4137, 14834, 5326, 9812]",4137,3,12,8,95713.29490435313,95978.99752491321,95763.91880370153,96012.74679114547
"(2, 9, 13)",95702.74602323875,95971.71312877176,"[4137, 14834, 6901, 8237]",4137,3,12,8,95714.74602323875,95979.71312877176,95765.36992258715,96013.46239500403
"(2, 9, 14)",95705.91680366235,95975.61582934296,"[4137, 14834, 8368, 6770]",4137,3,12,8,95717.91680366235,95983.61582934296,95768.54070301075,96017.36509557522
"(2, 9, 15)",95708.65424176272,95977.94543894031,"[4137, 14834, 9713, 5425]",4137,3,12,8,95720.65424176272,95985.94543894031,95771.27814111112,96019.69470517257
"(2, 9, 16)",95704.37842089336,95976.61245947846,"[4137, 14834, 10962, 4176]",4137,3,12,8,95716.37842089336,95984.61245947846,95767.00232024177,96018.36172571073
"(2, 9, 17)",95707.90156614975,95978.20132902832,"[4137, 14834, 12116, 3022]",3022,3,12,8,95719.90156614975,95986.20132902832,95770.52546549815,96019.95059526058
"(2, 9, 18)",95712.35734303993,95980.65026568745,"[4137, 14834, 13192, 1946]",1946,3,12,8,95724.35734303993,95988.65026568745,95774.98124238833,96022.39953191971
"(2, 9, 19)",95710.85551148173,95980.4858143272,"[4137, 14834, 14198, 940]",940,3,12,8,95722.85551148173,95988.4858143272,95773.47941083013,96022.23508055946
"(2, 10, 11)",95713.4507139218,95983.35214697209,"[4137, 16697, 1783, 11492]",1783,3,12,8,95725.4507139218,95991.35214697209,95776.0746132702,96025.10141320435
"(2, 10, 12)",95713.15015222426,95983.45666117778,"[4137, 16697, 3463, 9812]",3463,3,12,8,95725.15015222426,95991.45666117778,95775.77405157266,96025.20592741005
"(2, 10, 13)",95713.71593938192,95983.68734718267,"[4137, 16697, 5038, 8237]",4137,3,12,8,95725.71593938192,95991.68734718267,95776.33983873032,96025.43661341493
"(2, 10, 14)",95716.01305405717,95986.5939771828,"[4137, 16697, 6505, 6770]",4137,3,12,8,95728.01305405717,95994.5939771828,95778.63695340557,96028.34324341506
"(2, 10, 15)",95717.68444140925,95988.1035258424,"[4137, 16697, 7850, 5425]",4137,3,12,8,95729.68444140925,95996.1035258424,95780.30834075765,96029.85279207466
"(2, 10, 16)",95713.47989026384,95986.81451729241,"[4137, 16697, 9099, 4176]",4137,3,12,8,95725.47989026384,95994.81451729241,95776.10378961224,96028.56378352467
"(2, 10, 17)",95716.23340017354,95987.83310024044,"[4137, 16697, 10253, 3022]",3022,3,12,8,95728.23340017354,95995.83310024044,95778.85729952194,96029.5823664727
"(2, 10, 18)",95719.72309350072,95989.53177434586,"[4137, 16697, 11329, 1946]",1946,3,12,8,95731.72309350072,95997.53177434586,95782.34699284912,96031.28104057812
"(2, 10, 19)",95718.09800964125,95989.2195739672,"[4137, 16697, 12335, 940]",940,3,12,8,95730.09800964125,95997.2195739672,95780.72190898965,96030.96884019946
"(2, 11, 12)",95719.07039729357,95990.22934488342,"[4137, 18480, 1680, 9812]",1680,3,12,8,95731.07039729357,95998.22934488342,95781.69429664197,96031.97861111569
"(2, 11, 13)",95719.05334825406,95989.61408870427,"[4137, 18480, 3255, 8237]",3255,3,12,8,95731.05334825406,95997.61408870427,95781.67724760246,96031.36335493653
"(2, 11, 14)",95719.56839605914,95990.74417301435,"[4137, 18480, 4722, 6770]",4137,3,12,8,95731.56839605914,95998.74417301435,95782.19229540754,96032.49343924661
"(2, 11, 15)",95720.35495368073,95991.2603660686,"[4137, 18480, 6067, 5425]",4137,3,12,8,95732.35495368073,95999.2603660686,95782.97885302913,96033.00963230086
"(2, 11, 16)",95716.64705740228,95990.48263592705,"[4137, 18480, 7316, 4176]",4137,3,12,8,95728.64705740228,95998.48263592705,95779.27095675068,96032.23190215931
"(2, 11, 17)",95718.65899030889,95990.70271542051,"[4137, 18480, 8470, 3022]",3022,3,12,8,95730.65899030889,95998.70271542051,95781.28288965729,96032.45198165278
"(2, 11, 18)",95721.05337180871,95991.43889617108,"[4137, 18480, 9546, 1946]",1946,3,12,8,95733.05337180871,95999.43889617108,95783.67727115711,96033.18816240334
"(2, 11, 19)",95719.45739755669,95991.02239010845,"[4137, 18480, 10552, 940]",940,3,12,8,95731.45739755669,95999.02239010845,95782.08129690509,96032.77165634072
"(2, 12, 13)",95734.99107180195,96006.98702005345,"[4137, 20160, 1575, 8237]",1575,3,12,8,95746.99107180195,96014.98702005345,95797.61497115035,96048.73628628571
"(2, 12, 14)",95735.25020383175,96007.57731769474,"[4137, 20160, 3042, 6770]",3042,3,12,8,95747.25020383175,96015.57731769474,95797.87410318015,96049.326583927
"(2, 12, 15)",95735.48488957365,96007.7249888432,"[4137, 20160, 4387, 5425]",4137,3,12,8,95747.48488957365,96015.7249888432,95798.10878892205,96049.47425507546
"(2, 12, 16)",95732.20183693302,96007.29808650287,"[4137, 20160, 5636, 4176]",4137,3,12,8,95744.20183693302,96015.29808650287,95794.82573628142,96049.04735273513
"(2, 12, 17)",95733.73349511043,96007.38512054985,"[4137, 20160, 6790, 3022]",3022,3,12,8,95745.73349511043,96015.38512054985,95796.35739445883,96049.13438678211
"(2, 12, 18)",95735.64418896096,96007.67353103527,"[4137, 20160, 7866, 1946]",1946,3,12,8,95747.64418896096,96015.67353103527,95798.26808830936,96049.42279726753
"(2, 12, 19)",95734.14496218174,96007.31629720048,"[4137, 20160, 8872, 940]",940,3,12,8,95746.14496218174,96015.31629720048,95796.76886153014,96049.06556343274
"(2, 13, 14)",95750.76655885468,96023.4499015668,"[4137, 21735, 1467, 6770]",1467,3,12,8,95762.76655885468,96031.4499015668,95813.39045820308,96065.19916779906
"(2, 13, 15)",95751.13753299884,96023.70575734251,"[4137, 21735, 2812, 5425]",2812,3,12,8,95763.13753299884,96031.70575734251,95813.76143234724,96065.45502357477
"(2, 13, 16)",95748.35328143014,96023.81157792272,"[4137, 21735, 4061, 4176]",4061,3,12,8,95760.35328143014,96031.81157792272,95810.97718077854,96065.56084415498
"(2, 13, 17)",95749.82546906082,96023.67929240683,"[4137, 21735, 5215, 3022]",3022,3,12,8,95761.82546906082,96031.67929240683,95812.44936840922,96065.42855863909
"(2, 13, 18)",95751.40689647119,96023.68002270287,"[4137, 21735, 6291, 1946]",1946,3,12,8,95763.40689647119,96031.68002270287,95814.03079581959,96065.42928893513
"(2, 13, 19)",95749.994247188,96023.41340484182,"[4137, 21735, 7297, 940]",940,3,12,8,95761.994247188,96031.41340484182,95812.6181465364,96065.16267107408
"(2, 14, 15)",95772.17792468591,96046.48626852094,"[4137, 23202, 1345, 5425]",1345,3,12,8,95784.17792468591,96054.48626852094,95834.80182403431,96088.2355347532
"(2, 14, 16)",95768.94935114557,96046.08755206199,"[4137, 23202, 2594, 4176]",2594,3,12,8,95780.94935114557,96054.08755206199,95831.57325049397,96087.83681829425
"(2, 14, 17)",95770.50745276072,96046.21849122248,"[4137, 23202, 3748, 3022]",3022,3,12,8,95782.50745276072,96054.21849122248,95833.13135210912,96087.96775745474
"(2, 14, 18)",95772.17402318968,96046.40596141084,"[4137, 23202, 4824, 1946]",1946,3,12,8,95784.17402318968,96054.40596141084,95834.79792253808,96088.1552276431
"(2, 14, 19)",95770.764089412,96046.10801163173,"[4137, 23202, 5830, 940]",940,3,12,8,95782.764089412,96054.10801163173,95833.3879887604,96087.857277864
"(2, 15, 16)",95785.10636294566,96062.67293249095,"[4137, 24547, 1249, 4176]",1249,3,12,8,95797.10636294566,96070.67293249095,95847.73026229406,96104.42219872322
"(2, 15, 17)",95787.49651355785,96063.5026381104,"[4137, 24547, 2403, 3022]",2403,3,12,8,95799.49651355785,96071.5026381104,95850.12041290625,96105.25190434266
"(2, 15, 18)",95789.0526522562,96064.28491752325,"[4137, 24547, 3479, 1946]",1946,3,12,8,95801.0526522562,96072.28491752325,95851.6765516046,96106.03418375552
"(2, 15, 19)",95787.97765632023,96063.62670776182,"[4137, 24547, 4485, 940]",940,3,12,8,95799.97765632023,96071.62670776182,95850.60155566863,96105.37597399409
"(2, 16, 17)",95790.82003370802,96069.33772962439,"[4137, 25796, 1154, 3022]",1154,3,12,8,95802.82003370802,96077.33772962439,95853.44393305642,96111.08699585665
"(2, 16, 18)",95790.54537917081,96068.8959391224,"[4137, 25796, 2230, 1946]",1946,3,12,8,95802.54537917081,96076.8959391224,95853.16927851921,96110.64520535467
"(2, 16, 19)",95790.81113074467,96069.0424227361,"[4137, 25796, 3236, 940]",940,3,12,8,95802.81113074467,96077.0424227361,95853.43503009307,96110.79168896837
"(2, 17, 18)",95806.08082046967,96082.4193170012,"[4137, 26950, 1076, 1946]",1076,3,12,8,95818.08082046967,96090.4193170012,95868.70471981807,96124.16858323346
"(2, 17, 19)",95806.47668763073,96082.598932704,"[4137, 26950, 2082, 940]",940,3,12,8,95818.47668763073,96090.598932704,95869.10058697913,96124.34819893626
"(2, 18, 19)",95822.55772110034,96098.71610752583,"[4137, 28026, 1006, 940]",940,3,12,8,95834.55772110034,96106.71610752583,95885.18162044874,96140.4653737581
"(3, 4, 5)",95749.36336885672,96040.04210864281,"[6303, 2208, 2221, 23377]",2208,3,12,8,95761.36336885672,96048.04210864281,95811.98726820512,96081.79137487507
"(3, 4, 6)",95730.93662574457,96011.79055269108,"[6303, 2208, 4382, 21216]",2208,3,12,8,95742.93662574457,96019.79055269108,95793.56052509297,96053.53981892334
"(3, 4, 7)",95722.74299379284,96003.72296367207,"[6303, 2208, 6486, 19112]",2208,3,12,8,95734.74299379284,96011.72296367207,95785.36689314124,96045.47222990434
"(3, 4, 8)",95712.78855000914,95994.40504592453,"[6303, 2208, 8508, 17090]",2208,3,12,8,95724.78855000914,96002.40504592453,95775.41244935754,96036.1543121568
"(3, 4, 9)",95714.9685196244,95996.48020011488,"[6303, 2208, 10460, 15138]",2208,3,12,8,95726.9685196244,96004.48020011488,95777.5924189728,96038.22946634714
"(3, 4, 10)",95716.02374810498,95999.62650959718,"[6303, 2208, 12323, 13275]",2208,3,12,8,95728.02374810498,96007.62650959718,95778.64764745338,96041.37577582944
"(3, 4, 11)",95712.94181495096,95996.50130528651,"[6303, 2208, 14106, 11492]",2208,3,12,8,95724.94181495096,96004.50130528651,95775.56571429936,96038.25057151877
"(3, 4, 12)",95721.5362355792,96006.36228648096,"[6303, 2208, 15786, 9812]",2208,3,12,8,95733.5362355792,96014.36228648096,95784.1601349276,96048.11155271322
"(3, 4, 13)",95731.79438020979,96016.2502411591,"[6303, 2208, 17361, 8237]",2208,3,12,8,95743.79438020979,96024.2502411591,95794.41827955819,96057.99950739136
"(3, 4, 14)",95746.0911144034,96032.23053870926,"[6303, 2208, 18828, 6770]",2208,3,12,8,95758.0911144034,96040.23053870926,95808.7150137518,96073.97980494153
"(3, 4, 15)",95758.00753475618,96043.9442500195,"[6303, 2208, 20173, 5425]",2208,3,12,8,95770.00753475618,96051.9442500195,95820.63143410458,96085.69351625176
"(3, 4, 16)",95756.67349575245,96045.91942696122,"[6303, 2208, 21422, 4176]",2208,3,12,8,95768.67349575245,96053.91942696122,95819.29739510085,96087.66869319348
"(3, 4, 17)",95767.87164577309,96054.94598774132,"[6303, 2208, 22576, 3022]",2208,3,12,8,95779.87164577309,96062.94598774132,95830.49554512149,96096.69525397358
"(3, 4, 18)",95780.70782939582,96065.98240349187,"[6303, 2208, 23652, 1946]",1946,3,12,8,95792.70782939582,96073.98240349187,95843.33172874422,96107.73166972413
"(3, 4, 19)",95782.77094934249,96069.74247419831,"[6303, 2208, 24658, 940]",940,3,12,8,95794.77094934249,96077.74247419831,95845.39484869089,96111.49174043057
"(3, 5, 6)",95722.03395496935,96011.83979207213,"[6303, 4429, 2161, 21216]",2161,3,12,8,95734.03395496935,96019.83979207213,95784.65785431775,96053.5890583044
"(3, 5, 7)",95711.23519750481,96000.74653831997,"[6303, 4429, 4265, 19112]",4265,3,12,8,95723.23519750481,96008.74653831997,95773.85909685321,96042.49580455224
"(3, 5, 8)",95699.01325280336,95989.28239206335,"[6303, 4429, 6287, 17090]",4429,3,12,8,95711.01325280336,95997.28239206335,95761.63715215176,96031.03165829561
"(3, 5, 9)",95698.71724925915,95987.64785829971,"[6303, 4429, 8239, 15138]",4429,3,12,8,95710.71724925915,95995.64785829971,95761.34114860755,96029.39712453197
"(3, 5, 10)",95696.4301292511,95987.52667565168,"[6303, 4429, 10102, 13275]",4429,3,12,8,95708.4301292511,95995.52667565168,95759.0540285995,96029.27594188394
"(3, 5, 11)",95691.97758832246,95982.03404636597,"[6303, 4429, 11885, 11492]",4429,3,12,8,95703.97758832246,95990.03404636597,95754.60148767087,96023.78331259823
"(3, 5, 12)",95697.1359436028,95988.28356470205,"[6303, 4429, 13565, 9812]",4429,3,12,8,95709.1359436028,95996.28356470205,95759.7598429512,96030.03283093432
"(3, 5, 13)",95704.70232556752,95994.77524896823,"[6303, 4429, 15140, 8237]",4429,3,12,8,95716.70232556752,96002.77524896823,95767.32622491592,96036.5245152005
"(3, 5, 14)",95715.35948525499,96006.73908496732,"[6303, 4429, 16607, 6770]",4429,3,12,8,95727.35948525499,96014.73908496732,95777.98338460339,96048.48835119959
"(3, 5, 15)",95724.73232206021,96015.35516203963,"[6303, 4429, 17952, 5425]",4429,3,12,8,95736.73232206021,96023.35516203963,95787.35622140861,96057.1044282719
"(3, 5, 16)",95722.20591060052,96015.8714373992,"[6303, 4429, 19201, 4176]",4176,3,12,8,95734.20591060052,96023.8714373992,95784.82980994892,96057.62070363146
"(3, 5, 17)",95731.10399024299,96022.51047217287,"[6303, 4429, 20355, 3022]",3022,3,12,8,95743.10399024299,96030.51047217287,95793.72788959139,96064.25973840513
"(3, 5, 18)",95741.47764833801,96030.86986530431,"[6303, 4429, 21431, 1946]",1946,3,12,8,95753.47764833801,96038.86986530431,95804.10154768641,96072.61913153657
"(3, 5, 19)",95742.21257883034,96033.10641448673,"[6303, 4429, 22437, 940]",940,3,12,8,95754.21257883034,96041.10641448673,95804.83647817874,96074.85568071899
"(3, 6, 7)",95721.98226620229,95998.87110887482,"[6303, 6590, 2104, 19112]",2104,3,12,8,95733.98226620229,96006.87110887482,95784.6061655507,96040.62037510709
"(3, 6, 8)",95708.90642815223,95986.00919713797,"[6303, 6590, 4126, 17090]",4126,3,12,8,95720.90642815223,95994.00919713797,95771.53032750063,96027.75846337024
"(3, 6, 9)",95706.05561742115,95982.02451946301,"[6303, 6590, 6078, 15138]",6078,3,12,8,95718.05561742115,95990.02451946301,95768.67951676955,96023.77378569527
"(3, 6, 10)",95701.77634701831,95979.66976891464,"[6303, 6590, 7941, 13275]",6303,3,12,8,95713.77634701831,95987.66976891464,95764.40024636671,96021.4190351469
"(3, 6, 11)",95695.85820984274,95972.930089214,"[6303, 6590, 9724, 11492]",6303,3,12,8,95707.85820984274,95980.930089214,95758.48210919114,96014.67935544626
"(3, 6, 12)",95698.53185206105,95976.48920871492,"[6303, 6590, 11404, 9812]",6303,3,12,8,95710.53185206105,95984.48920871492,95761.15575140945,96018.23847494718
"(3, 6, 13)",95703.4006952073,95980.573459219,"[6303, 6590, 12979, 8237]",6303,3,12,8,95715.4006952073,95988.573459219,95766.0245945557,96022.32272545126
"(3, 6, 14)",95711.18846374362,95989.38790450794,"[6303, 6590, 14446, 6770]",6303,3,12,8,95723.18846374362,95997.38790450794,95773.81236309202,96031.1371707402
"(3, 6, 15)",95717.85952418216,95995.61088998662,"[6303, 6590, 15791, 5425]",5425,3,12,8,95729.85952418216,96003.61088998662,95780.48342353056,96037.36015621889
"(3, 6, 16)",95714.32583402764,95995.13368622842,"[6303, 6590, 17040, 4176]",4176,3,12,8,95726.32583402764,96003.13368622842,95776.94973337604,96036.88295246068
"(3, 6, 17)",95721.11658296263,95999.81910164459,"[6303, 6590, 18194, 3022]",3022,3,12,8,95733.11658296263,96007.81910164459,95783.74048231103,96041.56836787685
"(3, 6, 18)",95729.23313124274,96006.01486322905,"[6303, 6590, 19270, 1946]",1946,3,12,8,95741.23313124274,96014.01486322905,95791.85703059114,96047.76412946131
"(3, 6, 19)",95729.05555858789,96007.10698885383,"[6303, 6590, 20276, 940]",940,3,12,8,95741.05555858789,96015.10698885383,95791.67945793629,96048.8562550861
"(3, 7, 8)",95718.8548869672,95991.62173439792,"[6303, 8694, 2022, 17090]",2022,3,12,8,95730.8548869672,95999.62173439792,95781.4787863156,96033.37100063018
"(3, 7, 9)",95715.04639958934,95986.99958879685,"[6303, 8694, 3974, 15138]",3974,3,12,8,95727.04639958934,95994.99958879685,95777.67029893774,96028.74885502912
"(3, 7, 10)",95710.20482706277,95983.67820031541,"[6303, 8694, 5837, 13275]",5837,3,12,8,95722.20482706277,95991.67820031541,95772.82872641117,96025.42746654767
"(3, 7, 11)",95703.60704930079,95976.60164510875,"[6303, 8694, 7620, 11492]",6303,3,12,8,95715.60704930079,95984.60164510875,95766.23094864919,96018.35091134101
"(3, 7, 12)",95705.1613713883,95978.69226773325,"[6303, 8694, 9300, 9812]",6303,3,12,8,95717.1613713883,95986.69226773325,95767.7852707367,96020.44153396551
"(3, 7, 13)",95708.44223593952,95981.51299180283,"[6303, 8694, 10875, 8237]",6303,3,12,8,95720.44223593952,95989.51299180283,95771.06613528793,96023.26225803509
"(3, 7, 14)",95714.5492091228,95988.43577896655,"[6303, 8694, 12342, 6770]",6303,3,12,8,95726.5492091228,95996.43577896655,95777.1731084712,96030.18504519881
"(3, 7, 15)",95719.6058134432,95993.11081962279,"[6303, 8694, 13687, 5425]",5425,3,12,8,95731.6058134432,96001.11081962279,95782.2297127916,96034.86008585505
"(3, 7, 16)",95715.59551374044,95992.14960857469,"[6303, 8694, 14936, 4176]",4176,3,12,8,95727.59551374044,96000.14960857469,95778.21941308884,96033.89887480695
"(3, 7, 17)",95721.0508893306,95995.61881266438,"[6303, 8694, 16090, 3022]",3022,3,12,8,95733.0508893306,96003.61881266438,95783.674788679,96037.36807889664
"(3, 7, 18)",95727.87315464507,96000.25053577048,"[6303, 8694, 17166, 1946]",1946,3,12,8,95739.87315464507,96008.25053577048,95790.49705399347,96041.99980200274
"(3, 7, 19)",95727.04169509606,96000.83224318195,"[6303, 8694, 18172, 940]",940,3,12,8,95739.04169509606,96008.83224318195,95789.66559444446,96042.58150941422
"(3, 8, 9)",95719.94320109443,95989.79330602614,"[6303, 10716, 1952, 15138]",1952,3,12,8,95731.94320109443,95997.79330602614,95782.56710044283,96031.5425722584
"(3, 8, 10)",95714.55473468654,95985.52834875458,"[6303, 10716, 3815, 13275]",3815,3,12,8,95726.55473468654,95993.52834875458,95777.17863403494,96027.27761498684
"(3, 8, 11)",95707.6185708574,95978.23189349152,"[6303, 10716, 5598, 11492]",5598,3,12,8,95719.6185708574,95986.23189349152,95770.2424702058,96019.98115972379
"(3, 8, 12)",95707.7067864447,95979.00534318,"[6303, 10716, 7278, 9812]",6303,3,12,8,95719.7067864447,95987.00534318,95770.3306857931,96020.75460941227
"(3, 8, 13)",95709.62100378168,95980.30396081846,"[6303, 10716, 8853, 8237]",6303,3,12,8,95721.62100378168,95988.30396081846,95772.24490313008,96022.05322705072
"(3, 8, 14)",95713.83455912645,95985.30430790436,"[6303, 10716, 10320, 6770]",6303,3,12,8,95725.83455912645,95993.30430790436,95776.45845847485,96027.05357413662
"(3, 8, 15)",95717.33355092893,95988.44549977029,"[6303, 10716, 11665, 5425]",5425,3,12,8,95729.33355092893,95996.44549977029,95779.95745027733,96030.19476600255
"(3, 8, 16)",95713.04137335609,95987.18018819817,"[6303, 10716, 12914, 4176]",4176,3,12,8,95725.04137335609,95995.18018819817,95775.66527270449,96028.92945443043
"(3, 8, 17)",95717.28252925572,95989.41280336623,"[6303, 10716, 14068, 3022]",3022,3,12,8,95729.28252925572,95997.41280336623,95779.90642860412,96031.16206959849
"(3, 8, 18)",95722.58126787886,95992.73946357859,"[6303, 10716, 15144, 1946]",1946,3,12,8,95734.58126787886,96000.73946357859,95785.20516722726,96034.48872981085
"(3, 8, 19)",95721.29172268855,95992.82367393258,"[6303, 10716, 16150, 940]",940,3,12,8,95733.29172268855,96000.82367393258,95783.91562203695,96034.57294016484
"(3, 9, 10)",95723.18749797819,95995.73393785913,"[6303, 12668, 1863, 13275]",1863,3,12,8,95735.18749797819,96003.73393785913,95785.81139732659,96037.48320409139
"(3, 9, 11)",95717.23232550402,95988.53020719299,"[6303, 12668, 3646, 11492]",3646,3,12,8,95729.23232550402,95996.53020719299,95779.85622485242,96030.27947342525
"(3, 9, 12)",95716.80078181962,95988.7759937269,"[6303, 12668, 5326, 9812]",5326,3,12,8,95728.80078181962,95996.7759937269,95779.42468116802,96030.52525995916
"(3, 9, 13)",95718.25190070525,95989.49159758545,"[6303, 12668, 6901, 8237]",6303,3,12,8,95730.25190070525,95997.49159758545,95780.87580005365,96031.24086381771
"(3, 9, 14)",95721.42268112885,95993.39429815667,"[6303, 12668, 8368, 6770]",6303,3,12,8,95733.42268112885,96001.39429815667,95784.04658047725,96035.14356438893
"(3, 9, 15)",95724.16011922923,95995.723907754,"[6303, 12668, 9713, 5425]",5425,3,12,8,95736.16011922923,96003.723907754,95786.78401857763,96037.47317398626
"(3, 9, 16)",95719.88429835987,95994.39092829215,"[6303, 12668, 10962, 4176]",4176,3,12,8,95731.88429835987,96002.39092829215,95782.50819770827,96036.14019452441
"(3, 9, 17)",95723.40744361625,95995.97979784201,"[6303, 12668, 12116, 3022]",3022,3,12,8,95735.40744361625,96003.97979784201,95786.03134296465,96037.72906407427
"(3, 9, 18)",95727.86322050644,95998.42873450114,"[6303, 12668, 13192, 1946]",1946,3,12,8,95739.86322050644,96006.42873450114,95790.48711985484,96040.1780007334
"(3, 9, 19)",95726.36138894825,95998.2642831409,"[6303, 12668, 14198, 940]",940,3,12,8,95738.36138894825,96006.2642831409,95788.98528829665,96040.01354937317
"(3, 10, 11)",95725.90473365904,95998.81262562337,"[6303, 14531, 1783, 11492]",1783,3,12,8,95737.90473365904,96006.81262562337,95788.52863300745,96040.56189185563
"(3, 10, 12)",95725.60417196149,95998.91713982906,"[6303, 14531, 3463, 9812]",3463,3,12,8,95737.60417196149,96006.91713982906,95788.22807130989,96040.66640606133
"(3, 10, 13)",95726.16995911914,95999.14782583395,"[6303, 14531, 5038, 8237]",5038,3,12,8,95738.16995911914,96007.14782583395,95788.79385846754,96040.89709206621
"(3, 10, 14)",95728.46707379441,96002.05445583408,"[6303, 14531, 6505, 6770]",6303,3,12,8,95740.46707379441,96010.05445583408,95791.09097314281,96043.80372206634
"(3, 10, 15)",95730.13846114649,96003.56400449367,"[6303, 14531, 7850, 5425]",5425,3,12,8,95742.13846114649,96011.56400449367,95792.76236049489,96045.31327072594
"(3, 10, 16)",95725.93391000108,96002.27499594369,"[6303, 14531, 9099, 4176]",4176,3,12,8,95737.93391000108,96010.27499594369,95788.55780934948,96044.02426217595
"(3, 10, 17)",95728.6874199108,96003.29357889172,"[6303, 14531, 10253, 3022]",3022,3,12,8,95740.6874199108,96011.29357889172,95791.3113192592,96045.04284512399
"(3, 10, 18)",95732.17711323798,96004.99225299714,"[6303, 14531, 11329, 1946]",1946,3,12,8,95744.17711323798,96012.99225299714,95794.80101258638,96046.7415192294
"(3, 10, 19)",95730.55202937851,96004.68005261848,"[6303, 14531, 12335, 940]",940,3,12,8,95742.55202937851,96012.68005261848,95793.17592872691,96046.42931885074
"(3, 11, 12)",95729.50656189246,96003.50151884784,"[6303, 16314, 1680, 9812]",1680,3,12,8,95741.50656189246,96011.50151884784,95792.13046124086,96045.2507850801
"(3, 11, 13)",95729.48951285295,96002.88626266869,"[6303, 16314, 3255, 8237]",3255,3,12,8,95741.48951285295,96010.88626266869,95792.11341220135,96044.63552890095
"(3, 11, 14)",95730.00456065802,96004.01634697877,"[6303, 16314, 4722, 6770]",4722,3,12,8,95742.00456065802,96012.01634697877,95792.62846000642,96045.76561321103
"(3, 11, 15)",95730.7911182796,96004.53254003302,"[6303, 16314, 6067, 5425]",5425,3,12,8,95742.7911182796,96012.53254003302,95793.415017628,96046.28180626528
"(3, 11, 16)",95727.08322200115,96003.75480989147,"[6303, 16314, 7316, 4176]",4176,3,12,8,95739.08322200115,96011.75480989147,95789.70712134955,96045.50407612373
"(3, 11, 17)",95729.09515490776,96003.97488938493,"[6303, 16314, 8470, 3022]",3022,3,12,8,95741.09515490776,96011.97488938493,95791.71905425616,96045.7241556172
"(3, 11, 18)",95731.48953640756,96004.7110701355,"[6303, 16314, 9546, 1946]",1946,3,12,8,95743.48953640756,96012.7110701355,95794.11343575596,96046.46033636776
"(3, 11, 19)",95729.89356215556,96004.29456407287,"[6303, 16314, 10552, 940]",940,3,12,8,95741.89356215556,96012.29456407287,95792.51746150396,96046.04383030513
"(3, 12, 13)",95742.43728700539,96017.18838459825,"[6303, 17994, 1575, 8237]",1575,3,12,8,95754.43728700539,96025.18838459825,95805.06118635379,96058.93765083051
"(3, 12, 14)",95742.69641903519,96017.77868223954,"[6303, 17994, 3042, 6770]",3042,3,12,8,95754.69641903519,96025.77868223954,95805.32031838359,96059.5279484718
"(3, 12, 15)",95742.93110477709,96017.926353388,"[6303, 17994, 4387, 5425]",4387,3,12,8,95754.93110477709,96025.926353388,95805.55500412549,96059.67561962026
"(3, 12, 16)",95739.64805213646,96017.49945104767,"[6303, 17994, 5636, 4176]",4176,3,12,8,95751.64805213646,96025.49945104767,95802.27195148486,96059.24871727993
"(3, 12, 17)",95741.17971031387,96017.58648509465,"[6303, 17994, 6790, 3022]",3022,3,12,8,95753.17971031387,96025.58648509465,95803.80360966227,96059.33575132691
"(3, 12, 18)",95743.0904041644,96017.87489558007,"[6303, 17994, 7866, 1946]",1946,3,12,8,95755.0904041644,96025.87489558007,95805.7143035128,96059.62416181233
"(3, 12, 19)",95741.59117738518,96017.51766174528,"[6303, 17994, 8872, 940]",940,3,12,8,95753.59117738518,96025.51766174528,95804.21507673358,96059.26692797754
"(3, 13, 14)",95755.28311385734,96030.75317909034,"[6303, 19569, 1467, 6770]",1467,3,12,8,95767.28311385734,96038.75317909034,95817.90701320574,96072.5024453226
"(3, 13, 15)",95755.6540880015,96031.00903486606,"[6303, 19569, 2812, 5425]",2812,3,12,8,95767.6540880015,96039.00903486606,95818.2779873499,96072.75830109832
"(3, 13, 16)",95752.8698364328,96031.11485544627,"[6303, 19569, 4061, 4176]",4061,3,12,8,95764.8698364328,96039.11485544627,95815.4937357812,96072.86412167853
"(3, 13, 17)",95754.34202406347,96030.98256993038,"[6303, 19569, 5215, 3022]",3022,3,12,8,95766.34202406347,96038.98256993038,95816.96592341187,96072.73183616264
"(3, 13, 18)",95755.92345147385,96030.98330022642,"[6303, 19569, 6291, 1946]",1946,3,12,8,95767.92345147385,96038.98330022642,95818.54735082225,96072.73256645868
"(3, 13, 19)",95754.51080219066,96030.71668236537,"[6303, 19569, 7297, 940]",940,3,12,8,95766.51080219066,96038.71668236537,95817.13470153906,96072.46594859763
"(3, 14, 15)",95773.4131623758,96050.39367528367,"[6303, 21036, 1345, 5425]",1345,3,12,8,95785.4131623758,96058.39367528367,95836.0370617242,96092.14294151594
"(3, 14, 16)",95770.18458883546,96049.99495882473,"[6303, 21036, 2594, 4176]",2594,3,12,8,95782.18458883546,96057.99495882473,95832.80848818386,96091.74422505699
"(3, 14, 17)",95771.74269045061,96050.12589798521,"[6303, 21036, 3748, 3022]",3022,3,12,8,95783.74269045061,96058.12589798521,95834.36658979901,96091.87516421748
"(3, 14, 18)",95773.40926087958,96050.31336817358,"[6303, 21036, 4824, 1946]",1946,3,12,8,95785.40926087958,96058.31336817358,95836.03316022798,96092.06263440584
"(3, 14, 19)",95771.99932710189,96050.01541839447,"[6303, 21036, 5830, 940]",940,3,12,8,95783.99932710189,96058.01541839447,95834.62322645029,96091.76468462673
"(3, 15, 16)",95783.55330822835,96063.65608367593,"[6303, 22381, 1249, 4176]",1249,3,12,8,95795.55330822835,96071.65608367593,95846.17720757675,96105.4053499082
"(3, 15, 17)",95785.94345884054,96064.48578929537,"[6303, 22381, 2403, 3022]",2403,3,12,8,95797.94345884054,96072.48578929537,95848.56735818894,96106.23505552764
"(3, 15, 18)",95787.49959753889,96065.26806870823,"[6303, 22381, 3479, 1946]",1946,3,12,8,95799.49959753889,96073.26806870823,95850.12349688729,96107.0173349405
"(3, 15, 19)",95786.42460160292,96064.6098589468,"[6303, 22381, 4485, 940]",940,3,12,8,95798.42460160292,96072.6098589468,95849.04850095132,96106.35912517906
"(3, 16, 17)",95787.69868383401,96068.61994841418,"[6303, 23630, 1154, 3022]",1154,3,12,8,95799.69868383401,96076.61994841418,95850.32258318241,96110.36921464645
"(3, 16, 18)",95787.4240292968,96068.17815791219,"[6303, 23630, 2230, 1946]",1946,3,12,8,95799.4240292968,96076.17815791219,95850.0479286452,96109.92742414445
"(3, 16, 19)",95787.68978087066,96068.32464152589,"[6303, 23630, 3236, 940]",940,3,12,8,95799.68978087066,96076.32464152589,95850.31368021906,96110.07390775815
"(3, 17, 18)",95800.63883324056,96079.29925892022,"[6303, 24784, 1076, 1946]",1076,3,12,8,95812.63883324056,96087.29925892022,95863.26273258896,96121.04852515248
"(3, 17, 19)",95801.03470040162,96079.47887462302,"[6303, 24784, 2082, 940]",940,3,12,8,95813.03470040162,96087.47887462302,95863.65859975002,96121.22814085528
"(3, 18, 19)",95814.68641431544,96093.06895515701,"[6303, 25860, 1006, 940]",940,3,12,8,95826.68641431544,96101.06895515701,95877.31031366384,96134.81822138927
"(4, 5, 6)",95726.42263120227,96021.97926940069,"[8511, 2221, 2161, 21216]",2161,3,12,8,95738.42263120227,96029.97926940069,95789.04653055067,96063.72853563295
"(4, 5, 7)",95715.62387373773,96010.88601564855,"[8511, 2221, 4265, 19112]",2221,3,12,8,95727.62387373773,96018.88601564855,95778.24777308613,96052.63528188081
"(4, 5, 8)",95703.40192903626,95999.42186939191,"[8511, 2221, 6287, 17090]",2221,3,12,8,95715.40192903626,96007.42186939191,95766.02582838466,96041.17113562417
"(4, 5, 9)",95703.10592549204,95997.78733562827,"[8511, 2221, 8239, 15138]",2221,3,12,8,95715.10592549204,96005.78733562827,95765.72982484044,96039.53660186053
"(4, 5, 10)",95700.81880548401,95997.66615298024,"[8511, 2221, 10102, 13275]",2221,3,12,8,95712.81880548401,96005.66615298024,95763.44270483241,96039.4154192125
"(4, 5, 11)",95696.36626455537,95992.17352369454,"[8511, 2221, 11885, 11492]",2221,3,12,8,95708.36626455537,96000.17352369454,95758.99016390377,96033.9227899268
"(4, 5, 12)",95701.52461983572,95998.42304203061,"[8511, 2221, 13565, 9812]",2221,3,12,8,95713.52461983572,96006.42304203061,95764.14851918412,96040.17230826287
"(4, 5, 13)",95709.0910018004,96004.9147262968,"[8511, 2221, 15140, 8237]",2221,3,12,8,95721.0910018004,96012.9147262968,95771.7149011488,96046.66399252907
"(4, 5, 14)",95719.7481614879,96016.8785622959,"[8511, 2221, 16607, 6770]",2221,3,12,8,95731.7481614879,96024.8785622959,95782.37206083631,96058.62782852816
"(4, 5, 15)",95729.12099829312,96025.4946393682,"[8511, 2221, 17952, 5425]",2221,3,12,8,95741.12099829312,96033.4946393682,95791.74489764152,96067.24390560047
"(4, 5, 16)",95726.59458683341,96026.01091472775,"[8511, 2221, 19201, 4176]",2221,3,12,8,95738.59458683341,96034.01091472775,95789.21848618181,96067.76018096002
"(4, 5, 17)",95735.49266647591,96032.64994950144,"[8511, 2221, 20355, 3022]",2221,3,12,8,95747.49266647591,96040.64994950144,95798.11656582431,96074.3992157337
"(4, 5, 18)",95745.86632457092,96041.00934263288,"[8511, 2221, 21431, 1946]",1946,3,12,8,95757.86632457092,96049.00934263288,95808.49022391932,96082.75860886514
"(4, 5, 19)",95746.60125506324,96043.24589181528,"[8511, 2221, 22437, 940]",940,3,12,8,95758.60125506324,96051.24589181528,95809.22515441164,96084.99515804755
"(4, 6, 7)",95722.93363234238,96008.29476477705,"[8511, 4382, 2104, 19112]",2104,3,12,8,95734.93363234238,96016.29476477705,95785.55753169078,96050.04403100931
"(4, 6, 8)",95709.85779429231,95995.4328530402,"[8511, 4382, 4126, 17090]",4126,3,12,8,95721.85779429231,96003.4328530402,95772.48169364072,96037.18211927246
"(4, 6, 9)",95707.00698356124,95991.44817536524,"[8511, 4382, 6078, 15138]",4382,3,12,8,95719.00698356124,95999.44817536524,95769.63088290964,96033.1974415975
"(4, 6, 10)",95702.72771315841,95989.09342481686,"[8511, 4382, 7941, 13275]",4382,3,12,8,95714.72771315841,95997.09342481686,95765.35161250681,96030.84269104913
"(4, 6, 11)",95696.80957598283,95982.35374511624,"[8511, 4382, 9724, 11492]",4382,3,12,8,95708.80957598283,95990.35374511624,95759.43347533123,96024.1030113485
"(4, 6, 12)",95699.48321820112,95985.91286461714,"[8511, 4382, 11404, 9812]",4382,3,12,8,95711.48321820112,95993.91286461714,95762.10711754952,96027.6621308494
"(4, 6, 13)",95704.35206134737,95989.99711512122,"[8511, 4382, 12979, 8237]",4382,3,12,8,95716.35206134737,95997.99711512122,95766.97596069577,96031.74638135349
"(4, 6, 14)",95712.13982988372,95998.81156041016,"[8511, 4382, 14446, 6770]",4382,3,12,8,95724.13982988372,96006.81156041016,95774.76372923212,96040.56082664242
"(4, 6, 15)",95718.81089032226,96005.03454588886,"[8511, 4382, 15791, 5425]",4382,3,12,8,95730.81089032226,96013.03454588886,95781.43478967066,96046.78381212112
"(4, 6, 16)",95715.27720016774,96004.55734213063,"[8511, 4382, 17040, 4176]",4176,3,12,8,95727.27720016774,96012.55734213063,95777.90109951614,96046.3066083629
"(4, 6, 17)",95722.06794910273,96009.2427575468,"[8511, 4382, 18194, 3022]",3022,3,12,8,95734.06794910273,96017.2427575468,95784.69184845113,96050.99202377906
"(4, 6, 18)",95730.18449738283,96015.43851913126,"[8511, 4382, 19270, 1946]",1946,3,12,8,95742.18449738283,96023.43851913126,95792.80839673123,96057.18778536352
"(4, 6, 19)",95730.00692472798,96016.53064475604,"[8511, 4382, 20276, 940]",940,3,12,8,95742.00692472798,96024.53064475604,95792.63082407638,96058.2799109883
"(4, 7, 8)",95714.70614188828,96000.32444608837,"[8511, 6486, 2022, 17090]",2022,3,12,8,95726.70614188828,96008.32444608837,95777.33004123668,96042.07371232063
"(4, 7, 9)",95710.89765451044,95995.7023004873,"[8511, 6486, 3974, 15138]",3974,3,12,8,95722.89765451044,96003.7023004873,95773.52155385884,96037.45156671957
"(4, 7, 10)",95706.05608198387,95992.38091200586,"[8511, 6486, 5837, 13275]",5837,3,12,8,95718.05608198387,96000.38091200586,95768.67998133227,96034.13017823812
"(4, 7, 11)",95699.45830422189,95985.3043567992,"[8511, 6486, 7620, 11492]",6486,3,12,8,95711.45830422189,95993.3043567992,95762.08220357029,96027.05362303146
"(4, 7, 12)",95701.01262630938,95987.3949794237,"[8511, 6486, 9300, 9812]",6486,3,12,8,95713.01262630938,95995.3949794237,95763.63652565778,96029.14424565596
"(4, 7, 13)",95704.29349086064,95990.21570349328,"[8511, 6486, 10875, 8237]",6486,3,12,8,95716.29349086064,95998.21570349328,95766.91739020904,96031.96496972554
"(4, 7, 14)",95710.40046404388,95997.138490657,"[8511, 6486, 12342, 6770]",6486,3,12,8,95722.40046404388,96005.138490657,95773.02436339228,96038.88775688926
"(4, 7, 15)",95715.45706836428,96001.81353131324,"[8511, 6486, 13687, 5425]",5425,3,12,8,95727.45706836428,96009.81353131324,95778.08096771268,96043.5627975455
"(4, 7, 16)",95711.44676866154,96000.85232026514,"[8511, 6486, 14936, 4176]",4176,3,12,8,95723.44676866154,96008.85232026514,95774.07066800994,96042.6015864974
"(4, 7, 17)",95716.90214425168,96004.32152435483,"[8511, 6486, 16090, 3022]",3022,3,12,8,95728.90214425168,96012.32152435483,95779.52604360008,96046.0707905871
"(4, 7, 18)",95723.72440956619,96008.95324746093,"[8511, 6486, 17166, 1946]",1946,3,12,8,95735.72440956619,96016.95324746093,95786.34830891459,96050.70251369319
"(4, 7, 19)",95722.89295001717,96009.5349548724,"[8511, 6486, 18172, 940]",940,3,12,8,95734.89295001717,96017.5349548724,95785.51684936557,96051.28422110467
"(4, 8, 9)",95712.64473003159,95998.21368015622,"[8511, 8508, 1952, 15138]",1952,3,12,8,95724.64473003159,96006.21368015622,95775.26862937999,96039.96294638848
"(4, 8, 10)",95707.25626362368,95993.94872288466,"[8511, 8508, 3815, 13275]",3815,3,12,8,95719.25626362368,96001.94872288466,95769.88016297208,96035.69798911692
"(4, 8, 11)",95700.32009979457,95986.6522676216,"[8511, 8508, 5598, 11492]",5598,3,12,8,95712.32009979457,95994.6522676216,95762.94399914297,96028.40153385386
"(4, 8, 12)",95700.40831538188,95987.42571731008,"[8511, 8508, 7278, 9812]",7278,3,12,8,95712.40831538188,95995.42571731008,95763.03221473028,96029.17498354234
"(4, 8, 13)",95702.32253271886,95988.72433494854,"[8511, 8508, 8853, 8237]",8237,3,12,8,95714.32253271886,95996.72433494854,95764.94643206726,96030.4736011808
"(4, 8, 14)",95706.53608806361,95993.72468203443,"[8511, 8508, 10320, 6770]",6770,3,12,8,95718.53608806361,96001.72468203443,95769.15998741201,96035.47394826669
"(4, 8, 15)",95710.0350798661,95996.86587390036,"[8511, 8508, 11665, 5425]",5425,3,12,8,95722.0350798661,96004.86587390036,95772.6589792145,96038.61514013262
"(4, 8, 16)",95705.74290229325,95995.60056232824,"[8511, 8508, 12914, 4176]",4176,3,12,8,95717.74290229325,96003.60056232824,95768.36680164165,96037.3498285605
"(4, 8, 17)",95709.9840581929,95997.8331774963,"[8511, 8508, 14068, 3022]",3022,3,12,8,95721.9840581929,96005.8331774963,95772.6079575413,96039.58244372856
"(4, 8, 18)",95715.28279681603,96001.15983770866,"[8511, 8508, 15144, 1946]",1946,3,12,8,95727.28279681603,96009.15983770866,95777.90669616443,96042.90910394092
"(4, 8, 19)",95713.99325162571,96001.24404806265,"[8511, 8508, 16150, 940]",940,3,12,8,95725.99325162571,96009.24404806265,95776.61715097411,96042.99331429492
"(4, 9, 10)",95713.54954029957,96001.5054691787,"[8511, 10460, 1863, 13275]",1863,3,12,8,95725.54954029957,96009.5054691787,95776.17343964797,96043.25473541096
"(4, 9, 11)",95707.59436782543,95994.30173851256,"[8511, 10460, 3646, 11492]",3646,3,12,8,95719.59436782543,96002.30173851256,95770.21826717383,96036.05100474482
"(4, 9, 12)",95707.16282414104,95994.54752504647,"[8511, 10460, 5326, 9812]",5326,3,12,8,95719.16282414104,96002.54752504647,95769.78672348944,96036.29679127873
"(4, 9, 13)",95708.61394302666,95995.26312890502,"[8511, 10460, 6901, 8237]",6901,3,12,8,95720.61394302666,96003.26312890502,95771.23784237506,96037.01239513728
"(4, 9, 14)",95711.78472345026,95999.16582947622,"[8511, 10460, 8368, 6770]",6770,3,12,8,95723.78472345026,96007.16582947622,95774.40862279866,96040.91509570848
"(4, 9, 15)",95714.52216155063,96001.49543907357,"[8511, 10460, 9713, 5425]",5425,3,12,8,95726.52216155063,96009.49543907357,95777.14606089903,96043.24470530583
"(4, 9, 16)",95710.24634068127,96000.16245961172,"[8511, 10460, 10962, 4176]",4176,3,12,8,95722.24634068127,96008.16245961172,95772.87024002968,96041.91172584398
"(4, 9, 17)",95713.76948593766,96001.75132916158,"[8511, 10460, 12116, 3022]",3022,3,12,8,95725.76948593766,96009.75132916158,95776.39338528606,96043.50059539384
"(4, 9, 18)",95718.22526282784,96004.2002658207,"[8511, 10460, 13192, 1946]",1946,3,12,8,95730.22526282784,96012.2002658207,95780.84916217624,96045.94953205297
"(4, 9, 19)",95716.72343126964,96004.03581446045,"[8511, 10460, 14198, 940]",940,3,12,8,95728.72343126964,96012.03581446045,95779.34733061804,96045.78508069272
"(4, 10, 11)",95713.87719711017,96001.79469827397,"[8511, 12323, 1783, 11492]",1783,3,12,8,95725.87719711017,96009.79469827397,95776.50109645857,96043.54396450623
"(4, 10, 12)",95713.57663541261,96001.89921247966,"[8511, 12323, 3463, 9812]",3463,3,12,8,95725.57663541261,96009.89921247966,95776.20053476101,96043.64847871193
"(4, 10, 13)",95714.14242257026,96002.12989848455,"[8511, 12323, 5038, 8237]",5038,3,12,8,95726.14242257026,96010.12989848455,95776.76632191867,96043.87916471681
"(4, 10, 14)",95716.43953724553,96005.03652848468,"[8511, 12323, 6505, 6770]",6505,3,12,8,95728.43953724553,96013.03652848468,95779.06343659393,96046.78579471694
"(4, 10, 15)",95718.11092459761,96006.54607714427,"[8511, 12323, 7850, 5425]",5425,3,12,8,95730.11092459761,96014.54607714427,95780.73482394601,96048.29534337654
"(4, 10, 16)",95713.9063734522,96005.25706859429,"[8511, 12323, 9099, 4176]",4176,3,12,8,95725.9063734522,96013.25706859429,95776.5302728006,96047.00633482655
"(4, 10, 17)",95716.65988336192,96006.27565154232,"[8511, 12323, 10253, 3022]",3022,3,12,8,95728.65988336192,96014.27565154232,95779.28378271032,96048.02491777459
"(4, 10, 18)",95720.1495766891,96007.97432564774,"[8511, 12323, 11329, 1946]",1946,3,12,8,95732.1495766891,96015.97432564774,95782.7734760375,96049.72359188
"(4, 10, 19)",95718.52449282963,96007.66212526908,"[8511, 12323, 12335, 940]",940,3,12,8,95730.52449282963,96015.66212526908,95781.14839217803,96049.41139150134
"(4, 11, 12)",95715.72593374012,96004.43102753782,"[8511, 14106, 1680, 9812]",1680,3,12,8,95727.72593374012,96012.43102753782,95778.34983308852,96046.18029377008
"(4, 11, 13)",95715.70888470061,96003.81577135867,"[8511, 14106, 3255, 8237]",3255,3,12,8,95727.70888470061,96011.81577135867,95778.33278404901,96045.56503759093
"(4, 11, 14)",95716.22393250569,96004.94585566875,"[8511, 14106, 4722, 6770]",4722,3,12,8,95728.22393250569,96012.94585566875,95778.84783185409,96046.69512190101
"(4, 11, 15)",95717.01049012726,96005.46204872301,"[8511, 14106, 6067, 5425]",5425,3,12,8,95729.01049012726,96013.46204872301,95779.63438947566,96047.21131495528
"(4, 11, 16)",95713.30259384881,96004.68431858145,"[8511, 14106, 7316, 4176]",4176,3,12,8,95725.30259384881,96012.68431858145,95775.92649319721,96046.43358481371
"(4, 11, 17)",95715.31452675542,96004.90439807493,"[8511, 14106, 8470, 3022]",3022,3,12,8,95727.31452675542,96012.90439807493,95777.93842610382,96046.65366430719
"(4, 11, 18)",95717.70890825523,96005.64057882548,"[8511, 14106, 9546, 1946]",1946,3,12,8,95729.70890825523,96013.64057882548,95780.33280760363,96047.38984505774
"(4, 11, 19)",95716.11293400322,96005.22407276285,"[8511, 14106, 10552, 940]",940,3,12,8,95728.11293400322,96013.22407276285,95778.73683335162,96046.97333899511
"(4, 12, 13)",95725.88275690854,96015.01065196157,"[8511, 15786, 1575, 8237]",1575,3,12,8,95737.88275690854,96023.01065196157,95788.50665625694,96056.75991819383
"(4, 12, 14)",95726.14188893835,96015.60094960286,"[8511, 15786, 3042, 6770]",3042,3,12,8,95738.14188893835,96023.60094960286,95788.76578828675,96057.35021583512
"(4, 12, 15)",95726.37657468025,96015.74862075131,"[8511, 15786, 4387, 5425]",4387,3,12,8,95738.37657468025,96023.74862075131,95789.00047402865,96057.49788698358
"(4, 12, 16)",95723.09352203962,96015.32171841098,"[8511, 15786, 5636, 4176]",4176,3,12,8,95735.09352203962,96023.32171841098,95785.71742138802,96057.07098464324
"(4, 12, 17)",95724.62518021703,96015.40875245797,"[8511, 15786, 6790, 3022]",3022,3,12,8,95736.62518021703,96023.40875245797,95787.24907956543,96057.15801869023
"(4, 12, 18)",95726.53587406756,96015.69716294338,"[8511, 15786, 7866, 1946]",1946,3,12,8,95738.53587406756,96023.69716294338,95789.15977341596,96057.44642917564
"(4, 12, 19)",95725.03664728835,96015.3399291086,"[8511, 15786, 8872, 940]",940,3,12,8,95737.03664728835,96023.3399291086,95787.66054663675,96057.08919534086
"(4, 13, 14)",95736.2444492284,96025.472214668,"[8511, 17361, 1467, 6770]",1467,3,12,8,95748.2444492284,96033.472214668,95798.8683485768,96067.22148090026
"(4, 13, 15)",95736.61542337255,96025.7280704437,"[8511, 17361, 2812, 5425]",2812,3,12,8,95748.61542337255,96033.7280704437,95799.23932272095,96067.47733667596
"(4, 13, 16)",95733.83117180385,96025.83389102393,"[8511, 17361, 4061, 4176]",4061,3,12,8,95745.83117180385,96033.83389102393,95796.45507115225,96067.58315725619
"(4, 13, 17)",95735.30335943453,96025.70160550802,"[8511, 17361, 5215, 3022]",3022,3,12,8,95747.30335943453,96033.70160550802,95797.92725878293,96067.45087174028
"(4, 13, 18)",95736.88478684491,96025.70233580408,"[8511, 17361, 6291, 1946]",1946,3,12,8,95748.88478684491,96033.70233580408,95799.50868619331,96067.45160203634
"(4, 13, 19)",95735.47213756172,96025.43571794302,"[8511, 17361, 7297, 940]",940,3,12,8,95747.47213756172,96033.43571794302,95798.09603691012,96067.18498417528
"(4, 14, 15)",95751.17228192417,96041.73675230748,"[8511, 18828, 1345, 5425]",1345,3,12,8,95763.17228192417,96049.73675230748,95813.79618127257,96083.48601853974
"(4, 14, 16)",95747.94370838383,96041.33803584853,"[8511, 18828, 2594, 4176]",2594,3,12,8,95759.94370838383,96049.33803584853,95810.56760773223,96083.08730208079
"(4, 14, 17)",95749.50180999898,96041.46897500902,"[8511, 18828, 3748, 3022]",3022,3,12,8,95761.50180999898,96049.46897500902,95812.12570934738,96083.21824124128
"(4, 14, 18)",95751.16838042795,96041.65644519738,"[8511, 18828, 4824, 1946]",1946,3,12,8,95763.16838042795,96049.65644519738,95813.79227977635,96083.40571142964
"(4, 14, 19)",95749.75844665026,96041.35849541827,"[8511, 18828, 5830, 940]",940,3,12,8,95761.75844665026,96049.35849541827,95812.38234599866,96083.10776165054
"(4, 15, 16)",95758.77566654257,96052.05640861191,"[8511, 20173, 1249, 4176]",1249,3,12,8,95770.77566654257,96060.05640861191,95821.39956589097,96093.80567484417
"(4, 15, 17)",95761.16581715476,96052.88611423134,"[8511, 20173, 2403, 3022]",2403,3,12,8,95773.16581715476,96060.88611423134,95823.78971650316,96094.6353804636
"(4, 15, 18)",95762.7219558531,96053.66839364423,"[8511, 20173, 3479, 1946]",1946,3,12,8,95774.7219558531,96061.66839364423,95825.3458552015,96095.41765987649
"(4, 15, 19)",95761.64695991714,96053.01018388278,"[8511, 20173, 4485, 940]",940,3,12,8,95773.64695991714,96061.01018388278,95824.27085926554,96094.75945011505
"(4, 16, 17)",95761.4927050442,96055.53540505041,"[8511, 21422, 1154, 3022]",1154,3,12,8,95773.4927050442,96063.53540505041,95824.1166043926,96097.28467128267
"(4, 16, 18)",95761.218050507,96055.09361454842,"[8511, 21422, 2230, 1946]",1946,3,12,8,95773.218050507,96063.09361454842,95823.8419498554,96096.84288078068
"(4, 16, 19)",95761.48380208085,96055.24009816212,"[8511, 21422, 3236, 940]",940,3,12,8,95773.48380208085,96063.24009816212,95824.10770142925,96096.98936439438
"(4, 17, 18)",95772.44660523307,96063.7188959985,"[8511, 22576, 1076, 1946]",1076,3,12,8,95784.44660523307,96071.7188959985,95835.07050458147,96105.46816223077
"(4, 17, 19)",95772.84247239413,96063.8985117013,"[8511, 22576, 2082, 940]",940,3,12,8,95784.84247239413,96071.8985117013,95835.46637174253,96105.64777793357
"(4, 18, 19)",95784.15899487272,96075.06224008935,"[8511, 23652, 1006, 940]",940,3,12,8,95796.15899487272,96083.06224008935,95846.78289422112,96116.81150632161
"(5, 6, 7)",95715.97652864941,96013.56960138772,"[10732, 2161, 2104, 19112]",2104,3,12,8,95727.97652864941,96021.56960138772,95778.60042799781,96055.31886761998
"(5, 6, 8)",95702.90069059934,96000.70768965085,"[10732, 2161, 4126, 17090]",2161,3,12,8,95714.90069059934,96008.70768965085,95765.52458994774,96042.45695588311
"(5, 6, 9)",95700.04987986827,95996.7230119759,"[10732, 2161, 6078, 15138]",2161,3,12,8,95712.04987986827,96004.7230119759,95762.67377921667,96038.47227820817
"(5, 6, 10)",95695.77060946543,95994.36826142753,"[10732, 2161, 7941, 13275]",2161,3,12,8,95707.77060946543,96002.36826142753,95758.39450881383,96036.1175276598
"(5, 6, 11)",95689.85247228986,95987.6285817269,"[10732, 2161, 9724, 11492]",2161,3,12,8,95701.85247228986,95995.6285817269,95752.47637163826,96029.37784795916
"(5, 6, 12)",95692.52611450816,95991.1877012278,"[10732, 2161, 11404, 9812]",2161,3,12,8,95704.52611450816,95999.1877012278,95755.15001385656,96032.93696746006
"(5, 6, 13)",95697.39495765441,95995.27195173189,"[10732, 2161, 12979, 8237]",2161,3,12,8,95709.39495765441,96003.27195173189,95760.01885700281,96037.02121796415
"(5, 6, 14)",95705.18272619073,96004.08639702082,"[10732, 2161, 14446, 6770]",2161,3,12,8,95717.18272619073,96012.08639702082,95767.80662553913,96045.83566325308
"(5, 6, 15)",95711.85378662928,96010.30938249952,"[10732, 2161, 15791, 5425]",2161,3,12,8,95723.85378662928,96018.30938249952,95774.47768597768,96052.05864873178
"(5, 6, 16)",95708.32009647475,96009.8321787413,"[10732, 2161, 17040, 4176]",2161,3,12,8,95720.32009647475,96017.8321787413,95770.94399582315,96051.58144497356
"(5, 6, 17)",95715.11084540974,96014.51759415749,"[10732, 2161, 18194, 3022]",2161,3,12,8,95727.11084540974,96022.51759415749,95777.73474475814,96056.26686038975
"(5, 6, 18)",95723.22739368986,96020.71335574193,"[10732, 2161, 19270, 1946]",1946,3,12,8,95735.22739368986,96028.71335574193,95785.85129303826,96062.46262197419
"(5, 6, 19)",95723.049821035,96021.80548136671,"[10732, 2161, 20276, 940]",940,3,12,8,95735.049821035,96029.80548136671,95785.6737203834,96063.55474759897
"(5, 7, 8)",95705.14391268251,96002.57361796589,"[10732, 4265, 2022, 17090]",2022,3,12,8,95717.14391268251,96010.57361796589,95767.76781203091,96044.32288419815
"(5, 7, 9)",95701.33542530466,95997.95147236482,"[10732, 4265, 3974, 15138]",3974,3,12,8,95713.33542530466,96005.95147236482,95763.95932465306,96039.70073859708
"(5, 7, 10)",95696.49385277809,95994.63008388337,"[10732, 4265, 5837, 13275]",4265,3,12,8,95708.49385277809,96002.63008388337,95759.11775212649,96036.37935011563
"(5, 7, 11)",95689.8960750161,95987.55352867671,"[10732, 4265, 7620, 11492]",4265,3,12,8,95701.8960750161,95995.55352867671,95752.5199743645,96029.30279490897
"(5, 7, 12)",95691.45039710362,95989.64415130121,"[10732, 4265, 9300, 9812]",4265,3,12,8,95703.45039710362,95997.64415130121,95754.07429645202,96031.39341753347
"(5, 7, 13)",95694.73126165484,95992.46487537079,"[10732, 4265, 10875, 8237]",4265,3,12,8,95706.73126165484,96000.46487537079,95757.35516100324,96034.21414160305
"(5, 7, 14)",95700.83823483811,95999.38766253451,"[10732, 4265, 12342, 6770]",4265,3,12,8,95712.83823483811,96007.38766253451,95763.46213418651,96041.13692876678
"(5, 7, 15)",95705.89483915851,96004.06270319075,"[10732, 4265, 13687, 5425]",4265,3,12,8,95717.89483915851,96012.06270319075,95768.51873850691,96045.81196942301
"(5, 7, 16)",95701.88453945576,96003.10149214265,"[10732, 4265, 14936, 4176]",4176,3,12,8,95713.88453945576,96011.10149214265,95764.50843880416,96044.85075837492
"(5, 7, 17)",95707.33991504592,96006.57069623235,"[10732, 4265, 16090, 3022]",3022,3,12,8,95719.33991504592,96014.57069623235,95769.96381439432,96048.31996246461
"(5, 7, 18)",95714.16218036039,96011.20241933844,"[10732, 4265, 17166, 1946]",1946,3,12,8,95726.16218036039,96019.20241933844,95776.78607970879,96052.9516855707
"(5, 7, 19)",95713.33072081138,96011.78412674992,"[10732, 4265, 18172, 940]",940,3,12,8,95725.33072081138,96019.78412674992,95775.95462015978,96053.53339298218
"(5, 8, 9)",95700.81499990806,95998.31662352463,"[10732, 6287, 1952, 15138]",1952,3,12,8,95712.81499990806,96006.31662352463,95763.43889925646,96040.0658897569
"(5, 8, 10)",95695.42653350017,95994.05166625309,"[10732, 6287, 3815, 13275]",3815,3,12,8,95707.42653350017,96002.05166625309,95758.05043284857,96035.80093248535
"(5, 8, 11)",95688.49036967104,95986.75521099003,"[10732, 6287, 5598, 11492]",5598,3,12,8,95700.49036967104,95994.75521099003,95751.11426901944,96028.50447722229
"(5, 8, 12)",95688.57858525834,95987.52866067851,"[10732, 6287, 7278, 9812]",6287,3,12,8,95700.57858525834,95995.52866067851,95751.20248460674,96029.27792691077
"(5, 8, 13)",95690.49280259531,95988.82727831697,"[10732, 6287, 8853, 8237]",6287,3,12,8,95702.49280259531,95996.82727831697,95753.11670194371,96030.57654454923
"(5, 8, 14)",95694.70635794009,95993.82762540285,"[10732, 6287, 10320, 6770]",6287,3,12,8,95706.70635794009,96001.82762540285,95757.33025728849,96035.57689163511
"(5, 8, 15)",95698.20534974257,95996.96881726879,"[10732, 6287, 11665, 5425]",5425,3,12,8,95710.20534974257,96004.96881726879,95760.82924909097,96038.71808350105
"(5, 8, 16)",95693.91317216973,95995.70350569667,"[10732, 6287, 12914, 4176]",4176,3,12,8,95705.91317216973,96003.70350569667,95756.53707151813,96037.45277192893
"(5, 8, 17)",95698.15432806937,95997.93612086473,"[10732, 6287, 14068, 3022]",3022,3,12,8,95710.15432806937,96005.93612086473,95760.77822741777,96039.685387097
"(5, 8, 18)",95703.4530666925,96001.26278107708,"[10732, 6287, 15144, 1946]",1946,3,12,8,95715.4530666925,96009.26278107708,95766.0769660409,96043.01204730934
"(5, 8, 19)",95702.1635215022,96001.34699143107,"[10732, 6287, 16150, 940]",940,3,12,8,95714.1635215022,96009.34699143107,95764.7874208506,96043.09625766333
"(5, 9, 10)",95699.24383701658,95997.89872459313,"[10732, 8239, 1863, 13275]",1863,3,12,8,95711.24383701658,96005.89872459313,95761.86773636498,96039.6479908254
"(5, 9, 11)",95693.28866454242,95990.694993927,"[10732, 8239, 3646, 11492]",3646,3,12,8,95705.28866454242,95998.694993927,95755.91256389082,96032.44426015926
"(5, 9, 12)",95692.85712085801,95990.9407804609,"[10732, 8239, 5326, 9812]",5326,3,12,8,95704.85712085801,95998.9407804609,95755.48102020641,96032.69004669317
"(5, 9, 13)",95694.30823974364,95991.65638431946,"[10732, 8239, 6901, 8237]",6901,3,12,8,95706.30823974364,95999.65638431946,95756.93213909204,96033.40565055172
"(5, 9, 14)",95697.47902016724,95995.55908489067,"[10732, 8239, 8368, 6770]",6770,3,12,8,95709.47902016724,96003.55908489067,95760.10291951564,96037.30835112293
"(5, 9, 15)",95700.21645826763,95997.888694488,"[10732, 8239, 9713, 5425]",5425,3,12,8,95712.21645826763,96005.888694488,95762.84035761603,96039.63796072027
"(5, 9, 16)",95695.94063739826,95996.55571502616,"[10732, 8239, 10962, 4176]",4176,3,12,8,95707.94063739826,96004.55571502616,95758.56453674666,96038.30498125842
"(5, 9, 17)",95699.46378265465,95998.14458457602,"[10732, 8239, 12116, 3022]",3022,3,12,8,95711.46378265465,96006.14458457602,95762.08768200305,96039.89385080828
"(5, 9, 18)",95703.91955954484,96000.59352123515,"[10732, 8239, 13192, 1946]",1946,3,12,8,95715.91955954484,96008.59352123515,95766.54345889324,96042.34278746741
"(5, 9, 19)",95702.41772798664,96000.42906987491,"[10732, 8239, 14198, 940]",940,3,12,8,95714.41772798664,96008.42906987491,95765.04162733504,96042.17833610717
"(5, 10, 11)",95696.22914533853,95994.92046155807,"[10732, 10102, 1783, 11492]",1783,3,12,8,95708.22914533853,96002.92046155807,95758.85304468693,96036.66972779033
"(5, 10, 12)",95695.92858364098,95995.02497576378,"[10732, 10102, 3463, 9812]",3463,3,12,8,95707.92858364098,96003.02497576378,95758.55248298938,96036.77424199604
"(5, 10, 13)",95696.49437079864,95995.25566176866,"[10732, 10102, 5038, 8237]",5038,3,12,8,95708.49437079864,96003.25566176866,95759.11827014704,96037.00492800093
"(5, 10, 14)",95698.79148547389,95998.1622917688,"[10732, 10102, 6505, 6770]",6505,3,12,8,95710.79148547389,96006.1622917688,95761.41538482229,96039.91155800105
"(5, 10, 15)",95700.46287282597,95999.6718404284,"[10732, 10102, 7850, 5425]",5425,3,12,8,95712.46287282597,96007.6718404284,95763.08677217437,96041.42110666067
"(5, 10, 16)",95696.25832168057,95998.3828318784,"[10732, 10102, 9099, 4176]",4176,3,12,8,95708.25832168057,96006.3828318784,95758.88222102897,96040.13209811067
"(5, 10, 17)",95699.01183159027,95999.40141482645,"[10732, 10102, 10253, 3022]",3022,3,12,8,95711.01183159027,96007.40141482645,95761.63573093867,96041.15068105872
"(5, 10, 18)",95702.50152491745,96001.10008893185,"[10732, 10102, 11329, 1946]",1946,3,12,8,95714.50152491745,96009.10008893185,95765.12542426585,96042.84935516411
"(5, 10, 19)",95700.87644105798,96000.7878885532,"[10732, 10102, 12335, 940]",940,3,12,8,95712.87644105798,96008.7878885532,95763.50034040638,96042.53715478546
"(5, 11, 12)",95696.70727419388,95995.18936584689,"[10732, 11885, 1680, 9812]",1680,3,12,8,95708.70727419388,96003.18936584689,95759.33117354228,96036.93863207915
"(5, 11, 13)",95696.69022515437,95994.57410966774,"[10732, 11885, 3255, 8237]",3255,3,12,8,95708.69022515437,96002.57410966774,95759.31412450277,96036.3233759
"(5, 11, 14)",95697.20527295944,95995.70419397781,"[10732, 11885, 4722, 6770]",4722,3,12,8,95709.20527295944,96003.70419397781,95759.82917230784,96037.45346021008
"(5, 11, 15)",95697.99183058101,95996.22038703208,"[10732, 11885, 6067, 5425]",5425,3,12,8,95709.99183058101,96004.22038703208,95760.61572992941,96037.96965326434
"(5, 11, 16)",95694.28393430257,95995.44265689052,"[10732, 11885, 7316, 4176]",4176,3,12,8,95706.28393430257,96003.44265689052,95756.90783365097,96037.19192312278
"(5, 11, 17)",95696.29586720918,95995.662736384,"[10732, 11885, 8470, 3022]",3022,3,12,8,95708.29586720918,96003.662736384,95758.91976655758,96037.41200261626
"(5, 11, 18)",95698.69024870898,95996.39891713455,"[10732, 11885, 9546, 1946]",1946,3,12,8,95710.69024870898,96004.39891713455,95761.31414805738,96038.14818336681
"(5, 11, 19)",95697.09427445698,95995.98241107192,"[10732, 11885, 10552, 940]",940,3,12,8,95709.09427445698,96003.98241107192,95759.71817380538,96037.73167730418
"(5, 12, 13)",95703.4280320144,96002.15752741227,"[10732, 13565, 1575, 8237]",1575,3,12,8,95715.4280320144,96010.15752741227,95766.0519313628,96043.90679364454
"(5, 12, 14)",95703.68716404421,96002.74782505356,"[10732, 13565, 3042, 6770]",3042,3,12,8,95715.68716404421,96010.74782505356,95766.31106339261,96044.49709128583
"(5, 12, 15)",95703.92184978611,96002.89549620202,"[10732, 13565, 4387, 5425]",4387,3,12,8,95715.92184978611,96010.89549620202,95766.54574913452,96044.64476243428
"(5, 12, 16)",95700.63879714548,96002.46859386169,"[10732, 13565, 5636, 4176]",4176,3,12,8,95712.63879714548,96010.46859386169,95763.26269649388,96044.21786009395
"(5, 12, 17)",95702.17045532289,96002.55562790867,"[10732, 13565, 6790, 3022]",3022,3,12,8,95714.17045532289,96010.55562790867,95764.79435467129,96044.30489414094
"(5, 12, 18)",95704.08114917342,96002.84403839409,"[10732, 13565, 7866, 1946]",1946,3,12,8,95716.08114917342,96010.84403839409,95766.70504852182,96044.59330462635
"(5, 12, 19)",95702.58192239421,96002.4868045593,"[10732, 13565, 8872, 940]",940,3,12,8,95714.58192239421,96010.4868045593,95765.20582174261,96044.23607079156
"(5, 13, 14)",95711.09796166835,96009.22281970676,"[10732, 15140, 1467, 6770]",1467,3,12,8,95723.09796166835,96017.22281970676,95773.72186101675,96050.97208593902
"(5, 13, 15)",95711.4689358125,96009.47867548247,"[10732, 15140, 2812, 5425]",2812,3,12,8,95723.4689358125,96017.47867548247,95774.0928351609,96051.22794171474
"(5, 13, 16)",95708.68468424381,96009.58449606269,"[10732, 15140, 4061, 4176]",4061,3,12,8,95720.68468424381,96017.58449606269,95771.30858359221,96051.33376229495
"(5, 13, 17)",95710.15687187448,96009.45221054679,"[10732, 15140, 5215, 3022]",3022,3,12,8,95722.15687187448,96017.45221054679,95772.78077122288,96051.20147677905
"(5, 13, 18)",95711.73829928486,96009.45294084284,"[10732, 15140, 6291, 1946]",1946,3,12,8,95723.73829928486,96017.45294084284,95774.36219863326,96051.2022070751
"(5, 13, 19)",95710.32565000167,96009.18632298178,"[10732, 15140, 7297, 940]",940,3,12,8,95722.32565000167,96017.18632298178,95772.94954935007,96050.93558921404
"(5, 14, 15)",95722.38621985802,96021.47089579518,"[10732, 16607, 1345, 5425]",1345,3,12,8,95734.38621985802,96029.47089579518,95785.01011920642,96063.22016202744
"(5, 14, 16)",95719.15764631768,96021.07217933622,"[10732, 16607, 2594, 4176]",2594,3,12,8,95731.15764631768,96029.07217933622,95781.78154566608,96062.82144556848
"(5, 14, 17)",95720.71574793283,96021.20311849669,"[10732, 16607, 3748, 3022]",3022,3,12,8,95732.71574793283,96029.20311849669,95783.33964728123,96062.95238472895
"(5, 14, 18)",95722.3823183618,96021.39058868507,"[10732, 16607, 4824, 1946]",1946,3,12,8,95734.3823183618,96029.39058868507,95785.0062177102,96063.13985491733
"(5, 14, 19)",95720.9723845841,96021.09263890595,"[10732, 16607, 5830, 940]",940,3,12,8,95732.9723845841,96029.09263890595,95783.59628393251,96062.84190513821
"(5, 15, 16)",95727.44602092884,96028.69291786166,"[10732, 17952, 1249, 4176]",1249,3,12,8,95739.44602092884,96036.69291786166,95790.06992027724,96070.44218409392
"(5, 15, 17)",95729.83617154103,96029.52262348108,"[10732, 17952, 2403, 3022]",2403,3,12,8,95741.83617154103,96037.52262348108,95792.46007088943,96071.27188971335
"(5, 15, 18)",95731.39231023937,96030.30490289397,"[10732, 17952, 3479, 1946]",1946,3,12,8,95743.39231023937,96038.30490289397,95794.01620958777,96072.05416912623
"(5, 15, 19)",95730.31731430341,96029.64669313253,"[10732, 17952, 4485, 940]",940,3,12,8,95742.31731430341,96037.64669313253,95792.94121365181,96071.39595936479
"(5, 16, 17)",95728.97068697451,96030.71301271798,"[10732, 19201, 1154, 3022]",1154,3,12,8,95740.97068697451,96038.71301271798,95791.59458632291,96072.46227895025
"(5, 16, 18)",95728.6960324373,96030.271222216,"[10732, 19201, 2230, 1946]",1946,3,12,8,95740.6960324373,96038.271222216,95791.3199317857,96072.02048844827
"(5, 16, 19)",95728.96178401116,96030.4177058297,"[10732, 19201, 3236, 940]",940,3,12,8,95740.96178401116,96038.4177058297,95791.58568335956,96072.16697206197
"(5, 17, 18)",95737.62451678523,96036.50897765969,"[10732, 20355, 1076, 1946]",1076,3,12,8,95749.62451678523,96044.50897765969,95800.24841613363,96078.25824389195
"(5, 17, 19)",95738.02038394629,96036.68859336249,"[10732, 20355, 2082, 940]",940,3,12,8,95750.02038394629,96044.68859336249,95800.64428329469,96078.43785959475
"(5, 18, 19)",95746.87438089716,96045.1752991314,"[10732, 21431, 1006, 940]",940,3,12,8,95758.87438089716,96053.1752991314,95809.49828024556,96086.92456536366
"(6, 7, 8)",95715.39093998716,95998.83872096766,"[12893, 2104, 2022, 17090]",2022,3,12,8,95727.39093998716,96006.83872096766,95778.01483933556,96040.58798719992
"(6, 7, 9)",95711.58245260932,95994.21657536659,"[12893, 2104, 3974, 15138]",2104,3,12,8,95723.58245260932,96002.21657536659,95774.20635195772,96035.96584159885
"(6, 7, 10)",95706.74088008274,95990.89518688514,"[12893, 2104, 5837, 13275]",2104,3,12,8,95718.74088008274,95998.89518688514,95769.36477943114,96032.6444531174
"(6, 7, 11)",95700.14310232077,95983.8186316785,"[12893, 2104, 7620, 11492]",2104,3,12,8,95712.14310232077,95991.8186316785,95762.76700166917,96025.56789791076
"(6, 7, 12)",95701.69742440828,95985.909254303,"[12893, 2104, 9300, 9812]",2104,3,12,8,95713.69742440828,95993.909254303,95764.32132375668,96027.65852053526
"(6, 7, 13)",95704.97828895951,95988.72997837256,"[12893, 2104, 10875, 8237]",2104,3,12,8,95716.97828895951,95996.72997837256,95767.60218830791,96030.47924460482
"(6, 7, 14)",95711.08526214276,95995.65276553629,"[12893, 2104, 12342, 6770]",2104,3,12,8,95723.08526214276,96003.65276553629,95773.70916149116,96037.40203176855
"(6, 7, 15)",95716.14186646316,96000.32780619254,"[12893, 2104, 13687, 5425]",2104,3,12,8,95728.14186646316,96008.32780619254,95778.76576581156,96042.0770724248
"(6, 7, 16)",95712.13156676042,95999.36659514444,"[12893, 2104, 14936, 4176]",2104,3,12,8,95724.13156676042,96007.36659514444,95774.75546610882,96041.1158613767
"(6, 7, 17)",95717.58694235056,96002.83579923413,"[12893, 2104, 16090, 3022]",2104,3,12,8,95729.58694235056,96010.83579923413,95780.21084169896,96044.5850654664
"(6, 7, 18)",95724.40920766506,96007.46752234022,"[12893, 2104, 17166, 1946]",1946,3,12,8,95736.40920766506,96015.46752234022,95787.03310701346,96049.21678857248
"(6, 7, 19)",95723.57774811605,96008.04922975169,"[12893, 2104, 18172, 940]",940,3,12,8,95735.57774811605,96016.04922975169,95786.20164746445,96049.79849598395
"(6, 8, 9)",95710.20813386411,95993.18396104619,"[12893, 4126, 1952, 15138]",1952,3,12,8,95722.20813386411,96001.18396104619,95772.83203321251,96034.93322727845
"(6, 8, 10)",95704.8196674562,95988.91900377463,"[12893, 4126, 3815, 13275]",3815,3,12,8,95716.8196674562,95996.91900377463,95767.4435668046,96030.66827000689
"(6, 8, 11)",95697.88350362709,95981.62254851157,"[12893, 4126, 5598, 11492]",4126,3,12,8,95709.88350362709,95989.62254851157,95760.50740297549,96023.37181474383
"(6, 8, 12)",95697.9717192144,95982.39599820005,"[12893, 4126, 7278, 9812]",4126,3,12,8,95709.9717192144,95990.39599820005,95760.5956185628,96024.14526443231
"(6, 8, 13)",95699.88593655138,95983.69461583851,"[12893, 4126, 8853, 8237]",4126,3,12,8,95711.88593655138,95991.69461583851,95762.50983589978,96025.44388207077
"(6, 8, 14)",95704.09949189614,95988.6949629244,"[12893, 4126, 10320, 6770]",4126,3,12,8,95716.09949189614,95996.6949629244,95766.72339124454,96030.44422915667
"(6, 8, 15)",95707.59848369862,95991.83615479033,"[12893, 4126, 11665, 5425]",4126,3,12,8,95719.59848369862,95999.83615479033,95770.22238304702,96033.5854210226
"(6, 8, 16)",95703.30630612577,95990.57084321821,"[12893, 4126, 12914, 4176]",4126,3,12,8,95715.30630612577,95998.57084321821,95765.93020547417,96032.32010945048
"(6, 8, 17)",95707.54746202542,95992.80345838628,"[12893, 4126, 14068, 3022]",3022,3,12,8,95719.54746202542,96000.80345838628,95770.17136137382,96034.55272461854
"(6, 8, 18)",95712.84620064855,95996.13011859864,"[12893, 4126, 15144, 1946]",1946,3,12,8,95724.84620064855,96004.13011859864,95775.47009999695,96037.8793848309
"(6, 8, 19)",95711.55665545823,95996.21432895263,"[12893, 4126, 16150, 940]",940,3,12,8,95723.55665545823,96004.21432895263,95774.18055480663,96037.96359518489
"(6, 9, 10)",95706.08216378576,95990.41591820336,"[12893, 6078, 1863, 13275]",1863,3,12,8,95718.08216378576,95998.41591820336,95768.70606313416,96032.16518443562
"(6, 9, 11)",95700.12699131161,95983.21218753722,"[12893, 6078, 3646, 11492]",3646,3,12,8,95712.12699131161,95991.21218753722,95762.75089066001,96024.96145376949
"(6, 9, 12)",95699.69544762722,95983.45797407113,"[12893, 6078, 5326, 9812]",5326,3,12,8,95711.69544762722,95991.45797407113,95762.31934697562,96025.2072403034
"(6, 9, 13)",95701.14656651285,95984.17357792969,"[12893, 6078, 6901, 8237]",6078,3,12,8,95713.14656651285,95992.17357792969,95763.77046586125,96025.92284416195
"(6, 9, 14)",95704.31734693644,95988.0762785009,"[12893, 6078, 8368, 6770]",6078,3,12,8,95716.31734693644,95996.0762785009,95766.94124628484,96029.82554473316
"(6, 9, 15)",95707.05478503682,95990.40588809823,"[12893, 6078, 9713, 5425]",5425,3,12,8,95719.05478503682,95998.40588809823,95769.67868438522,96032.1551543305
"(6, 9, 16)",95702.77896416746,95989.07290863639,"[12893, 6078, 10962, 4176]",4176,3,12,8,95714.77896416746,95997.07290863639,95765.40286351586,96030.82217486865
"(6, 9, 17)",95706.30210942385,95990.66177818624,"[12893, 6078, 12116, 3022]",3022,3,12,8,95718.30210942385,95998.66177818624,95768.92600877225,96032.4110444185
"(6, 9, 18)",95710.75788631402,95993.11071484537,"[12893, 6078, 13192, 1946]",1946,3,12,8,95722.75788631402,96001.11071484537,95773.38178566242,96034.85998107764
"(6, 9, 19)",95709.25605475582,95992.94626348514,"[12893, 6078, 14198, 940]",940,3,12,8,95721.25605475582,96000.94626348514,95771.87995410422,96034.6955297174
"(6, 10, 11)",95701.07532171292,95985.20408726795,"[12893, 7941, 1783, 11492]",1783,3,12,8,95713.07532171292,95993.20408726795,95763.69922106132,96026.95335350021
"(6, 10, 12)",95700.77476001537,95985.30860147366,"[12893, 7941, 3463, 9812]",3463,3,12,8,95712.77476001537,95993.30860147366,95763.39865936377,96027.05786770592
"(6, 10, 13)",95701.34054717302,95985.53928747855,"[12893, 7941, 5038, 8237]",5038,3,12,8,95713.34054717302,95993.53928747855,95763.96444652142,96027.28855371081
"(6, 10, 14)",95703.63766184829,95988.44591747868,"[12893, 7941, 6505, 6770]",6505,3,12,8,95715.63766184829,95996.44591747868,95766.26156119669,96030.19518371094
"(6, 10, 15)",95705.30904920037,95989.95546613829,"[12893, 7941, 7850, 5425]",5425,3,12,8,95717.30904920037,95997.95546613829,95767.93294854877,96031.70473237055
"(6, 10, 16)",95701.10449805496,95988.66645758829,"[12893, 7941, 9099, 4176]",4176,3,12,8,95713.10449805496,95996.66645758829,95763.72839740336,96030.41572382055
"(6, 10, 17)",95703.85800796468,95989.68504053634,"[12893, 7941, 10253, 3022]",3022,3,12,8,95715.85800796468,95997.68504053634,95766.48190731308,96031.4343067686
"(6, 10, 18)",95707.34770129186,95991.38371464174,"[12893, 7941, 11329, 1946]",1946,3,12,8,95719.34770129186,95999.38371464174,95769.97160064026,96033.132980874
"(6, 10, 19)",95705.72261743239,95991.07151426308,"[12893, 7941, 12335, 940]",940,3,12,8,95717.72261743239,95999.07151426308,95768.34651678079,96032.82078049534
"(6, 11, 12)",95700.08785432132,95984.22594114185,"[12893, 9724, 1680, 9812]",1680,3,12,8,95712.08785432132,95992.22594114185,95762.71175366972,96025.97520737411
"(6, 11, 13)",95700.07080528181,95983.6106849627,"[12893, 9724, 3255, 8237]",3255,3,12,8,95712.07080528181,95991.6106849627,95762.69470463021,96025.35995119496
"(6, 11, 14)",95700.58585308689,95984.74076927277,"[12893, 9724, 4722, 6770]",4722,3,12,8,95712.58585308689,95992.74076927277,95763.20975243529,96026.49003550503
"(6, 11, 15)",95701.37241070847,95985.25696232702,"[12893, 9724, 6067, 5425]",5425,3,12,8,95713.37241070847,95993.25696232702,95763.99631005687,96027.00622855929
"(6, 11, 16)",95697.66451443003,95984.47923218548,"[12893, 9724, 7316, 4176]",4176,3,12,8,95709.66451443003,95992.47923218548,95760.28841377843,96026.22849841774
"(6, 11, 17)",95699.67644733663,95984.69931167894,"[12893, 9724, 8470, 3022]",3022,3,12,8,95711.67644733663,95992.69931167894,95762.30034668504,96026.4485779112
"(6, 11, 18)",95702.07082883645,95985.4354924295,"[12893, 9724, 9546, 1946]",1946,3,12,8,95714.07082883645,95993.4354924295,95764.69472818486,96027.18475866177
"(6, 11, 19)",95700.47485458443,95985.01898636688,"[12893, 9724, 10552, 940]",940,3,12,8,95712.47485458443,95993.01898636688,95763.09875393283,96026.76825259914
"(6, 12, 13)",95704.32389907981,95988.50370387206,"[12893, 11404, 1575, 8237]",1575,3,12,8,95716.32389907981,95996.50370387206,95766.94779842821,96030.25297010432
"(6, 12, 14)",95704.58303110962,95989.09400151335,"[12893, 11404, 3042, 6770]",3042,3,12,8,95716.58303110962,95997.09400151335,95767.20693045802,96030.84326774561
"(6, 12, 15)",95704.81771685152,95989.2416726618,"[12893, 11404, 4387, 5425]",4387,3,12,8,95716.81771685152,95997.2416726618,95767.44161619993,96030.99093889406
"(6, 12, 16)",95701.53466421089,95988.81477032148,"[12893, 11404, 5636, 4176]",4176,3,12,8,95713.53466421089,95996.81477032148,95764.1585635593,96030.56403655374
"(6, 12, 17)",95703.0663223883,95988.90180436848,"[12893, 11404, 6790, 3022]",3022,3,12,8,95715.0663223883,95996.90180436848,95765.6902217367,96030.65107060074
"(6, 12, 18)",95704.97701623883,95989.19021485388,"[12893, 11404, 7866, 1946]",1946,3,12,8,95716.97701623883,95997.19021485388,95767.60091558723,96030.93948108614
"(6, 12, 19)",95703.47778945962,95988.83298101909,"[12893, 11404, 8872, 940]",940,3,12,8,95715.47778945962,95996.83298101909,95766.10168880802,96030.58224725135
"(6, 13, 14)",95709.29628991532,95993.16156240445,"[12893, 12979, 1467, 6770]",1467,3,12,8,95721.29628991532,96001.16156240445,95771.92018926372,96034.91082863671
"(6, 13, 15)",95709.66726405948,95993.41741818015,"[12893, 12979, 2812, 5425]",2812,3,12,8,95721.66726405948,96001.41741818015,95772.29116340788,96035.16668441241
"(6, 13, 16)",95706.88301249078,95993.52323876038,"[12893, 12979, 4061, 4176]",4061,3,12,8,95718.88301249078,96001.52323876038,95769.50691183918,96035.27250499264
"(6, 13, 17)",95708.35520012146,95993.39095324447,"[12893, 12979, 5215, 3022]",3022,3,12,8,95720.35520012146,96001.39095324447,95770.97909946986,96035.14021947673
"(6, 13, 18)",95709.93662753183,95993.39168354053,"[12893, 12979, 6291, 1946]",1946,3,12,8,95721.93662753183,96001.39168354053,95772.56052688023,96035.14094977279
"(6, 13, 19)",95708.52397824865,95993.12506567947,"[12893, 12979, 7297, 940]",940,3,12,8,95720.52397824865,96001.12506567947,95771.14787759705,96034.87433191173
"(6, 14, 15)",95717.71515695381,96002.26024778272,"[12893, 14446, 1345, 5425]",1345,3,12,8,95729.71515695381,96010.26024778272,95780.33905630221,96044.00951401498
"(6, 14, 16)",95714.48658341347,96001.86153132375,"[12893, 14446, 2594, 4176]",2594,3,12,8,95726.48658341347,96009.86153132375,95777.11048276187,96043.61079755602
"(6, 14, 17)",95716.04468502862,96001.99247048423,"[12893, 14446, 3748, 3022]",3022,3,12,8,95728.04468502862,96009.99247048423,95778.66858437702,96043.74173671649
"(6, 14, 18)",95717.71125545759,96002.1799406726,"[12893, 14446, 4824, 1946]",1946,3,12,8,95729.71125545759,96010.1799406726,95780.33515480599,96043.92920690487
"(6, 14, 19)",95716.3013216799,96001.88199089348,"[12893, 14446, 5830, 940]",940,3,12,8,95728.3013216799,96009.88199089348,95778.9252210283,96043.63125712574
"(6, 15, 16)",95720.07318165796,96007.08917825557,"[12893, 15791, 1249, 4176]",1249,3,12,8,95732.07318165796,96015.08917825557,95782.69708100636,96048.83844448783
"(6, 15, 17)",95722.46333227016,96007.91888387501,"[12893, 15791, 2403, 3022]",2403,3,12,8,95734.46333227016,96015.91888387501,95785.08723161856,96049.66815010727
"(6, 15, 18)",95724.0194709685,96008.70116328787,"[12893, 15791, 3479, 1946]",1946,3,12,8,95736.0194709685,96016.70116328787,95786.6433703169,96050.45042952013
"(6, 15, 19)",95722.94447503253,96008.04295352644,"[12893, 15791, 4485, 940]",940,3,12,8,95734.94447503253,96016.04295352644,95785.56837438093,96049.7922197587
"(6, 16, 17)",95720.59056900883,96008.11579399413,"[12893, 17040, 1154, 3022]",1154,3,12,8,95732.59056900883,96016.11579399413,95783.21446835723,96049.8650602264
"(6, 16, 18)",95720.31591447162,96007.67400349214,"[12893, 17040, 2230, 1946]",1946,3,12,8,95732.31591447162,96015.67400349214,95782.93981382002,96049.4232697244
"(6, 16, 19)",95720.58166604547,96007.82048710584,"[12893, 17040, 3236, 940]",940,3,12,8,95732.58166604547,96015.82048710584,95783.20556539387,96049.5697533381
"(6, 17, 18)",95727.13706811203,96011.95813957832,"[12893, 18194, 1076, 1946]",1076,3,12,8,95739.13706811203,96019.95813957832,95789.76096746043,96053.70740581058
"(6, 17, 19)",95727.53293527309,96012.13775528112,"[12893, 18194, 2082, 940]",940,3,12,8,95739.53293527309,96020.13775528112,95790.15683462149,96053.88702151338
"(6, 18, 19)",95734.12982240907,96018.46082950305,"[12893, 19270, 1006, 940]",940,3,12,8,95746.12982240907,96026.46082950305,95796.75372175747,96060.21009573531
"(7, 8, 9)",95717.75331080848,95993.9495319633,"[14997, 2022, 1952, 15138]",1952,3,12,8,95729.75331080848,96001.9495319633,95780.37721015688,96035.69879819556
"(7, 8, 10)",95712.36484440058,95989.68457469175,"[14997, 2022, 3815, 13275]",2022,3,12,8,95724.36484440058,95997.68457469175,95774.98874374898,96031.43384092402
"(7, 8, 11)",95705.42868057147,95982.38811942871,"[14997, 2022, 5598, 11492]",2022,3,12,8,95717.42868057147,95990.38811942871,95768.05257991987,96024.13738566097
"(7, 8, 12)",95705.51689615875,95983.16156911718,"[14997, 2022, 7278, 9812]",2022,3,12,8,95717.51689615875,95991.16156911718,95768.14079550715,96024.91083534944
"(7, 8, 13)",95707.43111349575,95984.46018675562,"[14997, 2022, 8853, 8237]",2022,3,12,8,95719.43111349575,95992.46018675562,95770.05501284415,96026.20945298788
"(7, 8, 14)",95711.6446688405,95989.46053384151,"[14997, 2022, 10320, 6770]",2022,3,12,8,95723.6446688405,95997.46053384151,95774.2685681889,96031.20980007378
"(7, 8, 15)",95715.14366064299,95992.60172570744,"[14997, 2022, 11665, 5425]",2022,3,12,8,95727.14366064299,96000.60172570744,95777.7675599914,96034.3509919397
"(7, 8, 16)",95710.85148307015,95991.33641413532,"[14997, 2022, 12914, 4176]",2022,3,12,8,95722.85148307015,95999.33641413532,95773.47538241855,96033.08568036759
"(7, 8, 17)",95715.0926389698,95993.56902930341,"[14997, 2022, 14068, 3022]",2022,3,12,8,95727.0926389698,96001.56902930341,95777.7165383182,96035.31829553568
"(7, 8, 18)",95720.39137759291,95996.89568951576,"[14997, 2022, 15144, 1946]",1946,3,12,8,95732.39137759291,96004.89568951576,95783.01527694131,96038.64495574802
"(7, 8, 19)",95719.10183240261,95996.97989986974,"[14997, 2022, 16150, 940]",940,3,12,8,95731.10183240261,96004.97989986974,95781.72573175101,96038.729166102
"(7, 9, 10)",95712.66966408337,95990.54402119436,"[14997, 3974, 1863, 13275]",1863,3,12,8,95724.66966408337,95998.54402119436,95775.29356343177,96032.29328742663
"(7, 9, 11)",95706.71449160921,95983.34029052823,"[14997, 3974, 3646, 11492]",3646,3,12,8,95718.71449160921,95991.34029052823,95769.33839095761,96025.08955676049
"(7, 9, 12)",95706.2829479248,95983.58607706215,"[14997, 3974, 5326, 9812]",3974,3,12,8,95718.2829479248,95991.58607706215,95768.9068472732,96025.33534329441
"(7, 9, 13)",95707.73406681043,95984.3016809207,"[14997, 3974, 6901, 8237]",3974,3,12,8,95719.73406681043,95992.3016809207,95770.35796615883,96026.05094715297
"(7, 9, 14)",95710.90484723404,95988.2043814919,"[14997, 3974, 8368, 6770]",3974,3,12,8,95722.90484723404,95996.2043814919,95773.52874658244,96029.95364772416
"(7, 9, 15)",95713.64228533441,95990.53399108924,"[14997, 3974, 9713, 5425]",3974,3,12,8,95725.64228533441,95998.53399108924,95776.26618468281,96032.2832573215
"(7, 9, 16)",95709.36646446506,95989.20101162739,"[14997, 3974, 10962, 4176]",3974,3,12,8,95721.36646446506,95997.20101162739,95771.99036381346,96030.95027785965
"(7, 9, 17)",95712.88960972143,95990.78988117725,"[14997, 3974, 12116, 3022]",3022,3,12,8,95724.88960972143,95998.78988117725,95775.51350906983,96032.53914740951
"(7, 9, 18)",95717.34538661162,95993.23881783639,"[14997, 3974, 13192, 1946]",1946,3,12,8,95729.34538661162,96001.23881783639,95779.96928596002,96034.98808406865
"(7, 9, 19)",95715.84355505343,95993.07436647615,"[14997, 3974, 14198, 940]",940,3,12,8,95727.84355505343,96001.07436647615,95778.46745440183,96034.82363270842
"(7, 10, 11)",95707.10051988678,95984.36555232588,"[14997, 5837, 1783, 11492]",1783,3,12,8,95719.10051988678,95992.36555232588,95769.72441923518,96026.11481855814
"(7, 10, 12)",95706.79995818922,95984.47006653159,"[14997, 5837, 3463, 9812]",3463,3,12,8,95718.79995818922,95992.47006653159,95769.42385753762,96026.21933276385
"(7, 10, 13)",95707.36574534688,95984.70075253648,"[14997, 5837, 5038, 8237]",5038,3,12,8,95719.36574534688,95992.70075253648,95769.98964469528,96026.45001876874
"(7, 10, 14)",95709.66286002214,95987.6073825366,"[14997, 5837, 6505, 6770]",5837,3,12,8,95721.66286002214,95995.6073825366,95772.28675937055,96029.35664876887
"(7, 10, 15)",95711.33424737422,95989.11693119621,"[14997, 5837, 7850, 5425]",5425,3,12,8,95723.33424737422,95997.11693119621,95773.95814672262,96030.86619742848
"(7, 10, 16)",95707.12969622883,95987.82792264622,"[14997, 5837, 9099, 4176]",4176,3,12,8,95719.12969622883,95995.82792264622,95769.75359557723,96029.57718887848
"(7, 10, 17)",95709.88320613853,95988.84650559427,"[14997, 5837, 10253, 3022]",3022,3,12,8,95721.88320613853,95996.84650559427,95772.50710548693,96030.59577182653
"(7, 10, 18)",95713.37289946571,95990.54517969966,"[14997, 5837, 11329, 1946]",1946,3,12,8,95725.37289946571,95998.54517969966,95775.99679881411,96032.29444593193
"(7, 10, 19)",95711.74781560624,95990.23297932101,"[14997, 5837, 12335, 940]",940,3,12,8,95723.74781560624,95998.23297932101,95774.37171495464,96031.98224555327
"(7, 11, 12)",95705.43341190877,95983.05053069376,"[14997, 7620, 1680, 9812]",1680,3,12,8,95717.43341190877,95991.05053069376,95768.05731125717,96024.79979692602
"(7, 11, 13)",95705.41636286926,95982.4352745146,"[14997, 7620, 3255, 8237]",3255,3,12,8,95717.41636286926,95990.4352745146,95768.04026221766,96024.18454074686
"(7, 11, 14)",95705.93141067434,95983.56535882468,"[14997, 7620, 4722, 6770]",4722,3,12,8,95717.93141067434,95991.56535882468,95768.55531002274,96025.31462505694
"(7, 11, 15)",95706.71796829592,95984.08155187895,"[14997, 7620, 6067, 5425]",5425,3,12,8,95718.71796829592,95992.08155187895,95769.34186764433,96025.83081811121
"(7, 11, 16)",95703.01007201748,95983.30382173738,"[14997, 7620, 7316, 4176]",4176,3,12,8,95715.01007201748,95991.30382173738,95765.63397136588,96025.05308796965
"(7, 11, 17)",95705.02200492409,95983.52390123086,"[14997, 7620, 8470, 3022]",3022,3,12,8,95717.02200492409,95991.52390123086,95767.64590427249,96025.27316746312
"(7, 11, 18)",95707.41638642391,95984.26008198141,"[14997, 7620, 9546, 1946]",1946,3,12,8,95719.41638642391,95992.26008198141,95770.04028577231,96026.00934821367
"(7, 11, 19)",95705.82041217189,95983.84357591879,"[14997, 7620, 10552, 940]",940,3,12,8,95717.82041217189,95991.84357591879,95768.44431152029,96025.59284215105
"(7, 12, 13)",95708.55013653648,95985.85979654756,"[14997, 9300, 1575, 8237]",1575,3,12,8,95720.55013653648,95993.85979654756,95771.17403588488,96027.60906277983
"(7, 12, 14)",95708.80926856629,95986.45009418885,"[14997, 9300, 3042, 6770]",3042,3,12,8,95720.80926856629,95994.45009418885,95771.43316791469,96028.19936042112
"(7, 12, 15)",95709.04395430819,95986.5977653373,"[14997, 9300, 4387, 5425]",4387,3,12,8,95721.04395430819,95994.5977653373,95771.66785365659,96028.34703156956
"(7, 12, 16)",95705.76090166756,95986.17086299698,"[14997, 9300, 5636, 4176]",4176,3,12,8,95717.76090166756,95994.17086299698,95768.38480101596,96027.92012922924
"(7, 12, 17)",95707.29255984497,95986.25789704398,"[14997, 9300, 6790, 3022]",3022,3,12,8,95719.29255984497,95994.25789704398,95769.91645919337,96028.00716327624
"(7, 12, 18)",95709.2032536955,95986.54630752938,"[14997, 9300, 7866, 1946]",1946,3,12,8,95721.2032536955,95994.54630752938,95771.8271530439,96028.29557376164
"(7, 12, 19)",95707.70402691628,95986.1890736946,"[14997, 9300, 8872, 940]",940,3,12,8,95719.70402691628,95994.1890736946,95770.32792626468,96027.93833992686
"(7, 13, 14)",95711.93454877696,95989.25412864545,"[14997, 10875, 1467, 6770]",1467,3,12,8,95723.93454877696,95997.25412864545,95774.55844812536,96031.00339487771
"(7, 13, 15)",95712.30552292112,95989.50998442117,"[14997, 10875, 2812, 5425]",2812,3,12,8,95724.30552292112,95997.50998442117,95774.92942226952,96031.25925065343
"(7, 13, 16)",95709.52127135242,95989.61580500138,"[14997, 10875, 4061, 4176]",4061,3,12,8,95721.52127135242,95997.61580500138,95772.14517070082,96031.36507123364
"(7, 13, 17)",95710.9934589831,95989.48351948548,"[14997, 10875, 5215, 3022]",3022,3,12,8,95722.9934589831,95997.48351948548,95773.6173583315,96031.23278571774
"(7, 13, 18)",95712.57488639347,95989.48424978153,"[14997, 10875, 6291, 1946]",1946,3,12,8,95724.57488639347,95997.48424978153,95775.19878574187,96031.23351601379
"(7, 13, 19)",95711.16223711029,95989.21763192047,"[14997, 10875, 7297, 940]",940,3,12,8,95723.16223711029,95997.21763192047,95773.78613645869,96030.96689815274
"(7, 14, 15)",95718.6726204624,95996.46115589849,"[14997, 12342, 1345, 5425]",1345,3,12,8,95730.6726204624,96004.46115589849,95781.2965198108,96038.21042213075
"(7, 14, 16)",95715.44404692206,95996.06243943953,"[14997, 12342, 2594, 4176]",2594,3,12,8,95727.44404692206,96004.06243943953,95778.06794627046,96037.81170567179
"(7, 14, 17)",95717.00214853721,95996.1933786,"[14997, 12342, 3748, 3022]",3022,3,12,8,95729.00214853721,96004.1933786,95779.62604788561,96037.94264483226
"(7, 14, 18)",95718.66871896618,95996.38084878838,"[14997, 12342, 4824, 1946]",1946,3,12,8,95730.66871896618,96004.38084878838,95781.29261831458,96038.13011502064
"(7, 14, 19)",95717.25878518849,95996.08289900926,"[14997, 12342, 5830, 940]",940,3,12,8,95729.25878518849,96004.08289900926,95779.88268453689,96037.83216524152
"(7, 15, 16)",95719.41618904841,95999.74214154891,"[14997, 13687, 1249, 4176]",1249,3,12,8,95731.41618904841,96007.74214154891,95782.04008839681,96041.49140778117
"(7, 15, 17)",95721.8063396606,96000.57184716835,"[14997, 13687, 2403, 3022]",2403,3,12,8,95733.8063396606,96008.57184716835,95784.430239009,96042.32111340061
"(7, 15, 18)",95723.36247835895,96001.35412658121,"[14997, 13687, 3479, 1946]",1946,3,12,8,95735.36247835895,96009.35412658121,95785.98637770735,96043.10339281347
"(7, 15, 19)",95722.28748242298,96000.69591681978,"[14997, 13687, 4485, 940]",940,3,12,8,95734.28748242298,96008.69591681978,95784.91138177138,96042.44518305204
"(7, 16, 17)",95719.45696685104,96000.28474999758,"[14997, 14936, 1154, 3022]",1154,3,12,8,95731.45696685104,96008.28474999758,95782.08086619944,96042.03401622984
"(7, 16, 18)",95719.18231231383,95999.8429594956,"[14997, 14936, 2230, 1946]",1946,3,12,8,95731.18231231383,96007.8429594956,95781.80621166223,96041.59222572786
"(7, 16, 19)",95719.44806388768,95999.9894431093,"[14997, 14936, 3236, 940]",940,3,12,8,95731.44806388768,96007.9894431093,95782.07196323609,96041.73870934156
"(7, 17, 18)",95724.66809260941,96002.9108842553,"[14997, 16090, 1076, 1946]",1076,3,12,8,95736.66809260941,96010.9108842553,95787.29199195781,96044.66015048756
"(7, 17, 19)",95725.06395977047,96003.0904999581,"[14997, 16090, 2082, 940]",940,3,12,8,95737.06395977047,96011.0904999581,95787.68785911887,96044.83976619036
"(7, 18, 19)",95730.36656394081,96007.84953570165,"[14997, 17166, 1006, 940]",940,3,12,8,95742.36656394081,96015.84953570165,95792.99046328921,96049.59880193391
"(8, 9, 10)",95716.37012447859,95989.99522022798,"[17019, 1952, 1863, 13275]",1863,3,12,8,95728.37012447859,95997.99522022798,95778.99402382699,96031.74448646024
"(8, 9, 11)",95710.41495200443,95982.79148956185,"[17019, 1952, 3646, 11492]",1952,3,12,8,95722.41495200443,95990.79148956185,95773.03885135283,96024.5407557941
"(8, 9, 12)",95709.98340832003,95983.03727609575,"[17019, 1952, 5326, 9812]",1952,3,12,8,95721.98340832003,95991.03727609575,95772.60730766843,96024.78654232802
"(8, 9, 13)",95711.43452720565,95983.7528799543,"[17019, 1952, 6901, 8237]",1952,3,12,8,95723.43452720565,95991.7528799543,95774.05842655405,96025.50214618657
"(8, 9, 14)",95714.60530762926,95987.65558052552,"[17019, 1952, 8368, 6770]",1952,3,12,8,95726.60530762926,95995.65558052552,95777.22920697766,96029.40484675778
"(8, 9, 15)",95717.34274572963,95989.98519012285,"[17019, 1952, 9713, 5425]",1952,3,12,8,95729.34274572963,95997.98519012285,95779.96664507804,96031.73445635512
"(8, 9, 16)",95713.06692486026,95988.652210661,"[17019, 1952, 10962, 4176]",1952,3,12,8,95725.06692486026,95996.652210661,95775.69082420866,96030.40147689327
"(8, 9, 17)",95716.59007011665,95990.24108021086,"[17019, 1952, 12116, 3022]",1952,3,12,8,95728.59007011665,95998.24108021086,95779.21396946505,96031.99034644313
"(8, 9, 18)",95721.04584700683,95992.69001687,"[17019, 1952, 13192, 1946]",1946,3,12,8,95733.04584700683,96000.69001687,95783.66974635523,96034.43928310226
"(8, 9, 19)",95719.54401544864,95992.52556550976,"[17019, 1952, 14198, 940]",940,3,12,8,95731.54401544864,96000.52556550976,95782.16791479704,96034.27483174202
"(8, 10, 11)",95710.25408640067,95982.8731825694,"[17019, 3815, 1783, 11492]",1783,3,12,8,95722.25408640067,95990.8731825694,95772.87798574907,96024.62244880166
"(8, 10, 12)",95709.95352470313,95982.97769677511,"[17019, 3815, 3463, 9812]",3463,3,12,8,95721.95352470313,95990.97769677511,95772.57742405153,96024.72696300737
"(8, 10, 13)",95710.51931186079,95983.20838278,"[17019, 3815, 5038, 8237]",3815,3,12,8,95722.51931186079,95991.20838278,95773.14321120919,96024.95764901226
"(8, 10, 14)",95712.81642653604,95986.11501278012,"[17019, 3815, 6505, 6770]",3815,3,12,8,95724.81642653604,95994.11501278012,95775.44032588444,96027.86427901238
"(8, 10, 15)",95714.48781388812,95987.62456143973,"[17019, 3815, 7850, 5425]",3815,3,12,8,95726.48781388812,95995.62456143973,95777.11171323652,96029.373827672
"(8, 10, 16)",95710.28326274271,95986.33555288974,"[17019, 3815, 9099, 4176]",3815,3,12,8,95722.28326274271,95994.33555288974,95772.90716209111,96028.084819122
"(8, 10, 17)",95713.03677265241,95987.35413583778,"[17019, 3815, 10253, 3022]",3022,3,12,8,95725.03677265241,95995.35413583778,95775.66067200081,96029.10340207005
"(8, 10, 18)",95716.5264659796,95989.05280994318,"[17019, 3815, 11329, 1946]",1946,3,12,8,95728.5264659796,95997.05280994318,95779.150365328,96030.80207617545
"(8, 10, 19)",95714.90138212012,95988.74060956453,"[17019, 3815, 12335, 940]",940,3,12,8,95726.90138212012,95996.74060956453,95777.52528146852,96030.48987579679
"(8, 11, 12)",95708.24859235552,95981.33826088088,"[17019, 5598, 1680, 9812]",1680,3,12,8,95720.24859235552,95989.33826088088,95770.87249170392,96023.08752711314
"(8, 11, 13)",95708.23154331601,95980.72300470172,"[17019, 5598, 3255, 8237]",3255,3,12,8,95720.23154331601,95988.72300470172,95770.85544266441,96022.47227093398
"(8, 11, 14)",95708.74659112109,95981.8530890118,"[17019, 5598, 4722, 6770]",4722,3,12,8,95720.74659112109,95989.8530890118,95771.37049046949,96023.60235524406
"(8, 11, 15)",95709.53314874267,95982.36928206607,"[17019, 5598, 6067, 5425]",5425,3,12,8,95721.53314874267,95990.36928206607,95772.15704809107,96024.11854829833
"(8, 11, 16)",95705.82525246423,95981.5915519245,"[17019, 5598, 7316, 4176]",4176,3,12,8,95717.82525246423,95989.5915519245,95768.44915181263,96023.34081815676
"(8, 11, 17)",95707.83718537084,95981.81163141798,"[17019, 5598, 8470, 3022]",3022,3,12,8,95719.83718537084,95989.81163141798,95770.46108471924,96023.56089765024
"(8, 11, 18)",95710.23156687066,95982.54781216853,"[17019, 5598, 9546, 1946]",1946,3,12,8,95722.23156687066,95990.54781216853,95772.85546621906,96024.29707840079
"(8, 11, 19)",95708.63559261864,95982.1313061059,"[17019, 5598, 10552, 940]",940,3,12,8,95720.63559261864,95990.1313061059,95771.25949196704,96023.88057233817
"(8, 12, 13)",95709.89921048304,95982.83035379865,"[17019, 7278, 1575, 8237]",1575,3,12,8,95721.89921048304,95990.83035379865,95772.52310983144,96024.57962003091
"(8, 12, 14)",95710.15834251283,95983.42065143994,"[17019, 7278, 3042, 6770]",3042,3,12,8,95722.15834251283,95991.42065143994,95772.78224186123,96025.1699176722
"(8, 12, 15)",95710.39302825474,95983.5683225884,"[17019, 7278, 4387, 5425]",4387,3,12,8,95722.39302825474,95991.5683225884,95773.01692760314,96025.31758882066
"(8, 12, 16)",95707.1099756141,95983.14142024807,"[17019, 7278, 5636, 4176]",4176,3,12,8,95719.1099756141,95991.14142024807,95769.7338749625,96024.89068648033
"(8, 12, 17)",95708.64163379151,95983.22845429505,"[17019, 7278, 6790, 3022]",3022,3,12,8,95720.64163379151,95991.22845429505,95771.26553313991,96024.97772052731
"(8, 12, 18)",95710.55232764204,95983.51686478047,"[17019, 7278, 7866, 1946]",1946,3,12,8,95722.55232764204,95991.51686478047,95773.17622699044,96025.26613101273
"(8, 12, 19)",95709.05310086283,95983.15963094568,"[17019, 7278, 8872, 940]",940,3,12,8,95721.05310086283,95991.15963094568,95771.67700021123,96024.90889717794
"(8, 13, 14)",95711.91697550924,95984.70257946542,"[17019, 8853, 1467, 6770]",1467,3,12,8,95723.91697550924,95992.70257946542,95774.54087485764,96026.45184569768
"(8, 13, 15)",95712.2879496534,95984.95843524113,"[17019, 8853, 2812, 5425]",2812,3,12,8,95724.2879496534,95992.95843524113,95774.9118490018,96026.7077014734
"(8, 13, 16)",95709.5036980847,95985.06425582134,"[17019, 8853, 4061, 4176]",4061,3,12,8,95721.5036980847,95993.06425582134,95772.12759743311,96026.8135220536
"(8, 13, 17)",95710.97588571538,95984.93197030545,"[17019, 8853, 5215, 3022]",3022,3,12,8,95722.97588571538,95992.93197030545,95773.59978506378,96026.68123653771
"(8, 13, 18)",95712.55731312576,95984.9327006015,"[17019, 8853, 6291, 1946]",1946,3,12,8,95724.55731312576,95992.9327006015,95775.18121247416,96026.68196683376
"(8, 13, 19)",95711.14466384257,95984.66608274044,"[17019, 8853, 7297, 940]",940,3,12,8,95723.14466384257,95992.66608274044,95773.76856319097,96026.4153489727
"(8, 14, 15)",95716.76162935619,95989.98716664061,"[17019, 10320, 1345, 5425]",1345,3,12,8,95728.76162935619,95997.98716664061,95779.38552870459,96031.73643287287
"(8, 14, 16)",95713.53305581585,95989.58845018166,"[17019, 10320, 2594, 4176]",2594,3,12,8,95725.53305581585,95997.58845018166,95776.15695516425,96031.33771641392
"(8, 14, 17)",95715.091157431,95989.71938934215,"[17019, 10320, 3748, 3022]",3022,3,12,8,95727.091157431,95997.71938934215,95777.7150567794,96031.46865557441
"(8, 14, 18)",95716.75772785996,95989.90685953051,"[17019, 10320, 4824, 1946]",1946,3,12,8,95728.75772785996,95997.90685953051,95779.38162720836,96031.65612576278
"(8, 14, 19)",95715.34779408228,95989.6089097514,"[17019, 10320, 5830, 940]",940,3,12,8,95727.34779408228,95997.6089097514,95777.97169343068,96031.35817598367
"(8, 15, 16)",95715.94758542428,95991.73430350072,"[17019, 11665, 1249, 4176]",1249,3,12,8,95727.94758542428,95999.73430350072,95778.57148477268,96033.48356973298
"(8, 15, 17)",95718.33773603647,95992.56400912016,"[17019, 11665, 2403, 3022]",2403,3,12,8,95730.33773603647,96000.56400912016,95780.96163538487,96034.31327535243
"(8, 15, 18)",95719.89387473481,95993.34628853302,"[17019, 11665, 3479, 1946]",1946,3,12,8,95731.89387473481,96001.34628853302,95782.51777408322,96035.09555476528
"(8, 15, 19)",95718.81887879885,95992.68807877159,"[17019, 11665, 4485, 940]",940,3,12,8,95730.81887879885,96000.68807877159,95781.44277814725,96034.43734500385
"(8, 16, 17)",95715.70648535682,95991.9728114254,"[17019, 12914, 1154, 3022]",1154,3,12,8,95727.70648535682,95999.9728114254,95778.33038470522,96033.72207765766
"(8, 16, 18)",95715.4318308196,95991.5310209234,"[17019, 12914, 2230, 1946]",1946,3,12,8,95727.4318308196,95999.5310209234,95778.055730168,96033.28028715566
"(8, 16, 19)",95715.69758239346,95991.6775045371,"[17019, 12914, 3236, 940]",940,3,12,8,95727.69758239346,95999.6775045371,95778.32148174186,96033.42677076937
"(8, 17, 18)",95719.70339142467,95993.36235676146,"[17019, 14068, 1076, 1946]",1076,3,12,8,95731.70339142467,96001.36235676146,95782.32729077307,96035.11162299372
"(8, 17, 19)",95720.09925858573,95993.54197246426,"[17019, 14068, 2082, 940]",940,3,12,8,95732.09925858573,96001.54197246426,95782.72315793413,96035.29123869652
"(8, 18, 19)",95723.87833606474,95996.99594531409,"[17019, 15144, 1006, 940]",940,3,12,8,95735.87833606474,96004.99594531409,95786.50223541314,96038.74521154635
"(9, 10, 11)",95716.92256208323,95990.49854747436,"[18971, 1863, 1783, 11492]",1783,3,12,8,95728.92256208323,95998.49854747436,95779.54646143163,96032.24781370662
"(9, 10, 12)",95716.62200038569,95990.60306168006,"[18971, 1863, 3463, 9812]",1863,3,12,8,95728.62200038569,95998.60306168006,95779.24589973409,96032.35232791232
"(9, 10, 13)",95717.18778754334,95990.83374768496,"[18971, 1863, 5038, 8237]",1863,3,12,8,95729.18778754334,95998.83374768496,95779.81168689174,96032.58301391722
"(9, 10, 14)",95719.4849022186,95993.74037768508,"[18971, 1863, 6505, 6770]",1863,3,12,8,95731.4849022186,96001.74037768508,95782.108801567,96035.48964391735
"(9, 10, 15)",95721.15628957067,95995.24992634467,"[18971, 1863, 7850, 5425]",1863,3,12,8,95733.15628957067,96003.24992634467,95783.78018891907,96036.99919257693
"(9, 10, 16)",95716.95173842527,95993.9609177947,"[18971, 1863, 9099, 4176]",1863,3,12,8,95728.95173842527,96001.9609177947,95779.57563777367,96035.71018402696
"(9, 10, 17)",95719.70524833497,95994.97950074275,"[18971, 1863, 10253, 3022]",1863,3,12,8,95731.70524833497,96002.97950074275,95782.32914768337,96036.72876697501
"(9, 10, 18)",95723.19494166215,95996.67817484813,"[18971, 1863, 11329, 1946]",1863,3,12,8,95735.19494166215,96004.67817484813,95785.81884101055,96038.42744108039
"(9, 10, 19)",95721.56985780268,95996.36597446949,"[18971, 1863, 12335, 940]",940,3,12,8,95733.56985780268,96004.36597446949,95784.19375715108,96038.11524070175
"(9, 11, 12)",95715.89805939305,95989.05635038274,"[18971, 3646, 1680, 9812]",1680,3,12,8,95727.89805939305,95997.05635038274,95778.52195874145,96030.805616615
"(9, 11, 13)",95715.88101035354,95988.44109420359,"[18971, 3646, 3255, 8237]",3255,3,12,8,95727.88101035354,95996.44109420359,95778.50490970194,96030.19036043585
"(9, 11, 14)",95716.39605815861,95989.57117851367,"[18971, 3646, 4722, 6770]",3646,3,12,8,95728.39605815861,95997.57117851367,95779.01995750701,96031.32044474593
"(9, 11, 15)",95717.1826157802,95990.08737156793,"[18971, 3646, 6067, 5425]",3646,3,12,8,95729.1826157802,95998.08737156793,95779.8065151286,96031.8366378002
"(9, 11, 16)",95713.47471950176,95989.30964142637,"[18971, 3646, 7316, 4176]",3646,3,12,8,95725.47471950176,95997.30964142637,95776.09861885016,96031.05890765863
"(9, 11, 17)",95715.48665240836,95989.52972091985,"[18971, 3646, 8470, 3022]",3022,3,12,8,95727.48665240836,95997.52972091985,95778.11055175676,96031.27898715211
"(9, 11, 18)",95717.88103390818,95990.2659016704,"[18971, 3646, 9546, 1946]",1946,3,12,8,95729.88103390818,95998.2659016704,95780.50493325658,96032.01516790266
"(9, 11, 19)",95716.28505965616,95989.84939560777,"[18971, 3646, 10552, 940]",940,3,12,8,95728.28505965616,95997.84939560777,95778.90895900456,96031.59866184003
"(9, 12, 13)",95717.02891824883,95990.02078014596,"[18971, 5326, 1575, 8237]",1575,3,12,8,95729.02891824883,95998.02078014596,95779.65281759723,96031.77004637822
"(9, 12, 14)",95717.28805027864,95990.61107778725,"[18971, 5326, 3042, 6770]",3042,3,12,8,95729.28805027864,95998.61107778725,95779.91194962704,96032.36034401951
"(9, 12, 15)",95717.52273602055,95990.75874893571,"[18971, 5326, 4387, 5425]",4387,3,12,8,95729.52273602055,95998.75874893571,95780.14663536895,96032.50801516797
"(9, 12, 16)",95714.23968337991,95990.33184659538,"[18971, 5326, 5636, 4176]",4176,3,12,8,95726.23968337991,95998.33184659538,95776.86358272831,96032.08111282764
"(9, 12, 17)",95715.77134155732,95990.41888064236,"[18971, 5326, 6790, 3022]",3022,3,12,8,95727.77134155732,95998.41888064236,95778.39524090572,96032.16814687462
"(9, 12, 18)",95717.68203540785,95990.70729112778,"[18971, 5326, 7866, 1946]",1946,3,12,8,95729.68203540785,95998.70729112778,95780.30593475625,96032.45655736004
"(9, 12, 19)",95716.18280862864,95990.35005729299,"[18971, 5326, 8872, 940]",940,3,12,8,95728.18280862864,95998.35005729299,95778.80670797704,96032.09932352525
"(9, 13, 14)",95718.58358482372,95991.30999203282,"[18971, 6901, 1467, 6770]",1467,3,12,8,95730.58358482372,95999.30999203282,95781.20748417212,96033.05925826509
"(9, 13, 15)",95718.95455896787,95991.56584780852,"[18971, 6901, 2812, 5425]",2812,3,12,8,95730.95455896787,95999.56584780852,95781.57845831627,96033.31511404079
"(9, 13, 16)",95716.17030739918,95991.67166838875,"[18971, 6901, 4061, 4176]",4061,3,12,8,95728.17030739918,95999.67166838875,95778.79420674758,96033.42093462101
"(9, 13, 17)",95717.64249502985,95991.53938287284,"[18971, 6901, 5215, 3022]",3022,3,12,8,95729.64249502985,95999.53938287284,95780.26639437825,96033.2886491051
"(9, 13, 18)",95719.22392244023,95991.5401131689,"[18971, 6901, 6291, 1946]",1946,3,12,8,95731.22392244023,95999.5401131689,95781.84782178863,96033.28937940116
"(9, 13, 19)",95717.81127315704,95991.27349530785,"[18971, 6901, 7297, 940]",940,3,12,8,95729.81127315704,95999.27349530785,95780.43517250544,96033.02276154011
"(9, 14, 15)",95722.3854637495,95995.49693269335,"[18971, 8368, 1345, 5425]",1345,3,12,8,95734.3854637495,96003.49693269335,95785.0093630979,96037.24619892561
"(9, 14, 16)",95719.15689020915,95995.09821623439,"[18971, 8368, 2594, 4176]",2594,3,12,8,95731.15689020915,96003.09821623439,95781.78078955755,96036.84748246665
"(9, 14, 17)",95720.71499182431,95995.22915539486,"[18971, 8368, 3748, 3022]",3022,3,12,8,95732.71499182431,96003.22915539486,95783.33889117271,96036.97842162712
"(9, 14, 18)",95722.38156225327,95995.41662558324,"[18971, 8368, 4824, 1946]",1946,3,12,8,95734.38156225327,96003.41662558324,95785.00546160167,96037.1658918155
"(9, 14, 19)",95720.97162847559,95995.11867580411,"[18971, 8368, 5830, 940]",940,3,12,8,95732.97162847559,96003.11867580411,95783.59552782399,96036.86794203638
"(9, 15, 16)",95720.80986611548,95996.43248728485,"[18971, 9713, 1249, 4176]",1249,3,12,8,95732.80986611548,96004.43248728485,95783.43376546388,96038.18175351711
"(9, 15, 17)",95723.20001672767,95997.26219290428,"[18971, 9713, 2403, 3022]",2403,3,12,8,95735.20001672767,96005.26219290428,95785.82391607607,96039.01145913654
"(9, 15, 18)",95724.75615542602,95998.04447231717,"[18971, 9713, 3479, 1946]",1946,3,12,8,95736.75615542602,96006.04447231717,95787.38005477442,96039.79373854943
"(9, 15, 19)",95723.68115949005,95997.38626255572,"[18971, 9713, 4485, 940]",940,3,12,8,95735.68115949005,96005.38626255572,95786.30505883845,96039.13552878799
"(9, 16, 17)",95720.5851227515,95996.60332731978,"[18971, 10962, 1154, 3022]",1154,3,12,8,95732.5851227515,96004.60332731978,95783.2090220999,96038.35259355204
"(9, 16, 18)",95720.31046821429,95996.16153681779,"[18971, 10962, 2230, 1946]",1946,3,12,8,95732.31046821429,96004.16153681779,95782.93436756269,96037.91080305005
"(9, 16, 19)",95720.57621978814,95996.30802043149,"[18971, 10962, 3236, 940]",940,3,12,8,95732.57621978814,96004.30802043149,95783.20011913654,96038.05728666375
"(9, 17, 18)",95723.8640181761,95997.34912703765,"[18971, 12116, 1076, 1946]",1076,3,12,8,95735.8640181761,96005.34912703765,95786.4879175245,96039.09839326992
"(9, 17, 19)",95724.25988533716,95997.52874274045,"[18971, 12116, 2082, 940]",940,3,12,8,95736.25988533716,96005.52874274045,95786.88378468556,96039.27800897272
"(9, 18, 19)",95727.1960010832,96000.10499203707,"[18971, 13192, 1006, 940]",940,3,12,8,95739.1960010832,96008.10499203707,95789.8199004316,96041.85425826933
"(10, 11, 12)",95723.78886238858,95997.86280326788,"[20834, 1783, 1680, 9812]",1680,3,12,8,95735.78886238858,96005.86280326788,95786.41276173698,96039.61206950014
"(10, 11, 13)",95723.77181334907,95997.24754708873,"[20834, 1783, 3255, 8237]",1783,3,12,8,95735.77181334907,96005.24754708873,95786.39571269747,96038.99681332099
"(10, 11, 14)",95724.28686115415,95998.3776313988,"[20834, 1783, 4722, 6770]",1783,3,12,8,95736.28686115415,96006.3776313988,95786.91076050255,96040.12689763107
"(10, 11, 15)",95725.07341877573,95998.89382445306,"[20834, 1783, 6067, 5425]",1783,3,12,8,95737.07341877573,96006.89382445306,95787.69731812413,96040.64309068532
"(10, 11, 16)",95721.36552249729,95998.11609431151,"[20834, 1783, 7316, 4176]",1783,3,12,8,95733.36552249729,96006.11609431151,95783.98942184569,96039.86536054377
"(10, 11, 17)",95723.3774554039,95998.33617380497,"[20834, 1783, 8470, 3022]",1783,3,12,8,95735.3774554039,96006.33617380497,95786.0013547523,96040.08544003723
"(10, 11, 18)",95725.77183690372,95999.07235455554,"[20834, 1783, 9546, 1946]",1783,3,12,8,95737.77183690372,96007.07235455554,95788.39573625212,96040.8216207878
"(10, 11, 19)",95724.1758626517,95998.65584849291,"[20834, 1783, 10552, 940]",940,3,12,8,95736.1758626517,96006.65584849291,95786.7997620001,96040.40511472517
"(10, 12, 13)",95725.05070323125,95998.68596070287,"[20834, 3463, 1575, 8237]",1575,3,12,8,95737.05070323125,96006.68596070287,95787.67460257965,96040.43522693514
"(10, 12, 14)",95725.30983526104,95999.27625834417,"[20834, 3463, 3042, 6770]",3042,3,12,8,95737.30983526104,96007.27625834417,95787.93373460944,96041.02552457643
"(10, 12, 15)",95725.54452100294,95999.42392949262,"[20834, 3463, 4387, 5425]",3463,3,12,8,95737.54452100294,96007.42392949262,95788.16842035134,96041.17319572488
"(10, 12, 16)",95722.26146836231,95998.99702715229,"[20834, 3463, 5636, 4176]",3463,3,12,8,95734.26146836231,96006.99702715229,95784.88536771071,96040.74629338455
"(10, 12, 17)",95723.79312653972,95999.08406119928,"[20834, 3463, 6790, 3022]",3022,3,12,8,95735.79312653972,96007.08406119928,95786.41702588812,96040.83332743154
"(10, 12, 18)",95725.70382039025,95999.37247168469,"[20834, 3463, 7866, 1946]",1946,3,12,8,95737.70382039025,96007.37247168469,95788.32771973865,96041.12173791695
"(10, 12, 19)",95724.20459361104,95999.0152378499,"[20834, 3463, 8872, 940]",940,3,12,8,95736.20459361104,96007.0152378499,95786.82849295944,96040.76450408217
"(10, 13, 14)",95725.72003807814,95999.49025473608,"[20834, 5038, 1467, 6770]",1467,3,12,8,95737.72003807814,96007.49025473608,95788.34393742654,96041.23952096835
"(10, 13, 15)",95726.0910122223,95999.7461105118,"[20834, 5038, 2812, 5425]",2812,3,12,8,95738.0910122223,96007.7461105118,95788.7149115707,96041.49537674406
"(10, 13, 16)",95723.30676065359,95999.85193109201,"[20834, 5038, 4061, 4176]",4061,3,12,8,95735.30676065359,96007.85193109201,95785.93066000199,96041.60119732427
"(10, 13, 17)",95724.77894828428,95999.71964557611,"[20834, 5038, 5215, 3022]",3022,3,12,8,95736.77894828428,96007.71964557611,95787.40284763268,96041.46891180838
"(10, 13, 18)",95726.36037569465,95999.72037587216,"[20834, 5038, 6291, 1946]",1946,3,12,8,95738.36037569465,96007.72037587216,95788.98427504305,96041.46964210442
"(10, 13, 19)",95724.94772641147,95999.4537580111,"[20834, 5038, 7297, 940]",940,3,12,8,95736.94772641147,96007.4537580111,95787.57162575987,96041.20302424337
"(10, 14, 15)",95728.64825125557,96002.68112482553,"[20834, 6505, 1345, 5425]",1345,3,12,8,95740.64825125557,96010.68112482553,95791.27215060397,96044.43039105779
"(10, 14, 16)",95725.41967771522,96002.28240836658,"[20834, 6505, 2594, 4176]",2594,3,12,8,95737.41967771522,96010.28240836658,95788.04357706362,96044.03167459884
"(10, 14, 17)",95726.97777933038,96002.41334752706,"[20834, 6505, 3748, 3022]",3022,3,12,8,95738.97777933038,96010.41334752706,95789.60167867878,96044.16261375933
"(10, 14, 18)",95728.64434975934,96002.60081771543,"[20834, 6505, 4824, 1946]",1946,3,12,8,95740.64434975934,96010.60081771543,95791.26824910774,96044.35008394769
"(10, 14, 19)",95727.23441598166,96002.30286793632,"[20834, 6505, 5830, 940]",940,3,12,8,95739.23441598166,96010.30286793632,95789.85831533006,96044.05213416858
"(10, 15, 16)",95726.00660287325,96002.7966184793,"[20834, 7850, 1249, 4176]",1249,3,12,8,95738.00660287325,96010.7966184793,95788.63050222165,96044.54588471157
"(10, 15, 17)",95728.39675348545,96003.62632409873,"[20834, 7850, 2403, 3022]",2403,3,12,8,95740.39675348545,96011.62632409873,95791.02065283385,96045.375590331
"(10, 15, 18)",95729.95289218379,96004.40860351162,"[20834, 7850, 3479, 1946]",1946,3,12,8,95741.95289218379,96012.40860351162,95792.57679153219,96046.15786974388
"(10, 15, 19)",95728.87789624782,96003.75039375018,"[20834, 7850, 4485, 940]",940,3,12,8,95740.87789624782,96011.75039375018,95791.50179559622,96045.49965998244
"(10, 16, 17)",95725.85312923325,96003.01142942609,"[20834, 9099, 1154, 3022]",1154,3,12,8,95737.85312923325,96011.01142942609,95788.47702858165,96044.76069565835
"(10, 16, 18)",95725.57847469604,96002.5696389241,"[20834, 9099, 2230, 1946]",1946,3,12,8,95737.57847469604,96010.5696389241,95788.20237404444,96044.31890515637
"(10, 16, 19)",95725.8442262699,96002.71612253781,"[20834, 9099, 3236, 940]",940,3,12,8,95737.8442262699,96010.71612253781,95788.4681256183,96044.46538877007
"(10, 17, 18)",95728.36238931117,96003.18694254213,"[20834, 10253, 1076, 1946]",1076,3,12,8,95740.36238931117,96011.18694254213,95790.98628865957,96044.9362087744
"(10, 17, 19)",95728.75825647223,96003.36655824493,"[20834, 10253, 2082, 940]",940,3,12,8,95740.75825647223,96011.36655824493,95791.38215582063,96045.1158244772
"(10, 18, 19)",95730.72828865527,96005.19254498782,"[20834, 11329, 1006, 940]",940,3,12,8,95742.72828865527,96013.19254498782,95793.35218800367,96046.94181122008
"(11, 12, 13)",95728.73803332204,96002.70103378988,"[22617, 1680, 1575, 8237]",1575,3,12,8,95740.73803332204,96010.70103378988,95791.36193267044,96044.45030002214
"(11, 12, 14)",95728.99716535183,96003.29133143117,"[22617, 1680, 3042, 6770]",1680,3,12,8,95740.99716535183,96011.29133143117,95791.62106470023,96045.04059766344
"(11, 12, 15)",95729.23185109373,96003.43900257963,"[22617, 1680, 4387, 5425]",1680,3,12,8,95741.23185109373,96011.43900257963,95791.85575044213,96045.1882688119
"(11, 12, 16)",95725.9487984531,96003.0121002393,"[22617, 1680, 5636, 4176]",1680,3,12,8,95737.9487984531,96011.0121002393,95788.5726978015,96044.76136647156
"(11, 12, 17)",95727.48045663051,96003.09913428628,"[22617, 1680, 6790, 3022]",1680,3,12,8,95739.48045663051,96011.09913428628,95790.10435597891,96044.84840051855
"(11, 12, 18)",95729.39115048104,96003.3875447717,"[22617, 1680, 7866, 1946]",1680,3,12,8,95741.39115048104,96011.3875447717,95792.01504982944,96045.13681100396
"(11, 12, 19)",95727.89192370183,96003.03031093691,"[22617, 1680, 8872, 940]",940,3,12,8,95739.89192370183,96011.03031093691,95790.51582305023,96044.77957716917
"(11, 13, 14)",95728.82453197175,96002.65938563904,"[22617, 3255, 1467, 6770]",1467,3,12,8,95740.82453197175,96010.65938563904,95791.44843132015,96044.4086518713
"(11, 13, 15)",95729.19550611591,96002.91524141474,"[22617, 3255, 2812, 5425]",2812,3,12,8,95741.19550611591,96010.91524141474,95791.81940546431,96044.664507647
"(11, 13, 16)",95726.41125454722,96003.02106199496,"[22617, 3255, 4061, 4176]",3255,3,12,8,95738.41125454722,96011.02106199496,95789.03515389562,96044.77032822723
"(11, 13, 17)",95727.88344217789,96002.88877647906,"[22617, 3255, 5215, 3022]",3022,3,12,8,95739.88344217789,96010.88877647906,95790.50734152629,96044.63804271132
"(11, 13, 18)",95729.46486958826,96002.88950677511,"[22617, 3255, 6291, 1946]",1946,3,12,8,95741.46486958826,96010.88950677511,95792.08876893666,96044.63877300738
"(11, 13, 19)",95728.05222030508,96002.62288891406,"[22617, 3255, 7297, 940]",940,3,12,8,95740.05222030508,96010.62288891406,95790.67611965348,96044.37215514632
"(11, 14, 15)",95729.970678279,96004.07371003844,"[22617, 4722, 1345, 5425]",1345,3,12,8,95741.970678279,96012.07371003844,95792.5945776274,96045.8229762707
"(11, 14, 16)",95726.74210473866,96003.67499357948,"[22617, 4722, 2594, 4176]",2594,3,12,8,95738.74210473866,96011.67499357948,95789.36600408706,96045.42425981174
"(11, 14, 17)",95728.30020635382,96003.80593273995,"[22617, 4722, 3748, 3022]",3022,3,12,8,95740.30020635382,96011.80593273995,95790.92410570222,96045.55519897222
"(11, 14, 18)",95729.96677678278,96003.99340292833,"[22617, 4722, 4824, 1946]",1946,3,12,8,95741.96677678278,96011.99340292833,95792.59067613118,96045.7426691606
"(11, 14, 19)",95728.55684300509,96003.69545314921,"[22617, 4722, 5830, 940]",940,3,12,8,95740.55684300509,96011.69545314921,95791.18074235349,96045.44471938147
"(11, 15, 16)",95726.44420016618,96003.19584808688,"[22617, 6067, 1249, 4176]",1249,3,12,8,95738.44420016618,96011.19584808688,95789.06809951458,96044.94511431914
"(11, 15, 17)",95728.83435077837,96004.0255537063,"[22617, 6067, 2403, 3022]",2403,3,12,8,95740.83435077837,96012.0255537063,95791.45825012677,96045.77481993857
"(11, 15, 18)",95730.39048947672,96004.8078331192,"[22617, 6067, 3479, 1946]",1946,3,12,8,95742.39048947672,96012.8078331192,95793.01438882512,96046.55709935146
"(11, 15, 19)",95729.31549354075,96004.14962335775,"[22617, 6067, 4485, 940]",940,3,12,8,95741.31549354075,96012.14962335775,95791.93939288915,96045.89888959001
"(11, 16, 17)",95726.78738139312,96003.9219374421,"[22617, 7316, 1154, 3022]",1154,3,12,8,95738.78738139312,96011.9219374421,95789.41128074152,96045.67120367436
"(11, 16, 18)",95726.51272685592,96003.4801469401,"[22617, 7316, 2230, 1946]",1946,3,12,8,95738.51272685592,96011.4801469401,95789.13662620432,96045.22941317236
"(11, 16, 19)",95726.77847842977,96003.6266305538,"[22617, 7316, 3236, 940]",940,3,12,8,95738.77847842977,96011.6266305538,95789.40237777817,96045.37589678606
"(11, 17, 18)",95728.55506446795,96003.29894710357,"[22617, 8470, 1076, 1946]",1076,3,12,8,95740.55506446795,96011.29894710357,95791.17896381635,96045.04821333583
"(11, 17, 19)",95728.950931629,96003.47856280637,"[22617, 8470, 2082, 940]",940,3,12,8,95740.950931629,96011.47856280637,95791.5748309774,96045.22782903863
"(11, 18, 19)",95729.82565198468,96004.34205619441,"[22617, 9546, 1006, 940]",940,3,12,8,95741.82565198468,96012.34205619441,95792.44955133308,96046.09132242667
"(12, 13, 14)",95742.13025263275,96016.80567424755,"[24297, 1575, 1467, 6770]",1467,3,12,8,95754.13025263275,96024.80567424755,95804.75415198115,96058.55494047981
"(12, 13, 15)",95742.5012267769,96017.06153002326,"[24297, 1575, 2812, 5425]",1575,3,12,8,95754.5012267769,96025.06153002326,95805.1251261253,96058.81079625552
"(12, 13, 16)",95739.7169752082,96017.16735060347,"[24297, 1575, 4061, 4176]",1575,3,12,8,95751.7169752082,96025.16735060347,95802.3408745566,96058.91661683573
"(12, 13, 17)",95741.18916283888,96017.03506508758,"[24297, 1575, 5215, 3022]",1575,3,12,8,95753.18916283888,96025.03506508758,95803.81306218728,96058.78433131984
"(12, 13, 18)",95742.77059024926,96017.03579538362,"[24297, 1575, 6291, 1946]",1575,3,12,8,95754.77059024926,96025.03579538362,95805.39448959766,96058.78506161588
"(12, 13, 19)",95741.35794096607,96016.76917752257,"[24297, 1575, 7297, 940]",940,3,12,8,95753.35794096607,96024.76917752257,95803.98184031447,96058.51844375483
"(12, 14, 15)",95743.02048316471,96017.68021197815,"[24297, 3042, 1345, 5425]",1345,3,12,8,95755.02048316471,96025.68021197815,95805.64438251311,96059.42947821041
"(12, 14, 16)",95739.79190962437,96017.2814955192,"[24297, 3042, 2594, 4176]",2594,3,12,8,95751.79190962437,96025.2814955192,95802.41580897277,96059.03076175146
"(12, 14, 17)",95741.35001123953,96017.41243467969,"[24297, 3042, 3748, 3022]",3022,3,12,8,95753.35001123953,96025.41243467969,95803.97391058793,96059.16170091195
"(12, 14, 18)",95743.01658166847,96017.59990486805,"[24297, 3042, 4824, 1946]",1946,3,12,8,95755.01658166847,96025.59990486805,95805.64048101688,96059.34917110032
"(12, 14, 19)",95741.60664789079,96017.30195508894,"[24297, 3042, 5830, 940]",940,3,12,8,95753.60664789079,96025.30195508894,95804.23054723919,96059.0512213212
"(12, 15, 16)",95738.94213317223,96016.43382812077,"[24297, 4387, 1249, 4176]",1249,3,12,8,95750.94213317223,96024.43382812077,95801.56603252063,96058.18309435304
"(12, 15, 17)",95741.33228378442,96017.26353374022,"[24297, 4387, 2403, 3022]",2403,3,12,8,95753.33228378442,96025.26353374022,95803.95618313282,96059.01279997248
"(12, 15, 18)",95742.88842248276,96018.04581315308,"[24297, 4387, 3479, 1946]",1946,3,12,8,95754.88842248276,96026.04581315308,95805.51232183116,96059.79507938534
"(12, 15, 19)",95741.8134265468,96017.38760339165,"[24297, 4387, 4485, 940]",940,3,12,8,95753.8134265468,96025.38760339165,95804.4373258952,96059.13686962391
"(12, 16, 17)",95739.71015803698,96017.51074527722,"[24297, 5636, 1154, 3022]",1154,3,12,8,95751.71015803698,96025.51074527722,95802.33405738538,96059.26001150948
"(12, 16, 18)",95739.43550349977,96017.06895477524,"[24297, 5636, 2230, 1946]",1946,3,12,8,95751.43550349977,96025.06895477524,95802.05940284817,96058.8182210075
"(12, 16, 19)",95739.70125507363,96017.21543838894,"[24297, 5636, 3236, 940]",940,3,12,8,95751.70125507363,96025.21543838894,95802.32515442203,96058.9647046212
"(12, 17, 18)",95740.9975663826,96016.75470949222,"[24297, 6790, 1076, 1946]",1076,3,12,8,95752.9975663826,96024.75470949222,95803.621465731,96058.50397572448
"(12, 17, 19)",95741.39343354366,96016.93432519502,"[24297, 6790, 2082, 940]",940,3,12,8,95753.39343354366,96024.93432519502,95804.01733289206,96058.68359142728
"(12, 18, 19)",95741.78446625006,96017.35004831792,"[24297, 7866, 1006, 940]",940,3,12,8,95753.78446625006,96025.35004831792,95804.40836559846,96059.09931455019
"(13, 14, 15)",95756.5513670615,96031.02596914503,"[25872, 1467, 1345, 5425]",1345,3,12,8,95768.5513670615,96039.02596914503,95819.1752664099,96072.7752353773
"(13, 14, 16)",95753.32279352116,96030.62725268608,"[25872, 1467, 2594, 4176]",1467,3,12,8,95765.32279352116,96038.62725268608,95815.94669286956,96072.37651891835
"(13, 14, 17)",95754.88089513632,96030.75819184657,"[25872, 1467, 3748, 3022]",1467,3,12,8,95766.88089513632,96038.75819184657,95817.50479448472,96072.50745807884
"(13, 14, 18)",95756.54746556528,96030.94566203494,"[25872, 1467, 4824, 1946]",1467,3,12,8,95768.54746556528,96038.94566203494,95819.17136491368,96072.6949282672
"(13, 14, 19)",95755.1375317876,96030.64771225583,"[25872, 1467, 5830, 940]",940,3,12,8,95767.1375317876,96038.64771225583,95817.761431136,96072.39697848809
"(13, 15, 16)",95752.60930547127,96029.88776991492,"[25872, 2812, 1249, 4176]",1249,3,12,8,95764.60930547127,96037.88776991492,95815.23320481967,96071.63703614718
"(13, 15, 17)",95754.99945608346,96030.71747553436,"[25872, 2812, 2403, 3022]",2403,3,12,8,95766.99945608346,96038.71747553436,95817.62335543186,96072.46674176662
"(13, 15, 18)",95756.5555947818,96031.49975494722,"[25872, 2812, 3479, 1946]",1946,3,12,8,95768.5555947818,96039.49975494722,95819.1794941302,96073.24902117948
"(13, 15, 19)",95755.48059884584,96030.84154518579,"[25872, 2812, 4485, 940]",940,3,12,8,95767.48059884584,96038.84154518579,95818.10449819424,96072.59081141805
"(13, 16, 17)",95753.87613140796,96031.49740999192,"[25872, 4061, 1154, 3022]",1154,3,12,8,95765.87613140796,96039.49740999192,95816.50003075636,96073.24667622418
"(13, 16, 18)",95753.60147687075,96031.05561948993,"[25872, 4061, 2230, 1946]",1946,3,12,8,95765.60147687075,96039.05561948993,95816.22537621915,96072.80488572219
"(13, 16, 19)",95753.86722844461,96031.20210310363,"[25872, 4061, 3236, 940]",940,3,12,8,95765.86722844461,96039.20210310363,95816.49112779301,96072.95136933589
"(13, 17, 18)",95755.10406920685,96030.52205464403,"[25872, 5215, 1076, 1946]",1076,3,12,8,95767.10406920685,96038.52205464403,95817.72796855525,96072.27132087629
"(13, 17, 19)",95755.49993636791,96030.70167034683,"[25872, 5215, 2082, 940]",940,3,12,8,95767.49993636791,96038.70167034683,95818.12383571631,96072.45093657909
"(13, 18, 19)",95755.56170263415,96030.82971328036,"[25872, 6291, 1006, 940]",940,3,12,8,95767.56170263415,96038.82971328036,95818.18560198255,96072.57897951262
"(14, 15, 16)",95771.90323295763,96050.37355658603,"[27339, 1345, 1249, 4176]",1249,3,12,8,95783.90323295763,96058.37355658603,95834.52713230603,96092.12282281829
"(14, 15, 17)",95774.29338356982,96051.20326220547,"[27339, 1345, 2403, 3022]",1345,3,12,8,95786.29338356982,96059.20326220547,95836.91728291822,96092.95252843773
"(14, 15, 18)",95775.84952226817,96051.98554161833,"[27339, 1345, 3479, 1946]",1345,3,12,8,95787.84952226817,96059.98554161833,95838.47342161657,96093.73480785059
"(14, 15, 19)",95774.7745263322,96051.3273318569,"[27339, 1345, 4485, 940]",940,3,12,8,95786.7745263322,96059.3273318569,95837.3984256806,96093.07659808916
"(14, 16, 17)",95772.72573692267,96051.47865962386,"[27339, 2594, 1154, 3022]",1154,3,12,8,95784.72573692267,96059.47865962386,95835.34963627107,96093.22792585612
"(14, 16, 18)",95772.45108238545,96051.03686912186,"[27339, 2594, 2230, 1946]",1946,3,12,8,95784.45108238545,96059.03686912186,95835.07498173385,96092.78613535412
"(14, 16, 19)",95772.71683395932,96051.18335273556,"[27339, 2594, 3236, 940]",940,3,12,8,95784.71683395932,96059.18335273556,95835.34073330772,96092.93261896782
"(14, 17, 18)",95774.03958870604,96050.76652895234,"[27339, 3748, 1076, 1946]",1076,3,12,8,95786.03958870604,96058.76652895234,95836.66348805444,96092.5157951846
"(14, 17, 19)",95774.4354558671,96050.94614465514,"[27339, 3748, 2082, 940]",940,3,12,8,95786.4354558671,96058.94614465514,95837.0593552155,96092.6954108874
"(14, 18, 19)",95774.58236515192,96051.260927481,"[27339, 4824, 1006, 940]",940,3,12,8,95786.58236515192,96059.260927481,95837.20626450032,96093.01019371326
"(15, 16, 17)",95787.66643594815,96066.6079471717,"[28684, 1249, 1154, 3022]",1154,3,12,8,95799.66643594815,96074.6079471717,95850.29033529655,96108.35721340396
"(15, 16, 18)",95787.39178141094,96066.1661566697,"[28684, 1249, 2230, 1946]",1249,3,12,8,95799.39178141094,96074.1661566697,95850.01568075934,96107.91542290196
"(15, 16, 19)",95787.6575329848,96066.3126402834,"[28684, 1249, 3236, 940]",940,3,12,8,95799.6575329848,96074.3126402834,95850.2814323332,96108.06190651566
"(15, 17, 18)",95789.81233672856,96066.59458295914,"[28684, 2403, 1076, 1946]",1076,3,12,8,95801.81233672856,96074.59458295914,95852.43623607696,96108.3438491914
"(15, 17, 19)",95790.20820388962,96066.77419866194,"[28684, 2403, 2082, 940]",940,3,12,8,95802.20820388962,96074.77419866194,95852.83210323802,96108.5234648942
"(15, 18, 19)",95790.24468144383,96067.6837907123,"[28684, 3479, 1006, 940]",940,3,12,8,95802.24468144383,96075.6837907123,95852.86858079223,96109.43305694456
"(16, 17, 18)",95792.6231604534,96071.66092931866,"[29933, 1154, 1076, 1946]",1076,3,12,8,95804.6231604534,96079.66092931866,95855.2470598018,96113.41019555092
"(16, 17, 19)",95793.01902761446,96071.84054502146,"[29933, 1154, 2082, 940]",940,3,12,8,95805.01902761446,96079.84054502146,95855.64292696286,96113.58981125373
"(16, 18, 19)",95791.2247119331,96071.52606715696,"[29933, 2230, 1006, 940]",940,3,12,8,95803.2247119331,96079.52606715696,95853.8486112815,96113.27533338922
"(17, 18, 19)",95806.29452297688,96084.01309475517,"[31087, 1076, 1006, 940]",940,3,12,8,95818.29452297688,96092.01309475517,95868.91842232528,96125.76236098743
