dblp_id,0,1,2,3,4,5,6,7,8,9,10,11,12,13,14,15,16,17,18,19,20
=Ouml=zsu:M=_Tamer__1983,0.0,7.200019461162331,3.40668079401508,3.2290636986567964,0.0,2.9143644012641174,13.872617502061653,13.224045766643629,5.048483260875706,16.883716157126276,4.6144047052993615,15.465079682145843,8.470582324333895,24.38057786593359,17.55925646109865,13.126118187221572,10.822350164591086,19.100167907373773,20.07371361415263,22.57828303635325,21.782573038922727
Abdel=Wahab:Hussein_M=__1976,6.044478515578415,5.613461002135438,0.0,4.885269831969991,0.0,0.0,4.04208312582216,0.0,0.0,0.0,3.2290636986567964,0.0,2.9143644012641174,2.7745235004123305,2.6448091533287252,5.048483260875706,7.235878353054118,2.3072023526496808,8.837188389797625,16.94116464866779,26.412292688094723
Ackerman:Mark_S=__1994,0.0,0.0,4.6144047052993615,8.837188389797625,12.705873486500842,8.12685928864453,9.755142478388136,9.375798705158266,7.21490010972739,1.7363789006703432,5.0184284035381586,3.2254690051933212,10.891286519461364,3.0041352414731692,1.4510313998257118,11.220770095779333,5.426342799856521,9.189866949514972,10.169643289973786,8.620860202984346,10.74376003935878
Adali:Sibel__1996,6.352936743250421,0.0,5.853085487032883,3.7503194820633063,3.607450054863695,1.7363789006703432,1.6728094678460528,8.063672512983302,4.667694222626299,4.506202862209754,7.255156999128559,1.4025962619724166,1.35658569996413,1.312838135644996,1.2712054112467233,2.4631029151383848,7.162506692905852,5.788445453647317,4.493036099511478,2.180725335651527,1.0589091392016494
Adali:T=uuml=lay__1992,0.0,0.0,6.921607057949043,6.6278912923482185,6.352936743250421,12.190288932966794,13.657199469743391,5.62547922309496,9.018625137159235,5.20913670201103,10.036856807076315,6.4509380103866425,10.891286519461364,10.514473345156093,8.706188398954271,7.012981309862083,20.34878549946195,11.815543220804964,22.88169740244102,27.09413206652223,15.518764501296014
Adleman:Leonard_M=__1976,12.08895703115683,22.45384400854175,10.458675859539866,4.885269831969991,13.726975515824623,12.88763982016322,8.08416625164432,0.0,3.600009730581166,3.40668079401508,3.2290636986567964,6.1309007630139,0.0,2.7745235004123305,5.2896183066574505,0.0,2.4119594510180393,11.536011763248403,4.418594194898812,6.352936743250421,2.0317148221611325
Aggarwal:Sudhir__1975,6.044478515578415,0.0,0.0,0.0,0.0,0.0,0.0,0.0,0.0,3.40668079401508,6.458127397313593,3.06545038150695,5.828728802528235,2.7745235004123305,0.0,0.0,2.4119594510180393,6.921607057949043,2.209297097449406,2.117645581083474,4.063429644322265
Agrawal:Divyakant__1987,3.2290636986567964,6.1309007630139,11.65745760505647,19.421664502886316,13.224045766643629,27.766657934816383,14.471756706108236,29.99363058444585,26.51156516939287,14.823519067584316,44.697726087544915,23.41234194813153,30.00255585650645,28.85960043890956,24.309304609384803,28.4377609533829,35.480159057126535,18.670776890505195,49.56823148430729,26.118565196862814,22.441540191558666
Agrawal:Gagan__1996,2.117645581083474,4.063429644322265,7.80411398271051,11.25095844618992,14.42980021945478,12.154652304692402,23.41933254984474,20.96554853375659,20.22667496471396,24.03308193178535,20.314439597559964,7.012981309862083,14.922442699605432,21.005410170319937,26.69531363618119,29.557234981660617,25.068773425170484,11.576890907294636,16.848885373168045,19.62652802086374,5.294545696008247
Agrawala:Ashok_K=__1970,0.0,0.0,16.884130865113423,7.714444087643125,14.166099811568598,26.12332275554259,18.13343554673525,16.840383006406313,0.0,4.885269831969991,13.726975515824623,12.88763982016322,20.2104156291108,11.433109653271256,3.600009730581166,30.66012714613572,6.458127397313593,6.1309007630139,11.65745760505647,11.098094001649322,5.2896183066574505
Aiken:Alexander__1988,4.823918902036079,11.536011763248403,17.67437677959525,6.352936743250421,4.063429644322265,17.55925646109865,7.500638964126613,9.018625137159235,5.20913670201103,3.3456189356921056,8.063672512983302,1.5558980742087662,12.016540965892675,14.510313998257118,9.818173833806917,10.85268559971304,1.312838135644996,11.44084870122051,13.547066033261116,9.55000892387447,8.103823635106245
Albonesi:David_H=__1996,2.117645581083474,2.0317148221611325,1.9510284956776276,5.62547922309496,7.21490010972739,6.945515602681373,11.70966627492237,14.514610523369946,7.779490371043831,10.514473345156093,5.804125599302847,14.025962619724163,5.426342799856521,2.625676271289992,7.62723246748034,3.694654372707577,1.1937511154843088,1.1576890907294637,1.1232590248778695,0.0,1.0589091392016494
Alexander:Perry__1992,0.0,2.4119594510180393,2.3072023526496808,2.209297097449406,2.117645581083474,8.12685928864453,9.755142478388136,13.126118187221572,7.21490010972739,5.20913670201103,5.0184284035381586,8.063672512983302,3.1117961484175325,4.506202862209754,0.0,4.20778878591725,1.35658569996413,2.625676271289992,2.5424108224934465,1.2315514575691924,2.3875022309686176
Allen:James_F=__1979,5.229337929769933,9.770539663939982,9.15131701054975,17.183519760217628,12.12624937746648,7.622073102180838,3.600009730581166,6.81336158803016,9.68719109597039,0.0,5.828728802528235,0.0,18.513664073301076,5.048483260875706,2.4119594510180393,16.150416468547764,2.209297097449406,14.823519067584316,4.063429644322265,7.80411398271051,7.500638964126613
Allender:Eric__1985,3.600009730581166,10.22004238204524,6.458127397313593,12.2618015260278,17.486186407584704,22.196188003298644,10.5792366133149,5.048483260875706,9.647837804072156,11.536011763248403,6.6278912923482185,23.29410139191821,16.25371857728906,15.60822796542102,16.87643766928488,12.626075192022933,13.891031205362744,6.691237871384211,6.4509380103866425,7.779490371043831,13.51860858662926
Aloimonos:Yiannis__1987,16.14531849328398,9.19635114452085,2.9143644012641174,16.647141002473983,7.934427459986176,22.718174673940677,12.059797255090196,4.6144047052993615,17.67437677959525,6.352936743250421,8.12685928864453,23.41234194813153,7.500638964126613,25.252150384045866,5.20913670201103,6.691237871384211,8.063672512983302,7.779490371043831,6.0082704829463385,13.059282598431407,5.610385047889666
Alves=Foss:Jim__1991,5.2896183066574505,2.524241630437853,0.0,0.0,4.418594194898812,0.0,0.0,1.9510284956776276,5.62547922309496,3.607450054863695,3.4727578013406863,5.0184284035381586,3.2254690051933212,7.779490371043831,4.506202862209754,13.059282598431407,9.818173833806917,5.426342799856521,2.625676271289992,2.5424108224934465,3.694654372707577
Alvisi:Lorenzo__1996,4.235291162166948,2.0317148221611325,11.706170974065763,7.500638964126613,3.607450054863695,12.154652304692402,11.70966627492237,8.063672512983302,1.5558980742087662,7.510338103682923,7.255156999128559,12.623366357751747,6.782928499820651,7.877028813869977,3.81361623374017,4.9262058302767695,2.3875022309686176,4.630756362917854,4.493036099511478,2.180725335651527,1.0589091392016494
Amato:Nancy_M=__1995,11.04648548724703,6.352936743250421,2.0317148221611325,1.9510284956776276,11.25095844618992,21.64470032918217,22.57292570871446,15.055285210614477,14.514610523369946,23.338471113131497,13.51860858662926,17.412376797908543,12.623366357751747,8.13951419978478,2.625676271289992,7.62723246748034,7.389308745415154,15.518764501296014,13.892269088753562,19.09540342292378,16.35544001738645
Amer:Paul_D=__1979,0.0,4.885269831969991,0.0,4.295879940054407,4.04208312582216,0.0,0.0,0.0,6.458127397313593,0.0,5.828728802528235,8.323570501236992,2.6448091533287252,2.524241630437853,7.235878353054118,2.3072023526496808,0.0,4.235291162166948,4.063429644322265,5.853085487032883,5.62547922309496
Ammann:Paul__1988,2.9143644012641174,5.549047000824661,7.934427459986176,10.096966521751412,4.823918902036079,11.536011763248403,8.837188389797625,8.470582324333895,14.222003755127927,3.902056991355255,11.25095844618992,9.018625137159235,1.7363789006703432,3.3456189356921056,3.2254690051933212,1.5558980742087662,4.506202862209754,8.706188398954271,2.805192523944833,4.06975709989239,6.56419067822498
Ammar:Mostafa_H=__1985,7.200019461162331,10.22004238204524,12.916254794627186,3.06545038150695,14.571822006320588,13.872617502061653,7.934427459986176,5.048483260875706,14.471756706108236,9.228809410598725,17.67437677959525,19.058810229751263,12.190288932966794,15.60822796542102,13.126118187221572,7.21490010972739,12.154652304692402,21.746523081998685,27.41648654414323,18.670776890505195,28.539284793995108
Anderson:Charles_W=__1986,0.0,2.524241630437853,0.0,2.3072023526496808,2.209297097449406,0.0,2.0317148221611325,0.0,5.62547922309496,1.8037250274318477,0.0,0.0,1.6127345025966606,0.0,1.5020676207365846,0.0,1.4025962619724166,2.7131713999282603,0.0,2.5424108224934465,1.2315514575691924
Anderson:John_R=__1972,0.0,0.0,0.0,0.0,0.0,12.08895703115683,0.0,10.458675859539866,0.0,9.15131701054975,0.0,4.04208312582216,11.433109653271256,14.40003892232466,6.81336158803016,6.458127397313593,0.0,5.828728802528235,8.323570501236992,0.0,10.096966521751412
Anderson:Tom__1991,2.6448091533287252,7.572724891313559,0.0,0.0,4.418594194898812,2.117645581083474,0.0,1.9510284956776276,0.0,1.8037250274318477,3.4727578013406863,0.0,3.2254690051933212,3.1117961484175325,3.0041352414731692,1.4510313998257118,1.4025962619724166,4.06975709989239,1.312838135644996,0.0,1.2315514575691924
Andrews:Anneliese_Amschler__1979,4.885269831969991,4.575658505274875,8.591759880108814,8.08416625164432,15.244146204361677,3.600009730581166,6.81336158803016,0.0,0.0,0.0,8.323570501236992,5.2896183066574505,20.193933043502824,26.531553961198433,20.764821173847128,15.465079682145843,6.352936743250421,12.190288932966794,5.853085487032883,24.37707663341149,19.840975301750323
Andrews:David_L=__1992,0.0,0.0,2.3072023526496808,2.209297097449406,0.0,2.0317148221611325,0.0,0.0,0.0,0.0,5.0184284035381586,4.838203507789982,4.667694222626299,1.5020676207365846,5.804125599302847,2.805192523944833,5.426342799856521,3.938514406934989,5.084821644986893,2.4631029151383848,3.581253346452926
Angel:Edward__1968,0.0,0.0,0.0,7.714444087643125,0.0,0.0,0.0,0.0,0.0,0.0,0.0,0.0,8.08416625164432,0.0,0.0,0.0,0.0,0.0,0.0,0.0,2.6448091533287252
Antonio:John_K=__1989,2.9143644012641174,0.0,5.2896183066574505,7.572724891313559,7.235878353054118,11.536011763248403,2.209297097449406,4.235291162166948,12.190288932966794,7.80411398271051,3.7503194820633063,3.607450054863695,0.0,1.6728094678460528,1.6127345025966606,1.5558980742087662,3.0041352414731692,2.9020627996514237,0.0,1.35658569996413,2.625676271289992
Appel:Andrew_W=__1985,0.0,9.68719109597039,12.2618015260278,14.571822006320588,8.323570501236992,7.934427459986176,5.048483260875706,4.823918902036079,11.536011763248403,6.6278912923482185,8.470582324333895,6.095144466483397,3.902056991355255,5.62547922309496,9.018625137159235,6.945515602681373,3.3456189356921056,11.289141518176624,6.223592296835065,1.5020676207365846,1.4510313998257118
Ariola:Zena_M=__1992,0.0,4.823918902036079,6.921607057949043,4.418594194898812,6.352936743250421,12.190288932966794,1.9510284956776276,0.0,1.8037250274318477,1.7363789006703432,1.6728094678460528,1.6127345025966606,1.5558980742087662,1.5020676207365846,0.0,1.4025962619724166,1.35658569996413,3.938514406934989,0.0,1.2315514575691924,2.3875022309686176
Arkin:Ronald_C=__1987,3.2290636986567964,3.06545038150695,11.65745760505647,13.872617502061653,7.934427459986176,15.145449782627118,12.059797255090196,9.228809410598725,11.04648548724703,4.235291162166948,12.190288932966794,5.853085487032883,1.8751597410316532,1.8037250274318477,10.41827340402206,6.691237871384211,14.514610523369946,10.891286519461364,3.0041352414731692,2.9020627996514237,9.818173833806917
Arora:Anish__1992,2.524241630437853,4.823918902036079,11.536011763248403,6.6278912923482185,2.117645581083474,12.190288932966794,13.657199469743391,1.8751597410316532,5.411175082295543,8.681894503351716,11.70966627492237,11.289141518176624,14.003082667878896,18.024811448839017,26.118565196862814,15.428558881696585,16.27902839956956,13.12838135644996,8.898437878727062,4.9262058302767695,5.968755577421544
Arora:Sanjeev__1994,2.3072023526496808,4.418594194898812,6.352936743250421,14.222003755127927,13.657199469743391,5.62547922309496,3.607450054863695,3.4727578013406863,8.364047339230265,9.676407015579963,7.779490371043831,9.012405724419509,7.255156999128559,2.805192523944833,2.7131713999282603,3.938514406934989,7.62723246748034,6.157757287845962,13.131262270327396,2.315378181458927,4.493036099511478
Aslam:Javed_A=__1995,2.117645581083474,0.0,7.80411398271051,3.7503194820633063,9.018625137159235,6.945515602681373,1.6728094678460528,14.514610523369946,3.1117961484175325,7.510338103682923,7.255156999128559,8.4155775718345,6.782928499820651,9.189866949514972,2.5424108224934465,8.620860202984346,13.131262270327396,10.41920181656517,4.493036099511478,5.451813339128817,2.117818278403299
Aspnes:James__1992,4.823918902036079,9.228809410598725,4.418594194898812,8.470582324333895,4.063429644322265,5.853085487032883,0.0,1.8037250274318477,3.4727578013406863,6.691237871384211,3.2254690051933212,7.779490371043831,15.020676207365844,11.608251198605696,14.025962619724163,10.85268559971304,6.56419067822498,10.169643289973786,7.389308745415154,9.55000892387447,4.630756362917854
Astrachan:Owen_L=__1992,2.4119594510180393,11.536011763248403,2.209297097449406,2.117645581083474,6.095144466483397,9.755142478388136,1.8751597410316532,3.607450054863695,5.20913670201103,0.0,1.6127345025966606,3.1117961484175325,1.5020676207365846,1.4510313998257118,4.20778878591725,1.35658569996413,9.189866949514972,1.2712054112467233,3.694654372707577,5.968755577421544,4.630756362917854
Atkins:Daniel_E=__1970,11.463625938548727,0.0,9.28811371456388,16.884130865113423,7.714444087643125,14.166099811568598,0.0,0.0,5.613461002135438,10.458675859539866,0.0,9.15131701054975,4.295879940054407,12.12624937746648,3.811036551090419,3.600009730581166,3.40668079401508,3.2290636986567964,3.06545038150695,0.0,0.0
Atlee:Joanne_M=__1992,0.0,4.823918902036079,2.3072023526496808,2.209297097449406,8.470582324333895,2.0317148221611325,0.0,1.8751597410316532,5.411175082295543,0.0,1.6728094678460528,3.2254690051933212,1.5558980742087662,4.506202862209754,4.353094199477136,2.805192523944833,2.7131713999282603,2.625676271289992,3.81361623374017,1.2315514575691924,4.775004461937235
Avis:David__1977,6.044478515578415,0.0,10.458675859539866,4.885269831969991,13.726975515824623,4.295879940054407,12.12624937746648,3.811036551090419,14.40003892232466,10.22004238204524,9.68719109597039,12.2618015260278,5.828728802528235,8.323570501236992,10.5792366133149,5.048483260875706,2.4119594510180393,2.3072023526496808,4.418594194898812,10.58822790541737,2.0317148221611325
Bacchus:Fahiem__1988,3.06545038150695,8.743093203792352,8.323570501236992,7.934427459986176,5.048483260875706,9.647837804072156,13.843214115898084,11.04648548724703,10.58822790541737,2.0317148221611325,7.80411398271051,1.8751597410316532,3.607450054863695,6.945515602681373,5.0184284035381586,12.901876020773283,9.335388445252596,4.506202862209754,4.353094199477136,11.220770095779333,2.7131713999282603
Badler:Norman_I=__1975,0.0,0.0,0.0,0.0,16.840383006406313,20.917351719079733,14.655809495909972,4.575658505274875,4.295879940054407,4.04208312582216,7.622073102180838,18.000048652905825,3.40668079401508,12.916254794627186,3.06545038150695,2.9143644012641174,8.323570501236992,13.224045766643629,10.096966521751412,4.823918902036079,16.150416468547764
Baecker:Ronald__1969,0.0,0.0,0.0,0.0,6.530830688885647,0.0,16.840383006406313,5.229337929769933,14.655809495909972,9.15131701054975,4.295879940054407,0.0,0.0,0.0,0.0,0.0,3.06545038150695,0.0,2.7745235004123305,7.934427459986176,0.0
Bailey:Michael_J=__1979,0.0,0.0,0.0,0.0,7.200019461162331,0.0,0.0,0.0,0.0,0.0,2.6448091533287252,2.524241630437853,0.0,0.0,2.209297097449406,0.0,6.095144466483397,3.902056991355255,0.0,1.8037250274318477,1.7363789006703432
Bailey:Thomas_A=__1978,4.885269831969991,0.0,0.0,0.0,3.811036551090419,0.0,0.0,3.2290636986567964,0.0,2.9143644012641174,2.7745235004123305,0.0,7.572724891313559,0.0,0.0,0.0,0.0,2.0317148221611325,1.9510284956776276,0.0,0.0
Balci:Osman__1981,4.575658505274875,4.295879940054407,4.04208312582216,3.811036551090419,0.0,6.81336158803016,6.458127397313593,3.06545038150695,11.65745760505647,8.323570501236992,0.0,2.524241630437853,2.4119594510180393,2.3072023526496808,6.6278912923482185,0.0,10.158574110805665,7.80411398271051,1.8751597410316532,5.411175082295543,5.20913670201103
Ballard:Dana_H=__1974,0.0,6.530830688885647,6.044478515578415,0.0,0.0,0.0,18.3026340210995,4.295879940054407,12.12624937746648,7.622073102180838,3.600009730581166,6.81336158803016,3.2290636986567964,6.1309007630139,8.743093203792352,8.323570501236992,10.5792366133149,7.572724891313559,7.235878353054118,16.150416468547764,17.67437677959525
Banicescu:Ioana__1996,0.0,0.0,3.902056991355255,0.0,1.8037250274318477,3.4727578013406863,5.0184284035381586,4.838203507789982,3.1117961484175325,18.024811448839017,4.353094199477136,2.805192523944833,5.426342799856521,2.625676271289992,1.2712054112467233,3.694654372707577,4.775004461937235,4.630756362917854,4.493036099511478,3.2710880034772902,1.0589091392016494
Bansal:Arvind_K=__1988,6.1309007630139,2.9143644012641174,5.549047000824661,2.6448091533287252,2.524241630437853,0.0,9.228809410598725,2.209297097449406,0.0,4.063429644322265,0.0,3.7503194820633063,5.411175082295543,1.7363789006703432,0.0,3.2254690051933212,6.223592296835065,1.5020676207365846,0.0,0.0,0.0
Baral:Chitta__1991,10.5792366133149,10.096966521751412,9.647837804072156,9.228809410598725,2.209297097449406,8.470582324333895,18.28543339945019,17.55925646109865,5.62547922309496,14.42980021945478,15.62741010603309,8.364047339230265,3.2254690051933212,15.558980742087662,24.03308193178535,15.96134539808283,9.818173833806917,12.209271299677171,11.815543220804964,11.44084870122051,7.389308745415154
Barker:Ken__1990,2.7745235004123305,2.6448091533287252,2.524241630437853,4.823918902036079,4.6144047052993615,4.418594194898812,4.235291162166948,6.095144466483397,9.755142478388136,3.7503194820633063,5.411175082295543,10.41827340402206,5.0184284035381586,11.289141518176624,31.117961484175325,28.539284793995108,26.118565196862814,16.831155143669,8.13951419978478,18.379733899029944,8.898437878727062
Barr:Alan_H=__1983,3.811036551090419,0.0,3.40668079401508,16.14531849328398,6.1309007630139,5.828728802528235,2.7745235004123305,5.2896183066574505,7.572724891313559,4.823918902036079,0.0,6.6278912923482185,0.0,2.0317148221611325,1.9510284956776276,5.62547922309496,3.607450054863695,6.945515602681373,6.691237871384211,3.2254690051933212,0.0
Bassiouni:Mostafa_A=__1982,4.295879940054407,4.04208312582216,0.0,3.600009730581166,10.22004238204524,9.68719109597039,15.327251907534748,5.828728802528235,5.549047000824661,2.6448091533287252,5.048483260875706,7.235878353054118,2.3072023526496808,2.209297097449406,0.0,6.095144466483397,1.9510284956776276,5.62547922309496,3.607450054863695,5.20913670201103,6.691237871384211
Bastani:Farokh_B=__1980,0.0,4.575658505274875,4.295879940054407,0.0,3.811036551090419,10.800029191743496,3.40668079401508,9.68719109597039,15.327251907534748,2.9143644012641174,2.7745235004123305,10.5792366133149,10.096966521751412,24.11959451018039,11.536011763248403,11.04648548724703,8.470582324333895,6.095144466483397,0.0,1.8751597410316532,9.018625137159235
Basu:Anup__1990,2.7745235004123305,5.2896183066574505,7.572724891313559,14.471756706108236,6.921607057949043,19.883673877044657,10.58822790541737,6.095144466483397,7.80411398271051,7.500638964126613,7.21490010972739,10.41827340402206,20.07371361415263,17.740079528563268,17.11487881629643,13.51860858662926,23.21650239721139,12.623366357751747,10.85268559971304,6.56419067822498,7.62723246748034
Bazzi:Rida_A=__1994,0.0,2.117645581083474,8.12685928864453,0.0,3.7503194820633063,3.607450054863695,5.20913670201103,1.6728094678460528,1.6127345025966606,6.223592296835065,6.0082704829463385,5.804125599302847,4.20778878591725,1.35658569996413,5.251352542579984,2.5424108224934465,2.4631029151383848,1.1937511154843088,2.315378181458927,1.1232590248778695,4.361450671303054
Beame:Paul__1987,3.2290636986567964,3.06545038150695,8.743093203792352,16.647141002473983,2.6448091533287252,7.572724891313559,7.235878353054118,6.921607057949043,4.418594194898812,12.705873486500842,4.063429644322265,19.510284956776275,7.500638964126613,3.607450054863695,6.945515602681373,10.036856807076315,6.4509380103866425,9.335388445252596,9.012405724419509,2.9020627996514237,7.012981309862083
Beck:Micah__1992,0.0,0.0,0.0,2.209297097449406,0.0,0.0,3.902056991355255,9.375798705158266,1.8037250274318477,8.681894503351716,16.72809467846053,12.901876020773283,4.667694222626299,6.0082704829463385,2.9020627996514237,2.805192523944833,1.35658569996413,0.0,0.0,0.0,1.1937511154843088
Bederson:Benjamin_B=__1992,11.04648548724703,4.235291162166948,2.0317148221611325,7.80411398271051,7.500638964126613,7.21490010972739,3.4727578013406863,13.382475742768422,17.740079528563268,18.670776890505195,10.514473345156093,14.510313998257118,9.818173833806917,6.782928499820651,7.877028813869977,5.084821644986893,6.157757287845962,2.3875022309686176,3.4730672721883904,3.3697770746336086,3.2710880034772902
Beek:Peter_van__1990,5.549047000824661,7.934427459986176,5.048483260875706,2.4119594510180393,4.6144047052993615,6.6278912923482185,2.117645581083474,6.095144466483397,3.902056991355255,3.7503194820633063,0.0,8.681894503351716,1.6728094678460528,4.838203507789982,6.223592296835065,7.510338103682923,10.157219798779982,4.20778878591725,12.209271299677171,2.625676271289992,2.5424108224934465
Belhumeur:Peter_N=__1993,2.3072023526496808,2.209297097449406,12.705873486500842,4.063429644322265,9.755142478388136,11.25095844618992,3.607450054863695,8.681894503351716,3.3456189356921056,4.838203507789982,7.779490371043831,12.016540965892675,10.157219798779982,8.4155775718345,6.782928499820651,5.251352542579984,2.5424108224934465,4.9262058302767695,4.775004461937235,6.946134544376781,2.246518049755739
Bengio:Yoshua__1991,7.235878353054118,11.536011763248403,11.04648548724703,4.235291162166948,14.222003755127927,9.755142478388136,9.375798705158266,16.23352524688663,10.41827340402206,11.70966627492237,12.901876020773283,10.891286519461364,10.514473345156093,5.804125599302847,9.818173833806917,8.13951419978478,14.441219492094955,13.983259523713956,25.86258060895304,16.712515616780323,24.311470905318732
Berman:Francine__1979,5.229337929769933,4.885269831969991,4.575658505274875,4.295879940054407,0.0,0.0,3.600009730581166,3.40668079401508,9.68719109597039,3.06545038150695,0.0,8.323570501236992,0.0,0.0,12.059797255090196,4.6144047052993615,0.0,8.470582324333895,4.063429644322265,3.902056991355255,11.25095844618992
Berry:Daniel_M=__1974,0.0,0.0,0.0,0.0,6.530830688885647,12.08895703115683,16.840383006406313,15.6880137893098,4.885269831969991,9.15131701054975,4.295879940054407,8.08416625164432,0.0,18.000048652905825,0.0,12.916254794627186,3.06545038150695,2.9143644012641174,5.549047000824661,5.2896183066574505,2.524241630437853
Bestavros:Azer__1992,7.934427459986176,0.0,0.0,4.6144047052993615,6.6278912923482185,25.411746973001684,24.38057786593359,7.80411398271051,7.500638964126613,10.822350164591086,6.945515602681373,11.70966627492237,9.676407015579963,10.891286519461364,9.012405724419509,11.608251198605696,16.831155143669,8.13951419978478,6.56419067822498,11.44084870122051,8.620860202984346
Bettati:Riccardo__1994,2.209297097449406,6.352936743250421,4.063429644322265,3.902056991355255,9.375798705158266,9.018625137159235,8.681894503351716,1.6728094678460528,11.289141518176624,9.335388445252596,18.024811448839017,7.255156999128559,4.20778878591725,8.13951419978478,5.251352542579984,6.356027056233616,1.2315514575691924,1.1937511154843088,0.0,1.1232590248778695,0.0
Beveridge:J=_Ross__1993,2.4119594510180393,0.0,4.418594194898812,4.235291162166948,8.12685928864453,5.853085487032883,1.8751597410316532,9.018625137159235,5.20913670201103,8.364047339230265,8.063672512983302,3.1117961484175325,4.506202862209754,4.353094199477136,4.20778878591725,5.426342799856521,6.56419067822498,6.356027056233616,6.157757287845962,2.3875022309686176,4.630756362917854
Bhandarkar:Suchendra_M=__1989,0.0,2.7745235004123305,7.934427459986176,12.621208152189263,2.4119594510180393,6.921607057949043,15.465079682145843,19.058810229751263,12.190288932966794,7.80411398271051,7.500638964126613,9.018625137159235,5.20913670201103,3.3456189356921056,6.4509380103866425,6.223592296835065,16.52274382810243,14.510313998257118,15.428558881696585,6.782928499820651,9.189866949514972
Bhattacharya:Binay_K=__1982,4.295879940054407,12.12624937746648,0.0,0.0,0.0,0.0,12.2618015260278,2.9143644012641174,0.0,21.1584732266298,5.048483260875706,4.823918902036079,2.3072023526496808,2.209297097449406,4.235291162166948,8.12685928864453,3.902056991355255,5.62547922309496,5.411175082295543,5.20913670201103,8.364047339230265
Bhuyan:Laxmi_N=__1982,21.479399700272033,12.12624937746648,7.622073102180838,18.000048652905825,6.81336158803016,22.603445890597577,9.19635114452085,17.486186407584704,16.647141002473983,15.868854919972351,12.621208152189263,21.707635059162353,11.536011763248403,22.09297097449406,8.470582324333895,4.063429644322265,3.902056991355255,9.375798705158266,12.626075192022933,3.4727578013406863,6.691237871384211
Biswas:Gautam__1983,0.0,3.811036551090419,10.800029191743496,3.40668079401508,25.83250958925437,9.19635114452085,26.229279611377056,13.872617502061653,2.6448091533287252,5.048483260875706,7.235878353054118,2.3072023526496808,2.209297097449406,6.352936743250421,10.158574110805665,3.902056991355255,9.375798705158266,16.23352524688663,5.20913670201103,10.036856807076315,9.676407015579963
Bonner:Anthony_J=__1991,2.6448091533287252,5.048483260875706,4.823918902036079,6.921607057949043,4.418594194898812,8.470582324333895,14.222003755127927,7.80411398271051,3.7503194820633063,1.8037250274318477,3.4727578013406863,0.0,0.0,3.1117961484175325,0.0,2.9020627996514237,2.805192523944833,1.35658569996413,6.56419067822498,1.2712054112467233,1.2315514575691924
Boppana:Rajendra_V=__1991,10.5792366133149,0.0,7.235878353054118,9.228809410598725,8.837188389797625,4.235291162166948,4.063429644322265,1.9510284956776276,3.7503194820633063,1.8037250274318477,3.4727578013406863,1.6728094678460528,3.2254690051933212,3.1117961484175325,6.0082704829463385,4.353094199477136,11.220770095779333,2.7131713999282603,3.938514406934989,0.0,1.2315514575691924
Borgida:Alexander__1977,9.15131701054975,8.591759880108814,4.04208312582216,11.433109653271256,46.80012649755515,3.40668079401508,6.458127397313593,6.1309007630139,20.400550808848823,5.549047000824661,2.6448091533287252,17.66969141306497,4.823918902036079,6.921607057949043,6.6278912923482185,8.470582324333895,6.095144466483397,5.853085487032883,11.25095844618992,7.21490010972739,3.4727578013406863
Bose:Bella__1980,4.885269831969991,0.0,8.591759880108814,0.0,11.433109653271256,3.600009730581166,3.40668079401508,0.0,3.06545038150695,5.828728802528235,8.323570501236992,7.934427459986176,7.572724891313559,7.235878353054118,6.921607057949043,4.418594194898812,8.470582324333895,8.12685928864453,11.706170974065763,7.500638964126613,9.018625137159235
Boult:Terrance_E=__1986,3.40668079401508,3.2290636986567964,9.19635114452085,8.743093203792352,5.549047000824661,7.934427459986176,5.048483260875706,4.823918902036079,11.536011763248403,2.209297097449406,6.352936743250421,6.095144466483397,5.853085487032883,3.7503194820633063,7.21490010972739,1.7363789006703432,6.691237871384211,3.2254690051933212,7.779490371043831,3.0041352414731692,5.804125599302847
Boutilier:Craig__1992,2.6448091533287252,12.621208152189263,12.059797255090196,16.150416468547764,11.04648548724703,19.058810229751263,14.222003755127927,11.706170974065763,16.87643766928488,12.626075192022933,12.154652304692402,8.364047339230265,17.740079528563268,12.44718459367013,9.012405724419509,8.706188398954271,11.220770095779333,9.496099899748913,9.189866949514972,8.898437878727062,14.778617490830309
Bradley:Elizabeth__1992,0.0,0.0,0.0,4.418594194898812,2.117645581083474,2.0317148221611325,7.80411398271051,5.62547922309496,1.8037250274318477,5.20913670201103,0.0,1.6127345025966606,3.1117961484175325,1.5020676207365846,0.0,2.805192523944833,1.35658569996413,1.312838135644996,3.81361623374017,6.157757287845962,2.3875022309686176
Branicky:Michael_S=__1995,6.352936743250421,2.0317148221611325,0.0,3.7503194820633063,3.607450054863695,5.20913670201103,5.0184284035381586,1.6127345025966606,3.1117961484175325,4.506202862209754,4.353094199477136,2.805192523944833,5.426342799856521,3.938514406934989,0.0,2.4631029151383848,2.3875022309686176,1.1576890907294637,0.0,0.0,2.117818278403299
Brassard:Gilles__1979,10.458675859539866,4.885269831969991,9.15131701054975,8.591759880108814,4.04208312582216,3.811036551090419,3.600009730581166,17.0334039700754,6.458127397313593,18.3927022890417,20.400550808848823,11.098094001649322,13.224045766643629,5.048483260875706,4.823918902036079,2.3072023526496808,8.837188389797625,8.470582324333895,10.158574110805665,7.80411398271051,0.0
Brent:Michael_R=__1991,7.934427459986176,0.0,2.4119594510180393,0.0,0.0,2.117645581083474,0.0,0.0,1.8751597410316532,0.0,5.20913670201103,1.6728094678460528,1.6127345025966606,0.0,3.0041352414731692,2.9020627996514237,1.4025962619724166,1.35658569996413,5.251352542579984,0.0,1.2315514575691924
Brockman:Jay_B=__1992,2.524241630437853,2.4119594510180393,0.0,6.6278912923482185,6.352936743250421,0.0,3.902056991355255,5.62547922309496,0.0,3.4727578013406863,0.0,3.2254690051933212,3.1117961484175325,1.5020676207365846,1.4510313998257118,1.4025962619724166,4.06975709989239,2.625676271289992,0.0,3.694654372707577,2.3875022309686176
Brodley:Carla_E=__1994,2.3072023526496808,6.6278912923482185,2.117645581083474,6.095144466483397,7.80411398271051,16.87643766928488,9.018625137159235,3.4727578013406863,3.3456189356921056,8.063672512983302,7.779490371043831,4.506202862209754,5.804125599302847,2.805192523944833,2.7131713999282603,5.251352542579984,6.356027056233616,3.694654372707577,5.968755577421544,1.1576890907294637,4.493036099511478
Brown:Christopher_M=__1972,14.166099811568598,0.0,6.044478515578415,5.613461002135438,0.0,0.0,4.575658505274875,0.0,12.12624937746648,0.0,0.0,0.0,9.68719109597039,3.06545038150695,0.0,11.098094001649322,10.5792366133149,12.621208152189263,4.823918902036079,2.3072023526496808,4.418594194898812
Brown:David_C=__1984,0.0,6.81336158803016,6.458127397313593,0.0,8.743093203792352,0.0,2.6448091533287252,0.0,2.4119594510180393,4.6144047052993615,4.418594194898812,6.352936743250421,2.0317148221611325,9.755142478388136,1.8751597410316532,3.607450054863695,1.7363789006703432,3.3456189356921056,1.6127345025966606,3.1117961484175325,0.0
Brown:Geoffrey__1987,0.0,0.0,0.0,2.7745235004123305,0.0,2.524241630437853,2.4119594510180393,2.3072023526496808,2.209297097449406,4.235291162166948,4.063429644322265,0.0,0.0,1.8037250274318477,0.0,0.0,0.0,0.0,4.506202862209754,2.9020627996514237,1.4025962619724166
Bryant:Randal_E=__1981,4.575658505274875,0.0,0.0,3.811036551090419,10.800029191743496,3.40668079401508,9.68719109597039,9.19635114452085,14.571822006320588,11.098094001649322,18.513664073301076,5.048483260875706,12.059797255090196,4.6144047052993615,13.255782584696435,8.470582324333895,12.190288932966794,17.55925646109865,15.001277928253224,9.018625137159235,15.62741010603309
Budd:Timothy_A=__1980,4.885269831969991,0.0,8.591759880108814,4.04208312582216,7.622073102180838,7.200019461162331,0.0,0.0,3.06545038150695,2.9143644012641174,0.0,5.2896183066574505,2.524241630437853,0.0,2.3072023526496808,2.209297097449406,0.0,0.0,1.9510284956776276,0.0,1.8037250274318477
Burnett:Margaret_M=__1991,5.2896183066574505,7.572724891313559,7.235878353054118,11.536011763248403,6.6278912923482185,6.352936743250421,10.158574110805665,9.755142478388136,3.7503194820633063,10.822350164591086,10.41827340402206,21.746523081998685,12.901876020773283,9.335388445252596,13.51860858662926,18.863408197734255,16.831155143669,12.209271299677171,10.502705085159969,16.525670346207402,13.547066033261116
Burton:Robert_P=__1973,7.714444087643125,0.0,0.0,0.0,0.0,0.0,0.0,0.0,4.295879940054407,0.0,0.0,0.0,0.0,3.2290636986567964,3.06545038150695,0.0,2.7745235004123305,0.0,0.0,0.0,0.0
Buss:Samuel_R=__1985,6.1309007630139,0.0,5.549047000824661,10.5792366133149,5.048483260875706,4.823918902036079,11.536011763248403,8.837188389797625,6.352936743250421,6.095144466483397,5.853085487032883,7.500638964126613,3.607450054863695,8.681894503351716,3.3456189356921056,3.2254690051933212,1.5558980742087662,4.506202862209754,1.4510313998257118,0.0,2.7131713999282603
Bylander:Tom__1986,3.40668079401508,12.916254794627186,6.1309007630139,11.65745760505647,2.7745235004123305,21.1584732266298,2.524241630437853,4.823918902036079,4.6144047052993615,0.0,2.117645581083474,8.12685928864453,1.9510284956776276,1.8751597410316532,0.0,0.0,1.6728094678460528,0.0,0.0,0.0,2.9020627996514237
Cai:Jin=Yi__1986,10.22004238204524,12.916254794627186,9.19635114452085,23.31491521011294,13.872617502061653,10.5792366133149,12.621208152189263,4.823918902036079,20.764821173847128,13.255782584696435,10.58822790541737,10.158574110805665,15.60822796542102,28.1273961154748,10.822350164591086,10.41827340402206,3.3456189356921056,12.901876020773283,10.891286519461364,7.510338103682923,13.059282598431407
Calvert:Kenneth_L=__1991,0.0,2.524241630437853,4.823918902036079,6.921607057949043,4.418594194898812,6.352936743250421,16.25371857728906,9.755142478388136,3.7503194820633063,3.607450054863695,3.4727578013406863,11.70966627492237,8.063672512983302,7.779490371043831,1.5020676207365846,10.157219798779982,8.4155775718345,2.7131713999282603,2.625676271289992,2.5424108224934465,1.2315514575691924
Calvin:James_M=__1990,0.0,0.0,0.0,0.0,4.823918902036079,4.6144047052993615,0.0,4.235291162166948,4.063429644322265,3.902056991355255,5.62547922309496,1.8037250274318477,8.681894503351716,1.6728094678460528,1.6127345025966606,6.223592296835065,1.5020676207365846,4.353094199477136,4.20778878591725,0.0,2.625676271289992
Camp:Tracy__1993,2.4119594510180393,0.0,4.418594194898812,2.117645581083474,6.095144466483397,7.80411398271051,9.375798705158266,5.411175082295543,1.7363789006703432,10.036856807076315,1.6127345025966606,10.891286519461364,9.012405724419509,4.353094199477136,2.805192523944833,2.7131713999282603,3.938514406934989,3.81361623374017,6.157757287845962,9.55000892387447,4.630756362917854
Canny:John_F=__1987,9.68719109597039,18.3927022890417,14.571822006320588,8.323570501236992,29.092900686615977,22.718174673940677,19.295675608144315,25.37922587914649,11.04648548724703,12.705873486500842,18.28543339945019,7.80411398271051,1.8751597410316532,3.607450054863695,12.154652304692402,8.364047339230265,1.6127345025966606,6.223592296835065,9.012405724419509,14.510313998257118,15.428558881696585
Cappello:Peter_R=__1982,0.0,12.12624937746648,3.811036551090419,3.600009730581166,0.0,9.68719109597039,12.2618015260278,8.743093203792352,5.549047000824661,2.6448091533287252,10.096966521751412,2.4119594510180393,9.228809410598725,4.418594194898812,2.117645581083474,2.0317148221611325,3.902056991355255,3.7503194820633063,7.21490010972739,1.7363789006703432,5.0184284035381586
Carbonell:Jaime_G=__1979,15.6880137893098,34.196888823789934,27.45395103164925,17.183519760217628,28.29458188075512,11.433109653271256,0.0,13.62672317606032,12.916254794627186,6.1309007630139,14.571822006320588,0.0,13.224045766643629,5.048483260875706,4.823918902036079,6.921607057949043,4.418594194898812,0.0,2.0317148221611325,5.853085487032883,3.7503194820633063
Cardie:Claire__1994,0.0,2.209297097449406,0.0,10.158574110805665,3.902056991355255,7.500638964126613,9.018625137159235,1.7363789006703432,1.6728094678460528,4.838203507789982,3.1117961484175325,9.012405724419509,4.353094199477136,4.20778878591725,9.496099899748913,2.625676271289992,5.084821644986893,7.389308745415154,7.162506692905852,11.576890907294636,17.972144398045913
Carey:Michael_J=__1983,12.12624937746648,15.244146204361677,21.600058383486992,23.84676555810556,25.83250958925437,9.19635114452085,20.400550808848823,36.068805505360295,15.868854919972351,25.24241630437853,26.531553961198433,23.072023526496807,8.837188389797625,10.58822790541737,22.348863043772457,9.755142478388136,7.500638964126613,18.03725027431847,6.945515602681373,5.0184284035381586,4.838203507789982
Carr:Steve__1993,0.0,6.921607057949043,4.418594194898812,6.352936743250421,6.095144466483397,1.9510284956776276,1.8751597410316532,7.21490010972739,1.7363789006703432,6.691237871384211,4.838203507789982,4.667694222626299,4.506202862209754,2.9020627996514237,0.0,0.0,0.0,0.0,0.0,0.0,0.0
Cercone:Nick__1975,7.083049905784299,0.0,6.044478515578415,0.0,0.0,0.0,0.0,0.0,8.08416625164432,3.811036551090419,10.800029191743496,6.81336158803016,3.2290636986567964,3.06545038150695,8.743093203792352,2.7745235004123305,5.2896183066574505,5.048483260875706,12.059797255090196,11.536011763248403,13.255782584696435
Chang:Richard__1991,5.048483260875706,4.823918902036079,6.921607057949043,6.6278912923482185,4.235291162166948,6.095144466483397,0.0,1.8751597410316532,0.0,5.20913670201103,0.0,3.2254690051933212,0.0,0.0,0.0,2.805192523944833,6.782928499820651,1.312838135644996,0.0,7.389308745415154,3.581253346452926
Chang:Shih=Fu__1993,2.4119594510180393,6.921607057949043,13.255782584696435,27.52939255408516,38.60258162106152,29.265427435164415,24.37707663341149,30.66332546634141,32.99119911273652,30.11057042122895,17.740079528563268,31.117961484175325,16.52274382810243,21.765470997385677,28.05192523944833,23.06195689939021,15.754057627739954,13.983259523713956,18.473271863537885,25.068773425170484,20.83840363313034
Char:Bruce_W=__1980,4.575658505274875,0.0,4.04208312582216,3.811036551090419,0.0,10.22004238204524,6.458127397313593,3.06545038150695,8.743093203792352,2.7745235004123305,0.0,2.524241630437853,0.0,2.3072023526496808,0.0,0.0,0.0,1.9510284956776276,1.8751597410316532,0.0,0.0
Charniak:Eugene__1972,11.226922004270875,0.0,0.0,18.3026340210995,8.591759880108814,8.08416625164432,0.0,0.0,6.81336158803016,0.0,6.1309007630139,5.828728802528235,8.323570501236992,10.5792366133149,2.524241630437853,7.235878353054118,4.6144047052993615,4.418594194898812,4.235291162166948,4.063429644322265,3.902056991355255
Chase:Jeffrey_S=__1995,0.0,2.117645581083474,4.063429644322265,5.853085487032883,5.62547922309496,5.411175082295543,12.154652304692402,18.40090414630658,9.676407015579963,12.44718459367013,9.012405724419509,11.608251198605696,4.20778878591725,4.06975709989239,2.625676271289992,1.2712054112467233,6.157757287845962,2.3875022309686176,0.0,2.246518049755739,2.180725335651527
Chatterjee:Samir__1994,0.0,0.0,0.0,6.095144466483397,3.902056991355255,3.7503194820633063,1.8037250274318477,0.0,1.6728094678460528,6.4509380103866425,7.779490371043831,6.0082704829463385,4.353094199477136,4.20778878591725,12.209271299677171,1.312838135644996,2.5424108224934465,2.4631029151383848,5.968755577421544,4.630756362917854,3.3697770746336086
Chazelle:Bernard__1980,4.295879940054407,28.29458188075512,30.488292408723353,50.40013622813632,34.0668079401508,25.83250958925437,15.327251907534748,23.31491521011294,30.51975850453564,23.803282379958528,17.66969141306497,21.707635059162353,20.764821173847128,17.67437677959525,10.58822790541737,10.158574110805665,7.80411398271051,5.62547922309496,9.018625137159235,10.41827340402206,6.691237871384211
Chechik:Marsha__1996,2.117645581083474,0.0,1.9510284956776276,5.62547922309496,1.8037250274318477,17.36378900670343,8.364047339230265,14.514610523369946,4.667694222626299,10.514473345156093,13.059282598431407,15.428558881696585,13.5658569996413,7.877028813869977,11.44084870122051,3.694654372707577,19.10001784774894,17.365336360941953,8.986072199022956,18.53616535303798,9.530182252814845
Chelberg:David_M=__1989,2.9143644012641174,2.7745235004123305,0.0,2.524241630437853,0.0,2.3072023526496808,4.418594194898812,4.235291162166948,0.0,3.902056991355255,3.7503194820633063,0.0,1.7363789006703432,8.364047339230265,3.2254690051933212,4.667694222626299,4.506202862209754,2.9020627996514237,2.805192523944833,0.0,0.0
Chen:Danny_Ziyi__1992,2.524241630437853,19.295675608144315,6.921607057949043,28.72086226684228,25.411746973001684,10.158574110805665,21.461313452453904,9.375798705158266,14.42980021945478,26.04568351005515,18.40090414630658,16.127345025966605,15.558980742087662,15.020676207365844,15.96134539808283,15.428558881696585,10.85268559971304,11.815543220804964,7.62723246748034,25.86258060895304,15.518764501296014
Chen:Jianer__1990,2.7745235004123305,10.5792366133149,10.096966521751412,12.059797255090196,6.921607057949043,11.04648548724703,8.470582324333895,22.348863043772457,1.9510284956776276,18.75159741031653,12.626075192022933,19.100167907373773,16.72809467846053,24.19101753894991,24.89436918734026,18.024811448839017,17.412376797908543,26.64932897747591,37.98439959899565,24.94392457725493,22.88169740244102
Chen:Jim_X=__1995,2.209297097449406,0.0,4.063429644322265,0.0,16.87643766928488,1.8037250274318477,6.945515602681373,6.691237871384211,9.676407015579963,6.223592296835065,7.510338103682923,10.157219798779982,7.012981309862083,8.13951419978478,3.938514406934989,11.44084870122051,1.2315514575691924,2.3875022309686176,4.630756362917854,2.246518049755739,4.361450671303054
Chen:Peter_M=__1992,2.4119594510180393,9.228809410598725,2.209297097449406,6.352936743250421,6.095144466483397,5.853085487032883,5.62547922309496,3.607450054863695,3.4727578013406863,3.3456189356921056,3.2254690051933212,1.5558980742087662,7.510338103682923,4.353094199477136,1.4025962619724166,5.426342799856521,1.312838135644996,5.084821644986893,3.694654372707577,2.3875022309686176,2.315378181458927
Chen:Peter_P=__1973,7.714444087643125,7.083049905784299,6.530830688885647,12.08895703115683,5.613461002135438,10.458675859539866,4.885269831969991,18.3026340210995,0.0,8.08416625164432,3.811036551090419,7.200019461162331,10.22004238204524,6.458127397313593,0.0,2.9143644012641174,0.0,0.0,2.524241630437853,0.0,0.0
Cheng:Fuhua_=Frank=__1982,3.40668079401508,0.0,0.0,2.9143644012641174,2.7745235004123305,5.2896183066574505,2.524241630437853,2.4119594510180393,2.3072023526496808,2.209297097449406,2.117645581083474,4.063429644322265,5.853085487032883,1.8751597410316532,3.607450054863695,10.41827340402206,1.6728094678460528,3.2254690051933212,4.667694222626299,3.0041352414731692,8.706188398954271
Cheng:Heng=Da__1985,0.0,0.0,2.9143644012641174,2.7745235004123305,5.2896183066574505,0.0,2.4119594510180393,0.0,8.837188389797625,6.352936743250421,4.063429644322265,15.60822796542102,3.7503194820633063,5.411175082295543,1.7363789006703432,5.0184284035381586,1.6127345025966606,0.0,1.5020676207365846,1.4510313998257118,1.4025962619724166
Cheriton:David_R=__1978,0.0,5.229337929769933,0.0,0.0,0.0,8.08416625164432,19.055182755452098,25.20006811406816,23.84676555810556,16.14531849328398,18.3927022890417,14.571822006320588,8.323570501236992,7.934427459986176,7.572724891313559,2.4119594510180393,11.536011763248403,8.837188389797625,10.58822790541737,0.0,1.9510284956776276
Chin:David_N=__1987,6.1309007630139,2.9143644012641174,0.0,0.0,7.572724891313559,2.4119594510180393,4.6144047052993615,2.209297097449406,2.117645581083474,4.063429644322265,0.0,1.8751597410316532,5.411175082295543,6.945515602681373,1.6728094678460528,3.2254690051933212,3.1117961484175325,0.0,0.0,2.805192523944833,0.0
Choi:Kyusun__1993,0.0,0.0,0.0,0.0,0.0,0.0,0.0,0.0,0.0,3.3456189356921056,3.2254690051933212,1.5558980742087662,0.0,0.0,0.0,1.35658569996413,1.312838135644996,0.0,0.0,0.0,0.0
Chomicki:Jan__1990,5.549047000824661,0.0,7.572724891313559,4.823918902036079,13.843214115898084,13.255782584696435,4.235291162166948,2.0317148221611325,9.755142478388136,9.375798705158266,5.411175082295543,5.20913670201103,6.691237871384211,14.514610523369946,6.223592296835065,7.510338103682923,5.804125599302847,5.610385047889666,5.426342799856521,10.502705085159969,1.2712054112467233
Choudhary:Alok_N=__1989,8.743093203792352,8.323570501236992,13.224045766643629,25.24241630437853,45.82722956934275,23.072023526496807,28.72086226684228,27.52939255408516,48.76115573186718,46.82468389626306,46.87899352579133,37.8782255760688,29.518441311395833,31.783379889075004,24.19101753894991,20.22667496471396,27.03721717325852,18.863408197734255,19.636347667613833,17.63561409953369,17.06689576338495
Christensen:Kenneth_J=__1991,2.209297097449406,2.117645581083474,6.095144466483397,11.706170974065763,11.25095844618992,7.21490010972739,8.681894503351716,8.364047339230265,6.4509380103866425,14.003082667878896,7.510338103682923,7.255156999128559,5.610385047889666,5.426342799856521,3.938514406934989,3.81361623374017,9.85241166055354,5.968755577421544,1.1576890907294637,4.493036099511478,1.0903626678257634
Chung:Anthony__1992,2.524241630437853,4.823918902036079,2.3072023526496808,2.209297097449406,0.0,0.0,1.9510284956776276,1.8751597410316532,1.8037250274318477,1.7363789006703432,0.0,3.2254690051933212,0.0,1.5020676207365846,1.4510313998257118,0.0,1.35658569996413,0.0,0.0,1.2315514575691924,0.0
Chung:Lawrence__1993,0.0,6.6278912923482185,2.117645581083474,2.0317148221611325,0.0,7.500638964126613,0.0,5.20913670201103,3.3456189356921056,12.901876020773283,9.335388445252596,21.028946690312186,14.510313998257118,8.4155775718345,4.06975709989239,7.877028813869977,7.62723246748034,2.4631029151383848,7.162506692905852,10.41920181656517,2.246518049755739
Chung:Soon_Myoung__1990,0.0,2.7745235004123305,2.6448091533287252,10.096966521751412,24.11959451018039,4.6144047052993615,8.837188389797625,8.470582324333895,4.063429644322265,5.853085487032883,3.7503194820633063,1.8037250274318477,5.20913670201103,6.691237871384211,3.2254690051933212,4.667694222626299,7.510338103682923,4.353094199477136,5.610385047889666,9.496099899748913,7.877028813869977
Chv=aacute=tal:Vasek__1970,0.0,0.0,6.530830688885647,12.08895703115683,5.613461002135438,5.229337929769933,4.885269831969991,4.575658505274875,0.0,8.08416625164432,3.811036551090419,7.200019461162331,0.0,12.916254794627186,6.1309007630139,0.0,13.872617502061653,2.6448091533287252,5.048483260875706,2.4119594510180393,0.0
Ciardo:Gianfranco__1989,2.524241630437853,19.295675608144315,6.921607057949043,6.6278912923482185,2.117645581083474,8.12685928864453,1.9510284956776276,9.375798705158266,10.822350164591086,8.681894503351716,6.691237871384211,8.063672512983302,9.335388445252596,7.510338103682923,8.706188398954271,9.818173833806917,2.7131713999282603,10.502705085159969,1.2712054112467233,8.620860202984346,3.581253346452926
Clarke:Charles_L=_A=__1996,4.235291162166948,6.095144466483397,7.80411398271051,9.375798705158266,10.822350164591086,5.20913670201103,6.691237871384211,8.063672512983302,15.558980742087662,13.51860858662926,13.059282598431407,14.025962619724163,4.06975709989239,18.379733899029944,6.356027056233616,13.547066033261116,13.131262270327396,17.365336360941953,8.986072199022956,19.62652802086374,10.589091392016494
Clarke:Lori_A=__1976,6.530830688885647,0.0,0.0,5.229337929769933,0.0,4.575658505274875,4.295879940054407,4.04208312582216,3.811036551090419,18.000048652905825,0.0,3.2290636986567964,12.2618015260278,11.65745760505647,8.323570501236992,2.6448091533287252,2.524241630437853,4.823918902036079,2.3072023526496808,2.209297097449406,14.823519067584316
Cleaveland:Rance__1987,8.743093203792352,16.647141002473983,7.934427459986176,12.621208152189263,12.059797255090196,13.843214115898084,13.255782584696435,31.764683716252108,8.12685928864453,9.755142478388136,18.75159741031653,12.626075192022933,10.41827340402206,10.036856807076315,8.063672512983302,6.223592296835065,10.514473345156093,7.255156999128559,2.805192523944833,2.7131713999282603,5.251352542579984
Clement:Mark_J=__1994,0.0,8.837188389797625,8.470582324333895,8.12685928864453,5.853085487032883,16.87643766928488,5.411175082295543,8.681894503351716,5.0184284035381586,0.0,4.667694222626299,0.0,2.9020627996514237,7.012981309862083,4.06975709989239,6.56419067822498,6.356027056233616,1.2315514575691924,3.581253346452926,5.788445453647317,3.3697770746336086
Clifton:Chris__1991,2.6448091533287252,0.0,7.235878353054118,2.3072023526496808,8.837188389797625,2.117645581083474,4.063429644322265,5.853085487032883,5.62547922309496,5.411175082295543,6.945515602681373,5.0184284035381586,9.676407015579963,15.558980742087662,13.51860858662926,4.353094199477136,7.012981309862083,9.496099899748913,10.502705085159969,5.084821644986893,7.389308745415154
Cobb:Jorge_Arturo__1996,0.0,6.352936743250421,8.12685928864453,3.902056991355255,7.500638964126613,3.607450054863695,5.20913670201103,10.036856807076315,1.6127345025966606,4.667694222626299,9.012405724419509,2.9020627996514237,4.20778878591725,4.06975709989239,2.625676271289992,3.81361623374017,6.157757287845962,2.3875022309686176,2.315378181458927,4.493036099511478,3.2710880034772902
Cohen:Robin__1983,0.0,9.68719109597039,3.06545038150695,0.0,2.7745235004123305,15.868854919972351,2.524241630437853,2.4119594510180393,2.3072023526496808,2.209297097449406,6.352936743250421,0.0,3.902056991355255,0.0,3.607450054863695,1.7363789006703432,6.691237871384211,4.838203507789982,4.667694222626299,6.0082704829463385,13.059282598431407
Colbourn:Charles_J=__1980,4.885269831969991,9.15131701054975,4.295879940054407,16.16833250328864,11.433109653271256,14.40003892232466,6.81336158803016,3.2290636986567964,18.3927022890417,26.229279611377056,22.196188003298644,18.513664073301076,25.24241630437853,31.35547286323451,6.921607057949043,13.255782584696435,14.823519067584316,14.222003755127927,11.706170974065763,7.500638964126613,16.23352524688663
Condon:Anne__1987,0.0,6.1309007630139,2.9143644012641174,8.323570501236992,7.934427459986176,12.621208152189263,12.059797255090196,16.150416468547764,8.837188389797625,10.58822790541737,6.095144466483397,11.706170974065763,9.375798705158266,0.0,6.945515602681373,10.036856807076315,9.676407015579963,4.667694222626299,1.5020676207365846,4.353094199477136,9.818173833806917
Conery:John_S=__1983,4.04208312582216,0.0,7.200019461162331,0.0,6.458127397313593,9.19635114452085,0.0,2.7745235004123305,0.0,5.048483260875706,0.0,2.3072023526496808,2.209297097449406,0.0,2.0317148221611325,0.0,1.8751597410316532,0.0,1.7363789006703432,0.0,1.6127345025966606
Cong:Jason__1990,8.323570501236992,15.868854919972351,20.193933043502824,28.943513412216472,20.764821173847128,22.09297097449406,21.17645581083474,24.38057786593359,25.36337044380916,22.50191689237984,34.2707755212051,22.57292570871446,15.055285210614477,25.80375204154657,24.89436918734026,28.539284793995108,23.21650239721139,14.025962619724163,28.48829969924673,30.19527711983491,21.610491991194294
Conte:Thomas_M=__1992,5.048483260875706,4.823918902036079,6.921607057949043,11.04648548724703,12.705873486500842,12.190288932966794,15.60822796542102,9.375798705158266,5.411175082295543,5.20913670201103,3.3456189356921056,6.4509380103866425,1.5558980742087662,7.510338103682923,0.0,4.20778878591725,2.7131713999282603,3.938514406934989,0.0,3.694654372707577,2.3875022309686176
Cook:Diane_J=__1990,5.2896183066574505,5.048483260875706,9.647837804072156,13.843214115898084,8.837188389797625,6.352936743250421,6.095144466483397,13.657199469743391,15.001277928253224,18.03725027431847,19.100167907373773,11.70966627492237,22.57828303635325,12.44718459367013,21.028946690312186,13.059282598431407,16.831155143669,16.27902839956956,22.318248305964932,22.88169740244102,18.473271863537885
Cordes:David__1988,6.1309007630139,0.0,5.549047000824661,2.6448091533287252,5.048483260875706,7.235878353054118,2.3072023526496808,4.418594194898812,6.352936743250421,6.095144466483397,1.9510284956776276,0.0,5.411175082295543,3.4727578013406863,0.0,1.6127345025966606,4.667694222626299,4.506202862209754,1.4510313998257118,2.805192523944833,0.0
Cordy:James_R=__1986,0.0,0.0,3.2290636986567964,12.2618015260278,2.9143644012641174,11.098094001649322,2.6448091533287252,5.048483260875706,4.823918902036079,2.3072023526496808,2.209297097449406,0.0,0.0,0.0,0.0,0.0,12.154652304692402,10.036856807076315,11.289141518176624,7.779490371043831,22.531014311048768
Cormen:Thomas_H=__1993,0.0,4.823918902036079,0.0,2.209297097449406,2.117645581083474,6.095144466483397,7.80411398271051,5.62547922309496,1.8037250274318477,1.7363789006703432,1.6728094678460528,1.6127345025966606,3.1117961484175325,3.0041352414731692,1.4510313998257118,1.4025962619724166,0.0,0.0,1.2712054112467233,0.0,1.1937511154843088
Corneil:Derek_G=__1968,11.463625938548727,10.282019623107884,9.28811371456388,16.884130865113423,0.0,7.083049905784299,0.0,6.044478515578415,5.613461002135438,0.0,4.885269831969991,4.575658505274875,0.0,8.08416625164432,3.811036551090419,3.600009730581166,6.81336158803016,6.458127397313593,0.0,2.9143644012641174,16.647141002473983
Cottrell:Garrison_W=__1985,0.0,3.06545038150695,0.0,5.549047000824661,0.0,5.048483260875706,4.823918902036079,13.843214115898084,6.6278912923482185,10.58822790541737,10.158574110805665,7.80411398271051,3.7503194820633063,3.607450054863695,0.0,1.6728094678460528,1.6127345025966606,0.0,0.0,2.9020627996514237,2.805192523944833
Cowen:Lenore__1993,4.6144047052993615,6.6278912923482185,8.470582324333895,6.095144466483397,3.902056991355255,5.62547922309496,3.607450054863695,3.4727578013406863,5.0184284035381586,3.2254690051933212,6.223592296835065,1.5020676207365846,5.804125599302847,0.0,6.782928499820651,3.938514406934989,3.81361623374017,3.694654372707577,5.968755577421544,3.4730672721883904,1.1232590248778695
Crawfis:Roger__1995,2.117645581083474,6.095144466483397,5.853085487032883,3.7503194820633063,5.411175082295543,1.7363789006703432,5.0184284035381586,9.676407015579963,6.223592296835065,6.0082704829463385,0.0,0.0,1.35658569996413,1.312838135644996,6.356027056233616,1.2315514575691924,2.3875022309686176,2.315378181458927,3.3697770746336086,4.361450671303054,1.0589091392016494
Crovella:Mark__1994,6.921607057949043,0.0,8.470582324333895,6.095144466483397,9.755142478388136,11.25095844618992,7.21490010972739,10.41827340402206,3.3456189356921056,9.676407015579963,7.779490371043831,12.016540965892675,10.157219798779982,2.805192523944833,6.782928499820651,2.625676271289992,1.2712054112467233,2.4631029151383848,13.131262270327396,5.788445453647317,3.3697770746336086
Culler:David_E=__1989,0.0,8.323570501236992,5.2896183066574505,7.572724891313559,16.883716157126276,2.3072023526496808,15.465079682145843,14.823519067584316,8.12685928864453,29.265427435164415,13.126118187221572,12.626075192022933,13.891031205362744,23.41933254984474,14.514610523369946,23.338471113131497,28.539284793995108,10.157219798779982,12.623366357751747,14.922442699605432,5.251352542579984
Cunningham:H=_Conrad__1989,5.828728802528235,8.323570501236992,2.6448091533287252,0.0,2.4119594510180393,0.0,2.209297097449406,0.0,0.0,0.0,0.0,1.8037250274318477,1.7363789006703432,0.0,1.6127345025966606,7.779490371043831,1.5020676207365846,4.353094199477136,1.4025962619724166,1.35658569996413,1.312838135644996
Dahlin:Michael__1995,2.117645581083474,2.0317148221611325,5.853085487032883,13.126118187221572,1.8037250274318477,8.681894503351716,15.055285210614477,9.676407015579963,6.223592296835065,9.012405724419509,2.9020627996514237,8.4155775718345,5.426342799856521,6.56419067822498,2.5424108224934465,4.9262058302767695,2.3875022309686176,3.4730672721883904,2.246518049755739,0.0,1.0589091392016494
Dankel_II:Douglas_D=__1980,5.229337929769933,0.0,0.0,0.0,0.0,0.0,0.0,0.0,3.2290636986567964,0.0,0.0,0.0,0.0,0.0,0.0,2.3072023526496808,0.0,0.0,4.063429644322265,1.9510284956776276,0.0
Das:Gautam__1990,5.549047000824661,2.6448091533287252,5.048483260875706,9.647837804072156,9.228809410598725,11.04648548724703,8.470582324333895,16.25371857728906,3.902056991355255,0.0,3.607450054863695,8.681894503351716,5.0184284035381586,3.2254690051933212,6.223592296835065,7.510338103682923,11.608251198605696,14.025962619724163,10.85268559971304,21.005410170319937,12.712054112467232
Das:Sajal_K=__1988,0.0,5.828728802528235,13.872617502061653,21.1584732266298,17.66969141306497,16.883716157126276,29.99363058444585,19.883673877044657,21.17645581083474,36.57086679890038,25.36337044380916,43.128674043728026,28.85960043890956,46.88223031809927,78.62204498876449,49.99476958049648,66.90361719097695,72.09924579535607,46.43300479442278,50.49346543100699,42.05415669888803
Dasgupta:Partha__1984,0.0,0.0,3.40668079401508,3.2290636986567964,6.1309007630139,5.828728802528235,8.323570501236992,10.5792366133149,2.524241630437853,7.235878353054118,0.0,4.418594194898812,0.0,0.0,0.0,3.7503194820633063,5.411175082295543,0.0,6.691237871384211,12.901876020773283,9.335388445252596
Davidson:Jack_W=__1981,4.295879940054407,0.0,15.244146204361677,0.0,3.40668079401508,9.68719109597039,6.1309007630139,2.9143644012641174,8.323570501236992,5.2896183066574505,7.572724891313559,0.0,4.6144047052993615,4.418594194898812,4.235291162166948,0.0,3.902056991355255,1.8751597410316532,5.411175082295543,5.20913670201103,5.0184284035381586
Delgado=Frias:Jos=eacute=_G=__1986,2.9143644012641174,0.0,7.934427459986176,5.048483260875706,2.4119594510180393,9.228809410598725,11.04648548724703,10.58822790541737,0.0,11.706170974065763,1.8751597410316532,3.607450054863695,3.4727578013406863,0.0,4.838203507789982,6.223592296835065,10.514473345156093,10.157219798779982,14.025962619724163,6.782928499820651,3.938514406934989
Demurjian:Steven_A=__1987,3.2290636986567964,3.06545038150695,2.9143644012641174,5.549047000824661,5.2896183066574505,5.048483260875706,9.647837804072156,6.921607057949043,4.418594194898812,6.352936743250421,12.190288932966794,7.80411398271051,5.62547922309496,3.607450054863695,3.4727578013406863,5.0184284035381586,4.838203507789982,3.1117961484175325,6.0082704829463385,0.0,0.0
Devadas:Srinivas__1988,24.5236030520556,37.88673721643352,36.068805505360295,44.961755606588326,32.81514119569209,33.76743231425255,27.68642823179617,22.09297097449406,12.705873486500842,10.158574110805665,21.461313452453904,9.375798705158266,7.21490010972739,8.681894503351716,10.036856807076315,12.901876020773283,9.335388445252596,6.0082704829463385,4.353094199477136,5.610385047889666,6.782928499820651
Devroye:Luc__1976,0.0,11.226922004270875,15.6880137893098,4.885269831969991,22.878292526374373,8.591759880108814,8.08416625164432,15.244146204361677,10.800029191743496,10.22004238204524,6.458127397313593,9.19635114452085,5.828728802528235,8.323570501236992,7.934427459986176,7.572724891313559,4.823918902036079,6.921607057949043,13.255782584696435,6.352936743250421,2.0317148221611325
Dewan:Prasun__1986,3.40668079401508,0.0,0.0,2.9143644012641174,11.098094001649322,7.934427459986176,10.096966521751412,7.235878353054118,4.6144047052993615,8.837188389797625,6.352936743250421,6.095144466483397,5.853085487032883,1.8751597410316532,7.21490010972739,3.4727578013406863,0.0,3.2254690051933212,3.1117961484175325,4.506202862209754,2.9020627996514237
DiMarco:Chrysanne__1990,0.0,0.0,0.0,4.823918902036079,4.6144047052993615,0.0,0.0,0.0,0.0,0.0,1.8037250274318477,0.0,0.0,1.6127345025966606,1.5558980742087662,0.0,2.9020627996514237,1.4025962619724166,0.0,1.312838135644996,1.2712054112467233
Dickinson:Sven_J=__1991,4.418594194898812,0.0,8.12685928864453,7.80411398271051,7.500638964126613,3.607450054863695,6.945515602681373,5.0184284035381586,4.838203507789982,9.335388445252596,15.020676207365844,10.157219798779982,1.4025962619724166,8.13951419978478,6.56419067822498,7.62723246748034,3.694654372707577,10.74376003935878,3.4730672721883904,4.493036099511478,4.361450671303054
Dietterich:Thomas_G=__1984,3.600009730581166,17.0334039700754,16.14531849328398,9.19635114452085,14.571822006320588,5.549047000824661,18.513664073301076,5.048483260875706,9.647837804072156,6.921607057949043,17.67437677959525,6.352936743250421,10.158574110805665,3.902056991355255,1.8751597410316532,16.23352524688663,6.945515602681373,8.364047339230265,3.2254690051933212,4.667694222626299,10.514473345156093
Dill:David_L=__1987,0.0,0.0,8.743093203792352,22.196188003298644,18.513664073301076,30.290899565254236,21.707635059162353,16.150416468547764,17.67437677959525,23.29410139191821,10.158574110805665,25.36337044380916,18.75159741031653,16.23352524688663,8.681894503351716,21.746523081998685,9.676407015579963,7.779490371043831,9.012405724419509,5.804125599302847,1.4025962619724166
Dixon:Brandon__1993,4.6144047052993615,0.0,0.0,4.063429644322265,1.9510284956776276,3.7503194820633063,9.018625137159235,3.4727578013406863,0.0,1.6127345025966606,0.0,3.0041352414731692,0.0,0.0,1.35658569996413,5.251352542579984,0.0,2.4631029151383848,2.3875022309686176,0.0,2.246518049755739
Doeppner_Jr=:Thomas_W=__1977,0.0,0.0,0.0,0.0,4.04208312582216,3.811036551090419,0.0,0.0,0.0,0.0,0.0,0.0,0.0,0.0,0.0,0.0,0.0,2.117645581083474,4.063429644322265,0.0,0.0
Dongarra:Jack_J=__1980,8.743093203792352,13.872617502061653,18.513664073301076,10.096966521751412,19.295675608144315,23.072023526496807,44.18594194898812,33.88232929733558,42.66601126538378,31.21645593084204,39.378354561664715,21.64470032918217,43.409472516758576,31.783379889075004,32.25469005193321,32.673859558384095,33.04548765620486,34.824753595817086,36.467502811282834,29.844885399210863,30.19527711983491
Dorsey:Julie__1993,2.4119594510180393,0.0,6.6278912923482185,8.470582324333895,0.0,0.0,11.25095844618992,3.607450054863695,10.41827340402206,10.036856807076315,1.6127345025966606,3.1117961484175325,10.514473345156093,11.608251198605696,4.20778878591725,4.06975709989239,3.938514406934989,3.81361623374017,7.389308745415154,3.581253346452926,3.4730672721883904
Douglas:Sarah_A=__1983,4.04208312582216,0.0,0.0,0.0,0.0,0.0,5.828728802528235,5.549047000824661,0.0,2.524241630437853,0.0,4.6144047052993615,2.209297097449406,8.470582324333895,2.0317148221611325,0.0,3.7503194820633063,7.21490010972739,5.20913670201103,6.691237871384211,4.838203507789982
Dowdy:Lawrence_W=__1977,0.0,0.0,0.0,13.726975515824623,4.295879940054407,4.04208312582216,15.244146204361677,3.600009730581166,3.40668079401508,3.2290636986567964,0.0,11.65745760505647,5.549047000824661,2.6448091533287252,2.524241630437853,2.4119594510180393,11.536011763248403,15.465079682145843,6.352936743250421,2.0317148221611325,3.902056991355255
Du:David_Hung=Chang__1981,0.0,4.295879940054407,0.0,0.0,0.0,17.0334039700754,19.37438219194078,12.2618015260278,29.143644012641175,11.098094001649322,23.803282379958528,7.572724891313559,28.943513412216472,29.99363058444585,24.302268071943463,23.29410139191821,18.28543339945019,21.461313452453904,9.375798705158266,12.626075192022933,8.681894503351716
Duchamp:Dan__1986,0.0,2.9143644012641174,0.0,7.934427459986176,7.572724891313559,4.823918902036079,2.3072023526496808,2.209297097449406,2.117645581083474,4.063429644322265,0.0,1.8751597410316532,0.0,0.0,0.0,0.0,0.0,0.0,0.0,1.4025962619724166,0.0
Dunham:James_George__1978,5.613461002135438,5.229337929769933,9.770539663939982,4.575658505274875,0.0,4.04208312582216,0.0,0.0,6.81336158803016,3.2290636986567964,0.0,0.0,2.7745235004123305,2.6448091533287252,2.524241630437853,2.4119594510180393,0.0,0.0,0.0,0.0,0.0
Durfee:Edmund_H=__1987,6.1309007630139,2.9143644012641174,5.549047000824661,13.224045766643629,15.145449782627118,9.647837804072156,16.150416468547764,19.883673877044657,16.94116464866779,26.412292688094723,19.510284956776275,15.001277928253224,14.42980021945478,12.154652304692402,11.70966627492237,16.127345025966605,9.335388445252596,10.514473345156093,14.510313998257118,8.4155775718345,9.496099899748913
Dutt:Nikil_D=__1989,2.9143644012641174,8.323570501236992,2.6448091533287252,10.096966521751412,14.471756706108236,25.37922587914649,15.465079682145843,14.823519067584316,18.28543339945019,9.755142478388136,15.001277928253224,21.64470032918217,24.309304609384803,21.746523081998685,43.54383157010984,42.009248003636685,39.0537581391512,44.98197339459707,33.662310287338,40.69757099892391,26.25676271289992
Dwyer:Matthew_B=__1995,2.209297097449406,6.352936743250421,10.158574110805665,9.755142478388136,7.500638964126613,10.822350164591086,5.20913670201103,8.364047339230265,14.514610523369946,18.670776890505195,6.0082704829463385,10.157219798779982,11.220770095779333,8.13951419978478,6.56419067822498,10.169643289973786,8.620860202984346,8.356257808390161,1.1576890907294637,5.616295124389348,6.5421760069545805
Dyer:Charles_R=__1979,5.229337929769933,19.541079327879963,13.726975515824623,8.591759880108814,4.04208312582216,3.811036551090419,0.0,17.0334039700754,3.2290636986567964,6.1309007630139,2.9143644012641174,11.098094001649322,2.6448091533287252,17.66969141306497,12.059797255090196,18.45761882119745,4.418594194898812,4.235291162166948,4.063429644322265,1.9510284956776276,3.7503194820633063
Ebeling:Carl__1986,3.40668079401508,0.0,3.06545038150695,8.743093203792352,2.7745235004123305,0.0,2.524241630437853,7.235878353054118,9.228809410598725,8.837188389797625,4.235291162166948,10.158574110805665,5.853085487032883,1.8751597410316532,1.8037250274318477,1.7363789006703432,0.0,3.2254690051933212,6.223592296835065,3.0041352414731692,7.255156999128559
Edmonds:Jeff__1993,6.6278912923482185,4.235291162166948,4.063429644322265,5.853085487032883,3.7503194820633063,1.8037250274318477,3.4727578013406863,1.6728094678460528,6.4509380103866425,3.1117961484175325,3.0041352414731692,4.353094199477136,0.0,4.06975709989239,3.938514406934989,6.356027056233616,4.9262058302767695,3.581253346452926,0.0,0.0,1.0903626678257634
Eisenberg:Michael__1991,2.524241630437853,2.4119594510180393,9.228809410598725,8.837188389797625,8.470582324333895,2.0317148221611325,1.9510284956776276,3.7503194820633063,3.607450054863695,1.7363789006703432,0.0,3.2254690051933212,4.667694222626299,7.510338103682923,4.353094199477136,5.610385047889666,8.13951419978478,6.56419067822498,3.81361623374017,3.694654372707577,4.775004461937235
Elder:James_H=__1995,6.352936743250421,0.0,3.902056991355255,1.8751597410316532,0.0,3.4727578013406863,3.3456189356921056,1.6127345025966606,1.5558980742087662,4.506202862209754,2.9020627996514237,2.805192523944833,2.7131713999282603,1.312838135644996,3.81361623374017,0.0,7.162506692905852,2.315378181458927,4.493036099511478,1.0903626678257634,1.0589091392016494
Ellen:Faith__1982,12.12624937746648,7.622073102180838,7.200019461162331,10.22004238204524,3.2290636986567964,12.2618015260278,5.828728802528235,11.098094001649322,0.0,2.524241630437853,9.647837804072156,2.3072023526496808,6.6278912923482185,6.352936743250421,6.095144466483397,5.853085487032883,3.7503194820633063,5.411175082295543,3.4727578013406863,3.3456189356921056,3.2254690051933212
Ellis:Carla_Schlatter__1979,0.0,0.0,9.770539663939982,0.0,4.295879940054407,8.08416625164432,0.0,7.200019461162331,0.0,6.458127397313593,9.19635114452085,8.743093203792352,2.7745235004123305,21.1584732266298,7.572724891313559,4.823918902036079,0.0,8.837188389797625,10.58822790541737,0.0,1.9510284956776276
Elmaghraby:Adel_Said__1982,4.295879940054407,0.0,0.0,0.0,0.0,0.0,0.0,2.9143644012641174,0.0,0.0,2.524241630437853,0.0,0.0,0.0,4.235291162166948,6.095144466483397,5.853085487032883,5.62547922309496,7.21490010972739,12.154652304692402,6.691237871384211
Elmasri:Ramez__1980,0.0,0.0,11.433109653271256,7.200019461162331,3.40668079401508,6.458127397313593,6.1309007630139,2.9143644012641174,11.098094001649322,7.934427459986176,5.048483260875706,12.059797255090196,13.843214115898084,4.418594194898812,8.470582324333895,8.12685928864453,9.755142478388136,1.8751597410316532,7.21490010972739,15.62741010603309,5.0184284035381586
Enbody:Richard_J=__1985,3.2290636986567964,3.06545038150695,5.828728802528235,5.549047000824661,5.2896183066574505,5.048483260875706,7.235878353054118,0.0,6.6278912923482185,4.235291162166948,2.0317148221611325,7.80411398271051,1.8751597410316532,0.0,3.4727578013406863,1.6728094678460528,1.6127345025966606,1.5558980742087662,0.0,2.9020627996514237,0.0
Ercegovac:Milos_D=__1975,14.166099811568598,0.0,12.08895703115683,11.226922004270875,0.0,0.0,22.878292526374373,8.591759880108814,12.12624937746648,7.622073102180838,14.40003892232466,0.0,9.68719109597039,6.1309007630139,14.571822006320588,13.872617502061653,7.934427459986176,10.096966521751412,12.059797255090196,6.921607057949043,4.418594194898812
Estrin:Deborah__1985,6.81336158803016,9.68719109597039,3.06545038150695,8.743093203792352,5.549047000824661,15.868854919972351,12.621208152189263,7.235878353054118,4.6144047052993615,4.418594194898812,6.352936743250421,4.063429644322265,13.657199469743391,9.375798705158266,25.252150384045866,22.57292570871446,23.41933254984474,25.80375204154657,48.23284030047175,24.03308193178535,11.608251198605696
Etzioni:Oren__1991,13.224045766643629,10.096966521751412,7.235878353054118,20.764821173847128,11.04648548724703,8.470582324333895,14.222003755127927,3.902056991355255,9.375798705158266,9.018625137159235,5.20913670201103,0.0,16.127345025966605,12.44718459367013,9.012405724419509,5.804125599302847,16.831155143669,8.13951419978478,6.56419067822498,11.44084870122051,4.9262058302767695
Evans:William_S=__1994,6.352936743250421,4.063429644322265,7.80411398271051,1.8751597410316532,5.411175082295543,3.4727578013406863,5.0184284035381586,8.063672512983302,7.779490371043831,3.0041352414731692,7.255156999128559,4.20778878591725,2.7131713999282603,1.312838135644996,3.81361623374017,3.694654372707577,2.3875022309686176,6.946134544376781,1.1232590248778695,5.451813339128817,7.412363974411546
Faloutsos:Christos__1987,10.800029191743496,6.81336158803016,12.916254794627186,15.327251907534748,11.65745760505647,8.323570501236992,13.224045766643629,12.621208152189263,14.471756706108236,18.45761882119745,13.255782584696435,10.58822790541737,20.31714822161133,21.461313452453904,7.500638964126613,25.252150384045866,19.100167907373773,30.11057042122895,16.127345025966605,34.22975763259286,27.03721717325852
Farrens:Matthew_K=__1989,2.9143644012641174,5.549047000824661,15.868854919972351,10.096966521751412,4.823918902036079,4.6144047052993615,2.209297097449406,6.352936743250421,2.0317148221611325,3.902056991355255,1.8751597410316532,9.018625137159235,1.7363789006703432,1.6728094678460528,0.0,0.0,0.0,0.0,0.0,4.06975709989239,0.0
Felleisen:Matthias__1987,12.916254794627186,9.19635114452085,5.828728802528235,8.323570501236992,7.934427459986176,10.096966521751412,9.647837804072156,9.228809410598725,6.6278912923482185,4.235291162166948,8.12685928864453,9.755142478388136,13.126118187221572,1.8037250274318477,10.41827340402206,8.364047339230265,4.838203507789982,14.003082667878896,6.0082704829463385,5.804125599302847,4.20778878591725
Felten:Edward_W=__1993,0.0,9.228809410598725,6.6278912923482185,21.17645581083474,12.190288932966794,13.657199469743391,3.7503194820633063,10.822350164591086,5.20913670201103,8.364047339230265,8.063672512983302,3.1117961484175325,3.0041352414731692,5.804125599302847,1.4025962619724166,4.06975709989239,3.938514406934989,3.81361623374017,2.4631029151383848,3.581253346452926,0.0
Fickas:Stephen__1982,0.0,0.0,0.0,7.200019461162331,0.0,0.0,9.19635114452085,2.9143644012641174,0.0,5.2896183066574505,5.048483260875706,2.4119594510180393,13.843214115898084,4.418594194898812,0.0,8.12685928864453,0.0,3.7503194820633063,1.8037250274318477,3.4727578013406863,1.6728094678460528
Fiedler:Kirk_D=__1991,0.0,0.0,0.0,0.0,0.0,2.117645581083474,2.0317148221611325,3.902056991355255,0.0,0.0,0.0,1.6728094678460528,0.0,1.5558980742087662,0.0,1.4510313998257118,0.0,0.0,0.0,0.0,1.2315514575691924
Finin:Timothy_W=__1980,4.885269831969991,0.0,4.295879940054407,8.08416625164432,3.811036551090419,0.0,6.81336158803016,6.458127397313593,3.06545038150695,11.65745760505647,11.098094001649322,7.934427459986176,2.524241630437853,2.4119594510180393,4.6144047052993615,2.209297097449406,0.0,10.158574110805665,3.902056991355255,15.001277928253224,3.607450054863695
Finkel:Raphael_A=__1976,0.0,6.044478515578415,0.0,5.229337929769933,9.770539663939982,13.726975515824623,17.183519760217628,8.08416625164432,3.811036551090419,3.600009730581166,0.0,12.916254794627186,15.327251907534748,5.828728802528235,0.0,5.2896183066574505,0.0,0.0,0.0,0.0,4.235291162166948
Fishwick:Paul_A=__1986,0.0,3.2290636986567964,6.1309007630139,2.9143644012641174,5.549047000824661,10.5792366133149,10.096966521751412,9.647837804072156,4.6144047052993615,4.418594194898812,8.470582324333895,8.12685928864453,9.755142478388136,7.500638964126613,7.21490010972739,8.681894503351716,5.0184284035381586,6.4509380103866425,6.223592296835065,7.510338103682923,1.4510313998257118
Fiume:Eugene__1986,6.458127397313593,6.1309007630139,8.743093203792352,2.7745235004123305,7.934427459986176,0.0,9.647837804072156,2.3072023526496808,4.418594194898812,8.470582324333895,0.0,1.9510284956776276,5.62547922309496,7.21490010972739,3.4727578013406863,8.364047339230265,4.838203507789982,3.1117961484175325,6.0082704829463385,7.255156999128559,2.805192523944833
Flann:Nicholas_S=__1992,0.0,0.0,2.4119594510180393,2.3072023526496808,2.209297097449406,2.117645581083474,4.063429644322265,1.9510284956776276,1.8751597410316532,0.0,0.0,0.0,0.0,0.0,1.5020676207365846,0.0,2.805192523944833,1.35658569996413,0.0,0.0,1.2315514575691924
Fleck:Margaret_M=__1988,2.6448091533287252,7.572724891313559,0.0,2.3072023526496808,2.209297097449406,14.823519067584316,6.095144466483397,0.0,1.8751597410316532,0.0,0.0,0.0,0.0,0.0,0.0,0.0,0.0,1.35658569996413,0.0,0.0,1.2315514575691924
Fleet:David_J=__1990,5.549047000824661,5.2896183066574505,7.572724891313559,2.4119594510180393,4.6144047052993615,2.209297097449406,0.0,8.12685928864453,3.902056991355255,3.7503194820633063,12.626075192022933,10.41827340402206,3.3456189356921056,4.838203507789982,1.5558980742087662,13.51860858662926,8.706188398954271,11.220770095779333,13.5658569996413,7.877028813869977,5.084821644986893
Flynn:Patrick_J=__1990,5.2896183066574505,5.048483260875706,7.235878353054118,6.921607057949043,4.418594194898812,8.470582324333895,0.0,3.902056991355255,3.7503194820633063,3.607450054863695,6.945515602681373,11.70966627492237,8.063672512983302,6.223592296835065,19.5268790695756,11.608251198605696,2.805192523944833,9.496099899748913,10.502705085159969,12.712054112467232,24.63102915138385
Forrest:Stephanie__1985,5.549047000824661,2.6448091533287252,5.048483260875706,12.059797255090196,4.6144047052993615,6.6278912923482185,6.352936743250421,10.158574110805665,1.9510284956776276,3.7503194820633063,5.411175082295543,1.7363789006703432,3.3456189356921056,4.838203507789982,1.5558980742087662,6.0082704829463385,8.706188398954271,4.20778878591725,6.782928499820651,5.251352542579984,8.898437878727062
Fortes:Jos=eacute=_A=_B=__1984,9.68719109597039,9.19635114452085,11.65745760505647,11.098094001649322,7.934427459986176,20.193933043502824,4.823918902036079,16.150416468547764,15.465079682145843,6.352936743250421,18.28543339945019,13.657199469743391,9.375798705158266,16.23352524688663,8.681894503351716,5.0184284035381586,9.676407015579963,12.44718459367013,19.5268790695756,7.255156999128559,7.012981309862083
Fortnow:Lance__1989,2.9143644012641174,11.098094001649322,21.1584732266298,15.145449782627118,12.059797255090196,25.37922587914649,11.04648548724703,19.058810229751263,10.158574110805665,19.510284956776275,11.25095844618992,14.42980021945478,13.891031205362744,5.0184284035381586,27.41648654414323,15.558980742087662,22.531014311048768,20.314439597559964,12.623366357751747,10.85268559971304,19.692572034674946
Fotouhi:Farshad__1988,5.828728802528235,0.0,7.934427459986176,2.524241630437853,7.235878353054118,4.6144047052993615,4.418594194898812,4.235291162166948,8.12685928864453,5.853085487032883,1.8751597410316532,1.8037250274318477,0.0,5.0184284035381586,14.514610523369946,21.782573038922727,21.028946690312186,21.765470997385677,22.441540191558666,13.5658569996413,6.56419067822498
Fox:Edward_A=__1983,12.12624937746648,3.811036551090419,10.800029191743496,0.0,19.37438219194078,21.45815267054865,11.65745760505647,5.549047000824661,10.5792366133149,15.145449782627118,26.531553961198433,11.536011763248403,24.302268071943463,12.705873486500842,14.222003755127927,13.657199469743391,9.375798705158266,12.626075192022933,15.62741010603309,35.12899882476711,27.41648654414323
Friedman:Eric_J=__1993,0.0,0.0,2.117645581083474,0.0,0.0,0.0,0.0,1.7363789006703432,1.6728094678460528,3.2254690051933212,3.1117961484175325,0.0,1.4510313998257118,5.610385047889666,1.35658569996413,6.56419067822498,0.0,1.2315514575691924,2.3875022309686176,3.4730672721883904,3.3697770746336086
Friedman:Joel__1987,3.2290636986567964,9.19635114452085,5.828728802528235,8.323570501236992,5.2896183066574505,2.524241630437853,7.235878353054118,2.3072023526496808,4.418594194898812,4.235291162166948,0.0,1.9510284956776276,0.0,1.8037250274318477,1.7363789006703432,0.0,3.2254690051933212,0.0,3.0041352414731692,4.353094199477136,1.4025962619724166
Fuchs:W=_Kent__1985,0.0,6.81336158803016,19.37438219194078,9.19635114452085,23.31491521011294,24.970711503710973,13.224045766643629,32.81514119569209,24.11959451018039,20.764821173847128,19.883673877044657,29.647038135168632,20.31714822161133,11.706170974065763,7.500638964126613,1.8037250274318477,10.41827340402206,1.6728094678460528,3.2254690051933212,1.5558980742087662,1.5020676207365846
Furuta:Richard__1986,3.2290636986567964,6.1309007630139,17.486186407584704,27.745235004123305,15.868854919972351,15.145449782627118,9.647837804072156,6.921607057949043,11.04648548724703,2.117645581083474,12.190288932966794,11.706170974065763,3.7503194820633063,9.018625137159235,12.154652304692402,15.055285210614477,4.838203507789982,12.44718459367013,6.0082704829463385,11.608251198605696,7.012981309862083
Futrelle:Robert_P=__1966,7.083049905784299,0.0,0.0,5.613461002135438,0.0,0.0,0.0,0.0,0.0,0.0,0.0,0.0,0.0,0.0,0.0,0.0,0.0,5.048483260875706,4.823918902036079,6.921607057949043,4.418594194898812
Gallier:Jean_H=__1978,5.613461002135438,5.229337929769933,4.885269831969991,18.3026340210995,12.88763982016322,0.0,15.244146204361677,10.800029191743496,10.22004238204524,19.37438219194078,12.2618015260278,11.65745760505647,2.7745235004123305,5.2896183066574505,2.524241630437853,7.235878353054118,2.3072023526496808,2.209297097449406,2.117645581083474,6.095144466483397,1.9510284956776276
Garcia=Molina:Hector__1979,5.229337929769933,0.0,4.575658505274875,17.183519760217628,8.08416625164432,19.055182755452098,25.20006811406816,27.25344635212064,29.06157328791117,30.654503815069496,14.571822006320588,38.84332900577263,23.803282379958528,17.66969141306497,21.707635059162353,43.83684470034393,39.767347754089315,42.35291162166948,36.57086679890038,50.72674088761832,28.1273961154748
Gasarch:William_I=__1985,0.0,3.40668079401508,6.458127397313593,12.2618015260278,20.400550808848823,11.098094001649322,7.934427459986176,17.66969141306497,7.235878353054118,9.228809410598725,22.09297097449406,14.823519067584316,16.25371857728906,17.55925646109865,15.001277928253224,18.03725027431847,12.154652304692402,13.382475742768422,12.901876020773283,12.44718459367013,7.510338103682923
Gasser:Michael__1988,3.06545038150695,0.0,2.7745235004123305,0.0,2.524241630437853,0.0,4.6144047052993615,0.0,0.0,0.0,0.0,1.8751597410316532,0.0,0.0,0.0,0.0,0.0,1.5020676207365846,0.0,0.0,1.35658569996413
Gates:Ann_Q=__1994,2.3072023526496808,2.209297097449406,6.352936743250421,4.063429644322265,1.9510284956776276,5.62547922309496,5.411175082295543,3.4727578013406863,1.6728094678460528,4.838203507789982,3.1117961484175325,4.506202862209754,1.4510313998257118,11.220770095779333,4.06975709989239,3.938514406934989,5.084821644986893,3.694654372707577,3.581253346452926,0.0,0.0
Gauch:John_M=__1989,2.9143644012641174,0.0,0.0,2.524241630437853,4.823918902036079,2.3072023526496808,2.209297097449406,4.235291162166948,2.0317148221611325,0.0,3.7503194820633063,0.0,0.0,0.0,0.0,1.5558980742087662,4.506202862209754,1.4510313998257118,1.4025962619724166,0.0,0.0
Gauch:Susan__1990,2.4119594510180393,0.0,2.209297097449406,8.470582324333895,8.12685928864453,3.902056991355255,7.500638964126613,3.607450054863695,0.0,1.6728094678460528,1.6127345025966606,6.223592296835065,3.0041352414731692,0.0,8.4155775718345,5.426342799856521,10.502705085159969,2.5424108224934465,1.2315514575691924,5.968755577421544,3.4730672721883904
Geller:James__1988,0.0,2.9143644012641174,2.7745235004123305,10.5792366133149,7.572724891313559,14.471756706108236,4.6144047052993615,0.0,8.470582324333895,4.063429644322265,5.853085487032883,13.126118187221572,5.411175082295543,5.20913670201103,15.055285210614477,14.514610523369946,12.44718459367013,9.012405724419509,7.255156999128559,12.623366357751747,6.782928499820651
Gendron:Bernard__1994,0.0,2.0317148221611325,0.0,0.0,3.607450054863695,1.7363789006703432,3.3456189356921056,8.063672512983302,1.5558980742087662,3.0041352414731692,1.4510313998257118,5.610385047889666,4.06975709989239,7.877028813869977,1.2712054112467233,2.4631029151383848,1.1937511154843088,6.946134544376781,6.739554149267217,5.451813339128817,5.294545696008247
Ghosal:Dipak__1988,4.418594194898812,0.0,4.063429644322265,3.902056991355255,3.7503194820633063,7.21490010972739,0.0,3.3456189356921056,8.063672512983302,7.779490371043831,7.510338103682923,4.353094199477136,4.20778878591725,14.922442699605432,3.938514406934989,5.084821644986893,9.85241166055354,5.968755577421544,4.630756362917854,5.616295124389348,6.5421760069545805
Gifford:David_K=__1981,8.591759880108814,0.0,11.433109653271256,18.000048652905825,6.81336158803016,0.0,12.2618015260278,5.828728802528235,11.098094001649322,10.5792366133149,7.572724891313559,2.4119594510180393,6.921607057949043,11.04648548724703,2.117645581083474,6.095144466483397,0.0,1.8751597410316532,1.8037250274318477,6.945515602681373,10.036856807076315
Gilbert:John_R=__1981,0.0,0.0,0.0,3.811036551090419,0.0,3.40668079401508,6.458127397313593,9.19635114452085,0.0,5.549047000824661,7.934427459986176,7.572724891313559,9.647837804072156,4.6144047052993615,11.04648548724703,4.235291162166948,2.0317148221611325,5.853085487032883,9.375798705158266,1.8037250274318477,0.0
Godfrey:Michael_W=__1997,0.0,0.0,3.902056991355255,3.7503194820633063,7.21490010972739,3.4727578013406863,5.0184284035381586,4.838203507789982,4.667694222626299,10.514473345156093,5.804125599302847,11.220770095779333,12.209271299677171,11.815543220804964,3.81361623374017,8.620860202984346,11.937511154843088,11.576890907294636,11.232590248778695,4.361450671303054,4.235636556806598
Goebel:Randy__1985,14.40003892232466,6.81336158803016,0.0,6.1309007630139,2.9143644012641174,5.549047000824661,7.934427459986176,2.524241630437853,0.0,0.0,6.6278912923482185,6.352936743250421,10.158574110805665,5.853085487032883,5.62547922309496,3.607450054863695,1.7363789006703432,1.6728094678460528,1.6127345025966606,4.667694222626299,3.0041352414731692
Goldberg:Benjamin__1988,3.2290636986567964,6.1309007630139,2.9143644012641174,2.7745235004123305,5.2896183066574505,12.621208152189263,2.4119594510180393,0.0,4.418594194898812,2.117645581083474,8.12685928864453,0.0,0.0,0.0,0.0,5.0184284035381586,3.2254690051933212,1.5558980742087662,7.510338103682923,0.0,0.0
Goldberg:Kenneth_Y=__1990,0.0,7.572724891313559,12.059797255090196,13.843214115898084,24.302268071943463,14.823519067584316,12.190288932966794,7.80411398271051,11.25095844618992,14.42980021945478,13.891031205362744,11.70966627492237,12.901876020773283,14.003082667878896,10.514473345156093,11.608251198605696,12.623366357751747,10.85268559971304,11.815543220804964,7.62723246748034,7.389308745415154
Goldsmith:Judy__1988,7.934427459986176,2.524241630437853,9.647837804072156,4.6144047052993615,0.0,12.705873486500842,4.063429644322265,11.706170974065763,5.62547922309496,12.626075192022933,3.4727578013406863,1.6728094678460528,9.676407015579963,7.779490371043831,7.510338103682923,1.4510313998257118,7.012981309862083,8.13951419978478,5.251352542579984,3.81361623374017,3.694654372707577
Golubchik:Leana__1995,8.837188389797625,2.117645581083474,8.12685928864453,9.755142478388136,13.126118187221572,12.626075192022933,5.20913670201103,13.382475742768422,9.676407015579963,7.779490371043831,9.012405724419509,10.157219798779982,7.012981309862083,6.782928499820651,5.251352542579984,13.983259523713956,3.694654372707577,4.775004461937235,6.946134544376781,3.3697770746336086,4.361450671303054
Gonzalez:Teofilo_F=__1975,0.0,13.061661377771294,12.08895703115683,11.226922004270875,5.229337929769933,9.770539663939982,0.0,17.183519760217628,0.0,7.622073102180838,7.200019461162331,3.40668079401508,3.2290636986567964,9.19635114452085,8.743093203792352,5.549047000824661,7.934427459986176,7.572724891313559,2.4119594510180393,6.921607057949043,4.418594194898812
Goodman:Erik_D=__1972,0.0,0.0,0.0,0.0,0.0,0.0,0.0,0.0,0.0,0.0,0.0,0.0,0.0,0.0,0.0,3.2290636986567964,3.06545038150695,0.0,2.7745235004123305,0.0,0.0
Goodrich:Michael_T=__1987,6.458127397313593,12.2618015260278,17.486186407584704,22.196188003298644,15.868854919972351,12.621208152189263,33.76743231425255,18.45761882119745,15.465079682145843,21.17645581083474,26.412292688094723,15.60822796542102,20.626757151348183,19.840975301750323,17.36378900670343,11.70966627492237,16.127345025966605,15.558980742087662,22.531014311048768,10.157219798779982,12.623366357751747
Gortler:Steven_J=__1995,2.117645581083474,4.063429644322265,1.9510284956776276,1.8751597410316532,5.411175082295543,8.681894503351716,8.364047339230265,9.676407015579963,4.667694222626299,3.0041352414731692,7.255156999128559,4.20778878591725,4.06975709989239,3.938514406934989,1.2712054112467233,6.157757287845962,1.1937511154843088,1.1576890907294637,1.1232590248778695,3.2710880034772902,1.0589091392016494
Gouda:Mohamed_G=__1977,4.885269831969991,4.575658505274875,8.591759880108814,8.08416625164432,30.488292408723353,18.000048652905825,3.40668079401508,6.458127397313593,6.1309007630139,8.743093203792352,16.647141002473983,21.1584732266298,15.145449782627118,14.471756706108236,18.45761882119745,15.465079682145843,19.058810229751263,18.28543339945019,7.80411398271051,7.500638964126613,7.21490010972739
Graham:Peter_C=_J=__1993,0.0,2.0317148221611325,0.0,1.8751597410316532,0.0,3.4727578013406863,1.6728094678460528,0.0,4.667694222626299,0.0,5.804125599302847,2.805192523944833,2.7131713999282603,6.56419067822498,2.5424108224934465,2.4631029151383848,2.3875022309686176,0.0,1.1232590248778695,0.0,1.0589091392016494
Grama:Ananth__1996,2.117645581083474,2.0317148221611325,7.80411398271051,7.500638964126613,3.607450054863695,8.681894503351716,10.036856807076315,11.289141518176624,20.22667496471396,12.016540965892675,18.863408197734255,14.025962619724163,8.13951419978478,2.625676271289992,6.356027056233616,4.9262058302767695,4.775004461937235,5.788445453647317,7.862813174145087,4.361450671303054,5.294545696008247
Greenberg:Saul__1989,0.0,7.934427459986176,7.572724891313559,14.471756706108236,6.921607057949043,4.418594194898812,35.99997487841905,8.12685928864453,9.755142478388136,9.375798705158266,9.018625137159235,15.62741010603309,8.364047339230265,9.676407015579963,12.44718459367013,9.012405724419509,13.059282598431407,19.636347667613833,9.496099899748913,21.005410170319937,17.796875757454124
Greenstreet:Mark_R=__1993,2.524241630437853,0.0,4.6144047052993615,4.418594194898812,2.117645581083474,2.0317148221611325,3.902056991355255,9.375798705158266,0.0,5.20913670201103,3.3456189356921056,6.4509380103866425,3.1117961484175325,6.0082704829463385,2.9020627996514237,8.4155775718345,8.13951419978478,6.56419067822498,2.5424108224934465,3.694654372707577,2.3875022309686176
Greer:Jim_E=__1987,11.65745760505647,0.0,7.934427459986176,10.096966521751412,2.4119594510180393,2.3072023526496808,0.0,8.470582324333895,4.063429644322265,1.9510284956776276,0.0,7.21490010972739,5.20913670201103,5.0184284035381586,3.2254690051933212,10.891286519461364,3.0041352414731692,8.706188398954271,1.4025962619724166,4.06975709989239,2.625676271289992
Grishman:Ralph__1973,8.442065432556712,7.714444087643125,14.166099811568598,6.530830688885647,6.044478515578415,11.226922004270875,5.229337929769933,4.885269831969991,4.575658505274875,17.183519760217628,12.12624937746648,11.433109653271256,0.0,20.44008476409048,3.2290636986567964,6.1309007630139,0.0,5.549047000824661,13.224045766643629,10.096966521751412,4.823918902036079
Griswold:William_G=__1991,0.0,0.0,12.059797255090196,6.921607057949043,6.6278912923482185,8.470582324333895,2.0317148221611325,9.755142478388136,1.8751597410316532,5.411175082295543,15.62741010603309,3.3456189356921056,4.838203507789982,6.223592296835065,16.52274382810243,24.667533797037105,12.623366357751747,8.13951419978478,0.0,7.62723246748034,8.620860202984346
Gupta:Ajay_K=__1989,0.0,0.0,10.5792366133149,7.572724891313559,2.4119594510180393,11.536011763248403,11.04648548724703,14.823519067584316,2.0317148221611325,3.902056991355255,0.0,1.8037250274318477,0.0,0.0,3.2254690051933212,3.1117961484175325,1.5020676207365846,8.706188398954271,5.610385047889666,5.426342799856521,1.312838135644996
Gupta:Gopal__1991,12.621208152189263,7.235878353054118,13.843214115898084,11.04648548724703,12.705873486500842,22.348863043772457,15.60822796542102,15.001277928253224,10.822350164591086,13.891031205362744,13.382475742768422,8.063672512983302,10.891286519461364,15.020676207365844,5.804125599302847,9.818173833806917,5.426342799856521,10.502705085159969,5.084821644986893,2.4631029151383848,3.581253346452926
Gupta:Rajiv__1987,38.84332900577263,13.224045766643629,30.290899565254236,24.11959451018039,25.37922587914649,26.51156516939287,25.411746973001684,26.412292688094723,23.41234194813153,20.626757151348183,9.018625137159235,12.154652304692402,16.72809467846053,16.127345025966605,12.44718459367013,15.020676207365844,7.255156999128559,15.428558881696585,10.85268559971304,14.441219492094955,7.62723246748034
Gupta:Sandeep_K=_S=__1995,8.470582324333895,2.0317148221611325,5.853085487032883,16.87643766928488,12.626075192022933,13.891031205362744,6.691237871384211,24.19101753894991,9.335388445252596,12.016540965892675,10.157219798779982,12.623366357751747,8.13951419978478,13.12838135644996,12.712054112467232,8.620860202984346,15.518764501296014,9.261512725835708,6.739554149267217,6.5421760069545805,5.294545696008247
Hadzilacos:Vassos__1984,0.0,0.0,3.40668079401508,6.458127397313593,6.1309007630139,0.0,0.0,7.934427459986176,10.096966521751412,9.647837804072156,6.921607057949043,2.209297097449406,4.235291162166948,4.063429644322265,1.9510284956776276,1.8751597410316532,3.607450054863695,1.7363789006703432,0.0,0.0,4.667694222626299
Hager:Gregory_D=__1988,5.2896183066574505,2.524241630437853,4.823918902036079,11.536011763248403,6.6278912923482185,14.823519067584316,8.12685928864453,11.706170974065763,22.50191689237984,5.411175082295543,13.891031205362744,10.036856807076315,22.57828303635325,26.450267261549023,16.52274382810243,10.157219798779982,14.025962619724163,13.5658569996413,19.692572034674946,12.712054112467232,20.93637477867627
Hahn:James_K=__1989,0.0,0.0,0.0,2.524241630437853,4.823918902036079,4.6144047052993615,4.418594194898812,6.352936743250421,4.063429644322265,3.902056991355255,7.500638964126613,0.0,1.7363789006703432,3.3456189356921056,3.2254690051933212,0.0,1.5020676207365846,2.9020627996514237,1.4025962619724166,1.35658569996413,3.938514406934989
Hall:Lawrence_O=__1986,6.81336158803016,0.0,6.1309007630139,0.0,2.7745235004123305,0.0,10.096966521751412,14.471756706108236,2.3072023526496808,4.418594194898812,10.58822790541737,2.0317148221611325,9.755142478388136,5.62547922309496,3.607450054863695,13.891031205362744,8.364047339230265,17.740079528563268,20.22667496471396,10.514473345156093,10.157219798779982
Hamann:Bernd__1991,5.2896183066574505,2.524241630437853,2.4119594510180393,11.536011763248403,6.6278912923482185,10.58822790541737,14.222003755127927,3.902056991355255,22.50191689237984,16.23352524688663,17.36378900670343,8.364047339230265,41.93109706751318,15.558980742087662,15.020676207365844,23.21650239721139,25.246732715503494,12.209271299677171,7.877028813869977,13.983259523713956,19.70482332110708
Haralick:Robert_M=__1969,14.166099811568598,0.0,12.08895703115683,22.45384400854175,20.917351719079733,29.311618991819945,4.575658505274875,34.367039520435256,36.37874813239944,38.11036551090419,28.800077844649323,20.44008476409048,25.83250958925437,15.327251907534748,26.229279611377056,8.323570501236992,13.224045766643629,30.290899565254236,38.59135121628863,25.37922587914649,50.81383324133634
Harris_Jr=:Frederick_C=__1994,0.0,4.418594194898812,2.117645581083474,2.0317148221611325,0.0,3.7503194820633063,0.0,3.4727578013406863,1.6728094678460528,6.4509380103866425,9.335388445252596,21.028946690312186,5.804125599302847,8.4155775718345,12.209271299677171,7.877028813869977,24.152902813687746,9.85241166055354,4.775004461937235,10.41920181656517,4.493036099511478
Hartman:John_H=__1994,4.6144047052993615,2.209297097449406,2.117645581083474,4.063429644322265,0.0,7.500638964126613,9.018625137159235,1.7363789006703432,0.0,0.0,3.1117961484175325,6.0082704829463385,5.804125599302847,2.805192523944833,2.7131713999282603,0.0,2.5424108224934465,1.2315514575691924,0.0,0.0,0.0
Hatcher:Philip_J=__1985,3.40668079401508,0.0,6.1309007630139,0.0,5.549047000824661,10.5792366133149,7.572724891313559,2.4119594510180393,2.3072023526496808,2.209297097449406,6.352936743250421,0.0,5.853085487032883,0.0,5.411175082295543,5.20913670201103,0.0,0.0,0.0,3.0041352414731692,0.0
He:Xudong__1989,2.9143644012641174,5.549047000824661,2.6448091533287252,5.048483260875706,0.0,2.3072023526496808,8.837188389797625,6.352936743250421,6.095144466483397,1.9510284956776276,9.375798705158266,10.822350164591086,8.681894503351716,11.70966627492237,9.676407015579963,9.335388445252596,12.016540965892675,11.608251198605696,5.610385047889666,8.13951419978478,5.251352542579984
Heath:Lenwood_S=__1985,3.2290636986567964,3.06545038150695,2.9143644012641174,8.323570501236992,7.934427459986176,12.621208152189263,12.059797255090196,6.921607057949043,6.6278912923482185,4.235291162166948,6.095144466483397,7.80411398271051,7.500638964126613,3.607450054863695,3.4727578013406863,3.3456189356921056,3.2254690051933212,1.5558980742087662,3.0041352414731692,2.9020627996514237,4.20778878591725
Heineman:George_T=__1996,6.352936743250421,2.0317148221611325,3.902056991355255,1.8751597410316532,7.21490010972739,5.20913670201103,1.6728094678460528,1.6127345025966606,6.223592296835065,0.0,1.4510313998257118,2.805192523944833,0.0,1.312838135644996,0.0,0.0,0.0,0.0,0.0,4.361450671303054,2.117818278403299
Heines:Jesse_M=__1979,3.600009730581166,0.0,0.0,0.0,2.9143644012641174,0.0,0.0,2.524241630437853,0.0,0.0,0.0,0.0,0.0,0.0,1.8751597410316532,1.8037250274318477,0.0,0.0,4.838203507789982,0.0,1.5020676207365846
Helal:Abdelsalam__1991,2.6448091533287252,0.0,4.823918902036079,4.6144047052993615,8.837188389797625,4.235291162166948,10.158574110805665,5.853085487032883,3.7503194820633063,9.018625137159235,13.891031205362744,25.09214201769079,22.57828303635325,10.891286519461364,9.012405724419509,17.412376797908543,7.012981309862083,13.5658569996413,15.754057627739954,16.525670346207402,11.083963118122732
Helgason:Richard_V=__1980,0.0,9.770539663939982,0.0,0.0,0.0,0.0,3.600009730581166,0.0,3.2290636986567964,0.0,0.0,0.0,0.0,0.0,2.4119594510180393,0.0,0.0,0.0,0.0,1.9510284956776276,0.0
Heliotis:James_E=__1984,0.0,0.0,0.0,0.0,0.0,0.0,0.0,0.0,0.0,4.823918902036079,0.0,0.0,2.117645581083474,0.0,0.0,0.0,0.0,1.7363789006703432,0.0,0.0,0.0
Heller:Rachelle_S=__1985,0.0,0.0,0.0,0.0,0.0,0.0,9.647837804072156,4.6144047052993615,4.418594194898812,2.117645581083474,6.095144466483397,1.9510284956776276,5.62547922309496,3.607450054863695,6.945515602681373,1.6728094678460528,0.0,0.0,0.0,0.0,0.0
Henderson:Thomas_C=__1979,0.0,4.04208312582216,7.622073102180838,7.200019461162331,10.22004238204524,6.458127397313593,18.3927022890417,8.743093203792352,2.7745235004123305,2.6448091533287252,0.0,7.235878353054118,4.6144047052993615,6.6278912923482185,6.352936743250421,0.0,7.80411398271051,5.62547922309496,3.607450054863695,3.4727578013406863,0.0
Hendler:James_A=__1986,0.0,3.2290636986567964,12.2618015260278,14.571822006320588,5.549047000824661,5.2896183066574505,15.145449782627118,4.823918902036079,13.843214115898084,19.883673877044657,14.823519067584316,22.348863043772457,1.9510284956776276,7.500638964126613,7.21490010972739,5.20913670201103,8.364047339230265,19.352814031159927,10.891286519461364,22.531014311048768,23.21650239721139
Hendren:Laurie_J=__1990,2.7745235004123305,0.0,22.718174673940677,9.647837804072156,13.843214115898084,11.04648548724703,12.705873486500842,6.095144466483397,9.755142478388136,7.500638964126613,7.21490010972739,5.20913670201103,8.364047339230265,11.289141518176624,6.223592296835065,12.016540965892675,8.706188398954271,5.610385047889666,8.13951419978478,1.312838135644996,7.62723246748034
Herlihy:Maurice__1984,0.0,3.600009730581166,17.0334039700754,25.83250958925437,12.2618015260278,11.65745760505647,22.196188003298644,21.1584732266298,15.145449782627118,16.883716157126276,6.921607057949043,6.6278912923482185,4.235291162166948,4.063429644322265,9.755142478388136,16.87643766928488,18.03725027431847,15.62741010603309,6.691237871384211,11.289141518176624,4.667694222626299
Herman:Ted__1991,2.3072023526496808,6.6278912923482185,2.117645581083474,6.095144466483397,1.9510284956776276,1.8751597410316532,5.411175082295543,12.154652304692402,1.6728094678460528,6.4509380103866425,6.223592296835065,6.0082704829463385,10.157219798779982,5.610385047889666,4.06975709989239,1.312838135644996,0.0,0.0,3.581253346452926,0.0,0.0
Hero_III:Alfred_O=__1984,3.811036551090419,0.0,3.40668079401508,0.0,3.06545038150695,2.9143644012641174,2.7745235004123305,2.6448091533287252,2.524241630437853,0.0,20.764821173847128,11.04648548724703,8.470582324333895,14.222003755127927,7.80411398271051,15.001277928253224,18.03725027431847,19.100167907373773,15.055285210614477,17.740079528563268,23.338471113131497
Hewitt:Carl__1971,10.282019623107884,0.0,16.884130865113423,7.714444087643125,14.166099811568598,0.0,30.222392577892077,5.613461002135438,10.458675859539866,14.655809495909972,4.575658505274875,8.591759880108814,12.12624937746648,7.622073102180838,3.600009730581166,3.40668079401508,0.0,9.19635114452085,2.9143644012641174,2.7745235004123305,10.5792366133149
Hickey:Timothy_J=__1986,0.0,3.2290636986567964,3.06545038150695,5.828728802528235,2.7745235004123305,5.2896183066574505,5.048483260875706,2.4119594510180393,2.3072023526496808,0.0,0.0,0.0,1.9510284956776276,3.7503194820633063,7.21490010972739,3.4727578013406863,1.6728094678460528,0.0,6.223592296835065,1.5020676207365846,2.9020627996514237
Hirschberg:Daniel_S=__1975,7.083049905784299,32.65415344442823,12.08895703115683,16.840383006406313,10.458675859539866,9.770539663939982,0.0,0.0,4.04208312582216,0.0,10.800029191743496,6.81336158803016,19.37438219194078,3.06545038150695,2.9143644012641174,11.098094001649322,5.2896183066574505,7.572724891313559,2.4119594510180393,6.921607057949043,2.209297097449406
Hirst:Graeme__1983,3.811036551090419,0.0,3.40668079401508,0.0,12.2618015260278,2.9143644012641174,8.323570501236992,5.2896183066574505,2.524241630437853,4.823918902036079,2.3072023526496808,6.6278912923482185,4.235291162166948,0.0,0.0,0.0,0.0,1.7363789006703432,1.6728094678460528,4.838203507789982,0.0
Hodges:Larry_F=__1988,0.0,0.0,2.7745235004123305,5.2896183066574505,5.048483260875706,9.647837804072156,0.0,13.255782584696435,10.58822790541737,22.348863043772457,9.755142478388136,18.75159741031653,7.21490010972739,12.154652304692402,10.036856807076315,3.2254690051933212,4.667694222626299,4.506202862209754,4.353094199477136,9.818173833806917,1.35658569996413
Holder:Lawrence_B=__1991,0.0,5.048483260875706,2.4119594510180393,6.921607057949043,6.6278912923482185,6.352936743250421,4.063429644322265,3.902056991355255,11.25095844618992,10.822350164591086,13.891031205362744,5.0184284035381586,9.676407015579963,10.891286519461364,21.028946690312186,13.059282598431407,9.818173833806917,10.85268559971304,11.815543220804964,6.356027056233616,11.083963118122732
Hollerbach:John_M=__1978,0.0,4.04208312582216,0.0,0.0,13.62672317606032,16.14531849328398,9.19635114452085,20.400550808848823,0.0,5.2896183066574505,2.524241630437853,19.295675608144315,18.45761882119745,6.6278912923482185,10.58822790541737,6.095144466483397,9.755142478388136,3.7503194820633063,10.822350164591086,12.154652304692402,6.691237871384211
Hollingsworth:Jeffrey_K=__1994,0.0,4.418594194898812,6.352936743250421,4.063429644322265,15.60822796542102,16.87643766928488,12.626075192022933,6.945515602681373,6.691237871384211,3.2254690051933212,10.891286519461364,15.020676207365844,4.353094199477136,1.4025962619724166,2.7131713999282603,3.938514406934989,2.5424108224934465,6.157757287845962,4.775004461937235,5.788445453647317,3.3697770746336086
Holt:Richard_C=__1971,30.846058869323656,27.86434114369164,0.0,0.0,0.0,0.0,6.044478515578415,11.226922004270875,10.458675859539866,0.0,4.575658505274875,21.479399700272033,0.0,0.0,3.600009730581166,0.0,3.2290636986567964,6.1309007630139,2.9143644012641174,2.7745235004123305,7.934427459986176
Honavar:Vasant__1990,2.7745235004123305,0.0,2.524241630437853,2.4119594510180393,0.0,2.209297097449406,10.58822790541737,4.063429644322265,5.853085487032883,13.126118187221572,12.626075192022933,13.891031205362744,8.364047339230265,12.901876020773283,15.558980742087662,16.52274382810243,34.824753595817086,15.428558881696585,20.34878549946195,18.379733899029944,19.06808116870085
Hoover:H=_James__1987,0.0,0.0,0.0,2.7745235004123305,2.6448091533287252,0.0,0.0,0.0,0.0,2.117645581083474,4.063429644322265,0.0,5.62547922309496,3.607450054863695,1.7363789006703432,5.0184284035381586,0.0,3.1117961484175325,3.0041352414731692,5.804125599302847,1.4025962619724166
Horowitz:Mark__1984,0.0,3.40668079401508,12.916254794627186,18.3927022890417,14.571822006320588,5.549047000824661,7.934427459986176,7.572724891313559,4.823918902036079,16.150416468547764,6.6278912923482185,6.352936743250421,6.095144466483397,9.755142478388136,9.375798705158266,7.21490010972739,5.20913670201103,3.3456189356921056,11.289141518176624,9.335388445252596,10.514473345156093
Hosking:Antony_L=__1995,0.0,2.117645581083474,0.0,5.853085487032883,5.62547922309496,5.411175082295543,3.4727578013406863,0.0,1.6127345025966606,10.891286519461364,3.0041352414731692,8.706188398954271,2.805192523944833,1.35658569996413,5.251352542579984,2.5424108224934465,3.694654372707577,1.1937511154843088,0.0,1.1232590248778695,6.5421760069545805
Hou:Wen=Chi__1989,2.9143644012641174,5.549047000824661,7.934427459986176,2.524241630437853,7.235878353054118,0.0,4.418594194898812,2.117645581083474,0.0,0.0,1.8751597410316532,1.8037250274318477,3.4727578013406863,0.0,8.063672512983302,9.335388445252596,15.020676207365844,11.608251198605696,5.610385047889666,10.85268559971304,10.502705085159969
Howe:Adele_E=__1993,2.524241630437853,0.0,4.6144047052993615,13.255782584696435,4.235291162166948,12.190288932966794,5.853085487032883,9.375798705158266,3.607450054863695,3.4727578013406863,6.691237871384211,3.2254690051933212,7.779490371043831,4.506202862209754,11.608251198605696,1.4025962619724166,5.426342799856521,6.56419067822498,3.81361623374017,3.694654372707577,4.775004461937235
Howell:Rodney_R=__1988,6.1309007630139,8.743093203792352,8.323570501236992,13.224045766643629,0.0,7.235878353054118,0.0,4.418594194898812,0.0,0.0,0.0,1.8751597410316532,0.0,0.0,1.6728094678460528,0.0,0.0,0.0,0.0,0.0,0.0
Hu:Alan_J=__1996,0.0,2.0317148221611325,5.853085487032883,3.7503194820633063,5.411175082295543,6.945515602681373,5.0184284035381586,6.4509380103866425,4.667694222626299,10.514473345156093,8.706188398954271,12.623366357751747,5.426342799856521,2.625676271289992,3.81361623374017,4.9262058302767695,5.968755577421544,3.4730672721883904,2.246518049755739,2.180725335651527,3.1767274176049485
Hu:Xiaobo_Sharon__1989,4.823918902036079,9.228809410598725,0.0,8.470582324333895,6.095144466483397,1.9510284956776276,13.126118187221572,14.42980021945478,17.36378900670343,13.382475742768422,16.127345025966605,10.891286519461364,12.016540965892675,15.96134539808283,14.025962619724163,14.922442699605432,11.815543220804964,7.62723246748034,13.547066033261116,8.356257808390161,16.20764727021249
Huang:Shou=Hsuan_Stephen__1981,4.575658505274875,0.0,4.04208312582216,7.622073102180838,7.200019461162331,3.40668079401508,3.2290636986567964,3.06545038150695,0.0,8.323570501236992,2.6448091533287252,2.524241630437853,2.4119594510180393,4.6144047052993615,2.209297097449406,4.235291162166948,2.0317148221611325,3.902056991355255,3.7503194820633063,0.0,1.7363789006703432
Huang:Xiaoqiu__1990,5.549047000824661,0.0,2.524241630437853,0.0,4.6144047052993615,0.0,0.0,0.0,1.9510284956776276,0.0,0.0,0.0,1.6728094678460528,6.4509380103866425,4.667694222626299,1.5020676207365846,0.0,0.0,12.209271299677171,3.938514406934989,2.5424108224934465
Hughes:Charles_E=__1970,9.28811371456388,25.326196297670137,7.714444087643125,7.083049905784299,13.061661377771294,6.044478515578415,11.226922004270875,5.229337929769933,9.770539663939982,4.575658505274875,0.0,0.0,0.0,0.0,0.0,0.0,6.1309007630139,0.0,2.7745235004123305,0.0,7.572724891313559
Hutchinson:Norman_C=__1987,9.19635114452085,5.828728802528235,5.549047000824661,5.2896183066574505,2.524241630437853,2.4119594510180393,4.6144047052993615,4.418594194898812,2.117645581083474,6.095144466483397,3.902056991355255,7.500638964126613,0.0,6.945515602681373,1.6728094678460528,1.6127345025966606,6.223592296835065,3.0041352414731692,4.353094199477136,1.4025962619724166,5.426342799856521
Ioerger:Thomas_R=__1996,0.0,4.063429644322265,0.0,9.375798705158266,7.21490010972739,8.681894503351716,10.036856807076315,9.676407015579963,14.003082667878896,12.016540965892675,4.353094199477136,5.610385047889666,2.7131713999282603,0.0,0.0,0.0,0.0,3.4730672721883904,0.0,2.180725335651527,1.0589091392016494
Irvine:Cynthia_E=__1975,2.209297097449406,4.235291162166948,4.063429644322265,3.902056991355255,7.500638964126613,10.822350164591086,5.20913670201103,5.0184284035381586,8.063672512983302,1.5558980742087662,6.0082704829463385,8.706188398954271,7.012981309862083,6.782928499820651,5.251352542579984,7.62723246748034,4.9262058302767695,3.581253346452926,3.4730672721883904,1.1232590248778695,1.0903626678257634
Jackson:Daniel__1992,0.0,2.4119594510180393,6.921607057949043,6.6278912923482185,16.94116464866779,2.0317148221611325,3.902056991355255,5.62547922309496,16.23352524688663,6.945515602681373,6.691237871384211,9.676407015579963,6.223592296835065,9.012405724419509,10.157219798779982,5.610385047889666,6.782928499820651,11.815543220804964,10.169643289973786,9.85241166055354,8.356257808390161
Jacobs:Robert_A=__1990,0.0,7.235878353054118,4.6144047052993615,2.209297097449406,0.0,4.063429644322265,0.0,1.8751597410316532,0.0,1.7363789006703432,3.3456189356921056,4.838203507789982,0.0,0.0,2.9020627996514237,1.4025962619724166,1.35658569996413,0.0,2.5424108224934465,4.9262058302767695,1.1937511154843088
Jahanian:Farnam__1989,4.823918902036079,6.921607057949043,8.837188389797625,14.823519067584316,18.28543339945019,11.706170974065763,11.25095844618992,12.626075192022933,3.4727578013406863,1.6728094678460528,1.6127345025966606,6.223592296835065,7.510338103682923,5.804125599302847,5.610385047889666,5.426342799856521,2.625676271289992,6.356027056233616,3.694654372707577,2.3875022309686176,1.1576890907294637
Janardan:Ravi__1987,0.0,6.1309007630139,2.9143644012641174,13.872617502061653,10.5792366133149,7.572724891313559,12.059797255090196,9.228809410598725,8.837188389797625,12.705873486500842,8.12685928864453,5.853085487032883,13.126118187221572,1.8037250274318477,3.4727578013406863,5.0184284035381586,8.063672512983302,18.670776890505195,6.0082704829463385,7.255156999128559,0.0
Jayanti:Prasad__1993,2.4119594510180393,2.3072023526496808,2.209297097449406,2.117645581083474,4.063429644322265,11.706170974065763,1.8751597410316532,3.607450054863695,1.7363789006703432,1.6728094678460528,4.838203507789982,1.5558980742087662,9.012405724419509,0.0,0.0,1.35658569996413,3.938514406934989,1.2712054112467233,1.2315514575691924,2.3875022309686176,0.0
Jayasumana:Anura_P=__1985,7.200019461162331,0.0,3.2290636986567964,3.06545038150695,8.743093203792352,2.7745235004123305,7.934427459986176,12.621208152189263,16.883716157126276,9.228809410598725,15.465079682145843,10.58822790541737,10.158574110805665,5.853085487032883,1.8751597410316532,5.411175082295543,6.945515602681373,6.691237871384211,11.289141518176624,1.5558980742087662,7.510338103682923
Jenkin:Michael_R=_M=__1988,2.9143644012641174,2.7745235004123305,10.5792366133149,0.0,14.471756706108236,6.921607057949043,2.209297097449406,2.117645581083474,10.158574110805665,11.706170974065763,5.62547922309496,7.21490010972739,8.681894503351716,6.691237871384211,4.838203507789982,3.1117961484175325,7.510338103682923,10.157219798779982,8.4155775718345,9.496099899748913,3.938514406934989
John:Bonnie_E=__1988,7.572724891313559,4.823918902036079,11.536011763248403,15.465079682145843,12.705873486500842,6.095144466483397,11.706170974065763,11.25095844618992,9.018625137159235,6.945515602681373,5.0184284035381586,1.6127345025966606,10.891286519461364,10.514473345156093,2.9020627996514237,5.610385047889666,2.7131713999282603,3.938514406934989,5.084821644986893,9.85241166055354,5.968755577421544
Johnson:Jeremy_R=__1991,0.0,5.048483260875706,2.4119594510180393,0.0,0.0,0.0,2.0317148221611325,3.902056991355255,0.0,3.607450054863695,1.7363789006703432,3.3456189356921056,0.0,7.779490371043831,1.5020676207365846,2.9020627996514237,1.4025962619724166,0.0,0.0,2.5424108224934465,0.0
Johnson:Philip_M=__1990,0.0,0.0,0.0,2.4119594510180393,6.921607057949043,2.209297097449406,0.0,4.063429644322265,7.80411398271051,3.7503194820633063,3.607450054863695,0.0,0.0,3.2254690051933212,1.5558980742087662,4.506202862209754,1.4510313998257118,5.610385047889666,0.0,0.0,1.2712054112467233
Johnson:Steven_D=__1983,3.811036551090419,0.0,0.0,0.0,0.0,2.9143644012641174,2.7745235004123305,0.0,0.0,16.883716157126276,9.228809410598725,2.209297097449406,0.0,2.0317148221611325,0.0,3.7503194820633063,1.8037250274318477,3.4727578013406863,0.0,3.2254690051933212,0.0
Joshi:Anupam__1993,8.470582324333895,10.158574110805665,15.60822796542102,7.500638964126613,9.018625137159235,24.309304609384803,31.783379889075004,30.64195554933655,23.338471113131497,24.03308193178535,18.863408197734255,12.623366357751747,18.992199799497826,6.56419067822498,8.898437878727062,13.547066033261116,13.131262270327396,16.20764727021249,7.862813174145087,10.903626678257634,8.471273113613195
Kaiser:Gail_E=__1985,3.600009730581166,6.81336158803016,22.603445890597577,36.7854045780834,26.229279611377056,19.421664502886316,34.38251899327343,17.66969141306497,19.295675608144315,13.843214115898084,6.6278912923482185,8.470582324333895,12.190288932966794,17.55925646109865,11.25095844618992,7.21490010972739,1.7363789006703432,1.6728094678460528,6.4509380103866425,1.5558980742087662,13.51860858662926
Kal=eacute=:Laxmikant_V=__1985,3.600009730581166,3.40668079401508,6.458127397313593,15.327251907534748,20.400550808848823,16.647141002473983,15.868854919972351,7.572724891313559,9.647837804072156,11.536011763248403,11.04648548724703,16.94116464866779,4.063429644322265,5.853085487032883,5.62547922309496,9.018625137159235,6.945515602681373,6.691237871384211,8.063672512983302,17.11487881629643,10.514473345156093
Kalita:Jugal_K=__1990,0.0,5.2896183066574505,0.0,0.0,0.0,0.0,0.0,4.063429644322265,0.0,0.0,1.8037250274318477,1.7363789006703432,6.691237871384211,3.2254690051933212,0.0,1.5020676207365846,2.9020627996514237,0.0,2.7131713999282603,7.877028813869977,7.62723246748034
Kam:Moshe__1986,0.0,9.19635114452085,5.828728802528235,0.0,2.6448091533287252,0.0,0.0,2.3072023526496808,2.209297097449406,0.0,4.063429644322265,1.9510284956776276,1.8751597410316532,3.607450054863695,3.4727578013406863,1.6728094678460528,1.6127345025966606,10.891286519461364,10.514473345156093,1.4510313998257118,7.012981309862083
Kamangar:Farhad__1980,0.0,0.0,0.0,0.0,0.0,0.0,0.0,0.0,0.0,0.0,2.4119594510180393,0.0,2.209297097449406,0.0,0.0,1.9510284956776276,0.0,1.8037250274318477,5.20913670201103,3.3456189356921056,4.838203507789982
Kambhampati:Subbarao__1989,5.2896183066574505,5.048483260875706,7.235878353054118,18.45761882119745,8.837188389797625,19.058810229751263,12.190288932966794,7.80411398271051,11.25095844618992,9.018625137159235,8.681894503351716,6.691237871384211,19.352814031159927,10.891286519461364,18.024811448839017,5.804125599302847,15.428558881696585,6.782928499820651,9.189866949514972,8.898437878727062,6.157757287845962
Kapenga:John_A=__1986,3.40668079401508,9.68719109597039,3.06545038150695,0.0,0.0,0.0,0.0,4.823918902036079,0.0,0.0,0.0,0.0,0.0,0.0,0.0,0.0,0.0,0.0,0.0,0.0,0.0
Kapron:Bruce_M=__1991,2.3072023526496808,0.0,6.352936743250421,0.0,0.0,3.7503194820633063,1.8037250274318477,1.7363789006703432,1.6728094678460528,4.838203507789982,0.0,0.0,2.9020627996514237,1.4025962619724166,2.7131713999282603,1.312838135644996,3.81361623374017,3.694654372707577,1.1937511154843088,4.630756362917854,1.1232590248778695
Katz:Randy_H=__1980,9.15131701054975,30.07115958038085,20.2104156291108,22.866219306542515,18.000048652905825,13.62672317606032,6.458127397313593,24.5236030520556,26.229279611377056,13.872617502061653,15.868854919972351,2.524241630437853,33.76743231425255,20.764821173847128,22.09297097449406,10.58822790541737,22.348863043772457,13.657199469743391,18.75159741031653,21.64470032918217,10.41827340402206
Kaur:Devinder__1989,0.0,0.0,0.0,0.0,0.0,0.0,0.0,0.0,0.0,1.9510284956776276,0.0,0.0,3.4727578013406863,5.0184284035381586,1.6127345025966606,3.1117961484175325,0.0,0.0,0.0,2.7131713999282603,3.938514406934989
Kececioglu:John_D=__1991,15.465079682145843,2.117645581083474,8.12685928864453,7.80411398271051,1.8751597410316532,3.607450054863695,1.7363789006703432,0.0,0.0,3.1117961484175325,0.0,1.4510313998257118,2.805192523944833,1.35658569996413,1.312838135644996,1.2712054112467233,0.0,1.1937511154843088,1.1576890907294637,1.1232590248778695,2.180725335651527
Keleher:Peter_J=__1995,4.6144047052993615,2.209297097449406,6.352936743250421,6.095144466483397,11.706170974065763,20.626757151348183,21.64470032918217,5.20913670201103,8.364047339230265,3.2254690051933212,6.223592296835065,0.0,4.353094199477136,5.610385047889666,4.06975709989239,0.0,3.81361623374017,3.694654372707577,0.0,0.0,3.3697770746336086
Kemmerer:Richard_A=__1979,5.229337929769933,9.770539663939982,0.0,8.591759880108814,8.08416625164432,0.0,10.800029191743496,10.22004238204524,12.916254794627186,0.0,8.743093203792352,5.549047000824661,7.934427459986176,7.572724891313559,2.4119594510180393,6.921607057949043,4.418594194898812,4.235291162166948,6.095144466483397,5.853085487032883,13.126118187221572
Kerschberg:Larry__1969,13.061661377771294,12.08895703115683,0.0,0.0,0.0,0.0,8.591759880108814,4.04208312582216,7.622073102180838,14.40003892232466,10.22004238204524,3.2290636986567964,6.1309007630139,23.31491521011294,8.323570501236992,7.934427459986176,10.096966521751412,9.647837804072156,0.0,6.6278912923482185,6.352936743250421
King:Valerie__1988,5.048483260875706,4.823918902036079,4.6144047052993615,6.6278912923482185,4.235291162166948,6.095144466483397,0.0,7.500638964126613,0.0,5.20913670201103,1.6728094678460528,1.6127345025966606,4.667694222626299,3.0041352414731692,4.353094199477136,1.4025962619724166,9.496099899748913,3.938514406934989,8.898437878727062,8.620860202984346,4.775004461937235
Kirkpatrick:David_G=__1974,0.0,0.0,6.044478515578415,5.613461002135438,10.458675859539866,9.770539663939982,22.878292526374373,12.88763982016322,24.25249875493296,7.622073102180838,14.40003892232466,10.22004238204524,9.68719109597039,9.19635114452085,17.486186407584704,27.745235004123305,2.6448091533287252,5.048483260875706,14.471756706108236,2.3072023526496808,8.837188389797625
Koffman:Elliot_B=__1967,18.57622742912776,8.442065432556712,7.714444087643125,14.166099811568598,0.0,0.0,0.0,0.0,0.0,0.0,0.0,0.0,3.811036551090419,3.600009730581166,0.0,0.0,3.06545038150695,0.0,0.0,0.0,0.0
Koller:Daphne__1993,15.465079682145843,16.94116464866779,22.348863043772457,11.706170974065763,18.75159741031653,23.448425356614017,20.83654680804412,18.40090414630658,24.19101753894991,17.11487881629643,15.020676207365844,15.96134539808283,2.805192523944833,14.922442699605432,9.189866949514972,15.25446493496068,11.083963118122732,11.937511154843088,9.261512725835708,0.0,3.2710880034772902
Konstan:Joseph_A=__1993,0.0,0.0,6.6278912923482185,8.470582324333895,12.190288932966794,13.657199469743391,5.62547922309496,5.411175082295543,17.36378900670343,6.691237871384211,9.676407015579963,7.779490371043831,10.514473345156093,7.255156999128559,9.818173833806917,6.782928499820651,2.625676271289992,8.898437878727062,8.620860202984346,9.55000892387447,2.315378181458927
Korf:Richard_E=__1983,4.04208312582216,0.0,10.800029191743496,3.40668079401508,9.68719109597039,6.1309007630139,5.828728802528235,5.549047000824661,15.868854919972351,7.572724891313559,12.059797255090196,6.921607057949043,11.04648548724703,8.470582324333895,4.063429644322265,5.853085487032883,1.8751597410316532,7.21490010972739,3.4727578013406863,3.3456189356921056,8.063672512983302
Korth:Henry_F=__1981,16.16833250328864,7.622073102180838,3.600009730581166,10.22004238204524,12.916254794627186,18.3927022890417,5.828728802528235,8.323570501236992,13.224045766643629,10.096966521751412,19.295675608144315,4.6144047052993615,6.6278912923482185,4.235291162166948,8.12685928864453,15.60822796542102,5.62547922309496,0.0,3.4727578013406863,5.0184284035381586,3.2254690051933212
Kosaraju:S=_Rao__1969,0.0,0.0,18.57622742912776,25.326196297670137,30.8577763505725,14.166099811568598,6.530830688885647,6.044478515578415,5.613461002135438,20.917351719079733,4.885269831969991,9.15131701054975,8.591759880108814,0.0,3.811036551090419,3.600009730581166,13.62672317606032,0.0,18.3927022890417,17.486186407584704,5.549047000824661
Kotz:David__1991,5.2896183066574505,0.0,9.647837804072156,6.921607057949043,15.465079682145843,19.058810229751263,10.158574110805665,3.902056991355255,1.8751597410316532,7.21490010972739,5.20913670201103,13.382475742768422,6.4509380103866425,12.44718459367013,10.514473345156093,14.510313998257118,9.818173833806917,18.992199799497826,5.251352542579984,5.084821644986893,13.547066033261116
Kraft:Donald_H=__1971,11.463625938548727,0.0,0.0,16.884130865113423,23.143332262929377,0.0,0.0,12.08895703115683,11.226922004270875,20.917351719079733,0.0,18.3026340210995,4.295879940054407,8.08416625164432,7.622073102180838,7.200019461162331,6.81336158803016,16.14531849328398,12.2618015260278,8.743093203792352,2.7745235004123305
Kriegman:David_J=__1989,8.323570501236992,0.0,17.66969141306497,4.823918902036079,9.228809410598725,11.04648548724703,8.470582324333895,10.158574110805665,9.755142478388136,9.375798705158266,9.018625137159235,10.41827340402206,15.055285210614477,19.352814031159927,15.558980742087662,16.52274382810243,20.314439597559964,18.233751405641417,14.922442699605432,5.251352542579984,2.5424108224934465
Kuipers:Benjamin__1977,5.613461002135438,5.229337929769933,0.0,0.0,4.295879940054407,8.08416625164432,7.622073102180838,3.600009730581166,3.40668079401508,12.916254794627186,21.45815267054865,8.743093203792352,2.7745235004123305,15.868854919972351,10.096966521751412,9.647837804072156,9.228809410598725,0.0,0.0,10.158574110805665,7.80411398271051
Kumar:Vipin__1982,8.08416625164432,15.244146204361677,0.0,10.22004238204524,12.916254794627186,18.3927022890417,2.9143644012641174,2.7745235004123305,21.1584732266298,7.572724891313559,19.295675608144315,18.45761882119745,26.51156516939287,8.470582324333895,22.348863043772457,27.314398939486782,30.00255585650645,16.23352524688663,13.891031205362744,15.055285210614477,19.352814031159927
Kurose:James_F=__1984,7.622073102180838,3.600009730581166,17.0334039700754,9.68719109597039,12.2618015260278,11.65745760505647,11.098094001649322,18.513664073301076,7.572724891313559,9.647837804072156,23.072023526496807,8.837188389797625,14.823519067584316,20.31714822161133,17.55925646109865,20.626757151348183,19.840975301750323,13.891031205362744,16.72809467846053,16.127345025966605,18.670776890505195
Labahn:George__1988,0.0,5.828728802528235,2.7745235004123305,0.0,5.048483260875706,0.0,0.0,2.209297097449406,2.117645581083474,6.095144466483397,3.902056991355255,1.8751597410316532,5.411175082295543,1.7363789006703432,1.6728094678460528,0.0,4.667694222626299,3.0041352414731692,8.706188398954271,4.20778878591725,2.7131713999282603
Laird:John_E=__1983,6.81336158803016,9.68719109597039,3.06545038150695,2.9143644012641174,5.549047000824661,13.224045766643629,2.524241630437853,12.059797255090196,2.3072023526496808,11.04648548724703,4.235291162166948,2.0317148221611325,9.755142478388136,7.500638964126613,1.8037250274318477,8.681894503351716,5.0184284035381586,3.2254690051933212,12.44718459367013,4.506202862209754,1.4510313998257118
Lakhotia:Arun__1990,2.9143644012641174,5.549047000824661,0.0,2.524241630437853,7.235878353054118,2.3072023526496808,2.209297097449406,2.117645581083474,2.0317148221611325,5.853085487032883,3.7503194820633063,1.8037250274318477,0.0,1.6728094678460528,6.4509380103866425,6.223592296835065,4.506202862209754,10.157219798779982,1.4025962619724166,4.06975709989239,1.312838135644996
Lam:Monica_S=__1987,9.19635114452085,2.9143644012641174,8.323570501236992,23.803282379958528,17.66969141306497,14.471756706108236,11.536011763248403,24.302268071943463,12.705873486500842,6.095144466483397,9.755142478388136,7.500638964126613,3.607450054863695,3.4727578013406863,8.364047339230265,9.676407015579963,3.1117961484175325,12.016540965892675,2.9020627996514237,0.0,4.06975709989239
Lam:Simon_S=__1974,12.08895703115683,0.0,5.229337929769933,9.770539663939982,18.3026340210995,25.77527964032644,12.12624937746648,19.055182755452098,3.600009730581166,3.40668079401508,16.14531849328398,15.327251907534748,11.65745760505647,8.323570501236992,10.5792366133149,10.096966521751412,9.647837804072156,11.536011763248403,8.837188389797625,10.58822790541737,16.25371857728906
Lamagna:Edmund_A=__1975,0.0,0.0,0.0,5.229337929769933,0.0,0.0,4.295879940054407,0.0,0.0,3.600009730581166,3.40668079401508,3.2290636986567964,0.0,2.9143644012641174,0.0,0.0,5.048483260875706,2.4119594510180393,0.0,0.0,0.0
Leavens:Gary_T=__1988,0.0,2.7745235004123305,10.5792366133149,2.524241630437853,0.0,11.536011763248403,11.04648548724703,4.235291162166948,4.063429644322265,5.853085487032883,5.62547922309496,12.626075192022933,5.20913670201103,5.0184284035381586,4.838203507789982,1.5558980742087662,10.514473345156093,11.608251198605696,14.025962619724163,6.782928499820651,3.938514406934989
Lee:Insup__1983,8.08416625164432,0.0,7.200019461162331,10.22004238204524,9.68719109597039,6.1309007630139,14.571822006320588,5.549047000824661,10.5792366133149,5.048483260875706,12.059797255090196,4.6144047052993615,8.837188389797625,12.705873486500842,10.158574110805665,13.657199469743391,13.126118187221572,14.42980021945478,15.62741010603309,15.055285210614477,12.901876020773283
Lee_0001:Peter__1987,6.1309007630139,5.828728802528235,2.7745235004123305,5.2896183066574505,7.572724891313559,0.0,6.921607057949043,2.209297097449406,19.058810229751263,2.0317148221611325,23.41234194813153,0.0,7.21490010972739,1.7363789006703432,1.6728094678460528,3.2254690051933212,0.0,6.0082704829463385,2.9020627996514237,5.610385047889666,4.06975709989239
Leen:Todd_K=__1982,2.7745235004123305,0.0,5.048483260875706,7.235878353054118,4.6144047052993615,0.0,2.117645581083474,4.063429644322265,1.9510284956776276,1.8751597410316532,1.8037250274318477,1.7363789006703432,0.0,1.6127345025966606,3.1117961484175325,0.0,0.0,4.20778878591725,4.06975709989239,0.0,2.5424108224934465
Leiserson:Charles_E=__1981,4.575658505274875,12.88763982016322,4.04208312582216,0.0,18.000048652905825,13.62672317606032,6.458127397313593,6.1309007630139,0.0,5.549047000824661,5.2896183066574505,5.048483260875706,4.823918902036079,0.0,4.418594194898812,12.705873486500842,12.190288932966794,7.80411398271051,7.500638964126613,1.8037250274318477,0.0
Lethbridge:Timothy__1994,0.0,2.209297097449406,0.0,8.12685928864453,13.657199469743391,3.7503194820633063,9.018625137159235,8.681894503351716,8.364047339230265,12.901876020773283,12.44718459367013,15.020676207365844,7.255156999128559,5.610385047889666,4.06975709989239,2.625676271289992,7.62723246748034,4.9262058302767695,8.356257808390161,6.946134544376781,11.232590248778695
Levesque:Hector_J=__1981,15.244146204361677,18.000048652905825,13.62672317606032,9.68719109597039,15.327251907534748,5.828728802528235,16.647141002473983,5.2896183066574505,5.048483260875706,4.823918902036079,4.6144047052993615,13.255782584696435,12.705873486500842,10.158574110805665,9.755142478388136,5.62547922309496,12.626075192022933,1.7363789006703432,6.691237871384211,3.2254690051933212,7.779490371043831
Levinson:Robert__1985,0.0,0.0,0.0,0.0,2.9143644012641174,0.0,10.5792366133149,7.572724891313559,2.4119594510180393,4.6144047052993615,2.209297097449406,6.352936743250421,6.095144466483397,0.0,3.7503194820633063,3.607450054863695,1.7363789006703432,1.6728094678460528,0.0,1.5558980742087662,0.0
Levoy:Marc__1989,11.098094001649322,0.0,2.524241630437853,2.4119594510180393,9.228809410598725,8.837188389797625,6.352936743250421,2.0317148221611325,0.0,1.8751597410316532,5.411175082295543,6.945515602681373,6.691237871384211,3.2254690051933212,10.891286519461364,7.510338103682923,7.255156999128559,2.805192523944833,1.35658569996413,1.312838135644996,2.5424108224934465
Lewis:Daniel_W=__1975,0.0,0.0,0.0,0.0,0.0,0.0,0.0,0.0,4.04208312582216,0.0,0.0,0.0,0.0,0.0,0.0,0.0,0.0,0.0,0.0,0.0,0.0
Lewis:Forbes_D=__1970,11.463625938548727,20.56403924621577,0.0,0.0,0.0,0.0,6.530830688885647,0.0,0.0,10.458675859539866,4.885269831969991,9.15131701054975,0.0,0.0,0.0,0.0,0.0,0.0,0.0,2.9143644012641174,0.0
Lewis:Harry_R=__1974,15.42888817528625,7.083049905784299,6.530830688885647,18.13343554673525,16.840383006406313,5.229337929769933,14.655809495909972,4.575658505274875,21.479399700272033,0.0,11.433109653271256,0.0,3.40668079401508,0.0,0.0,0.0,2.7745235004123305,0.0,0.0,0.0,0.0
Li:Kai__1986,6.81336158803016,0.0,9.19635114452085,5.828728802528235,2.7745235004123305,13.224045766643629,5.048483260875706,4.823918902036079,23.072023526496807,11.04648548724703,27.52939255408516,6.095144466483397,17.55925646109865,11.25095844618992,10.822350164591086,12.154652304692402,18.40090414630658,8.063672512983302,7.779490371043831,18.024811448839017,14.510313998257118
Li_0001:Ming__1985,7.200019461162331,17.0334039700754,16.14531849328398,18.3927022890417,23.31491521011294,2.7745235004123305,15.868854919972351,20.193933043502824,14.471756706108236,18.45761882119745,11.04648548724703,16.94116464866779,16.25371857728906,17.55925646109865,28.1273961154748,27.05587541147771,3.4727578013406863,10.036856807076315,9.676407015579963,18.670776890505195,12.016540965892675
Ling:Nam__1989,2.9143644012641174,2.7745235004123305,7.934427459986176,0.0,4.823918902036079,2.3072023526496808,4.418594194898812,6.352936743250421,2.0317148221611325,1.9510284956776276,11.25095844618992,0.0,0.0,13.382475742768422,8.063672512983302,4.667694222626299,12.016540965892675,15.96134539808283,11.220770095779333,2.7131713999282603,5.251352542579984
Liskov:Barbara__1968,18.57622742912776,0.0,7.714444087643125,14.166099811568598,13.061661377771294,6.044478515578415,16.840383006406313,15.6880137893098,0.0,4.575658505274875,12.88763982016322,12.12624937746648,7.622073102180838,7.200019461162331,13.62672317606032,3.2290636986567964,12.2618015260278,5.828728802528235,22.196188003298644,13.224045766643629,10.096966521751412
Litman:Diane_J=__1986,2.7745235004123305,5.2896183066574505,7.572724891313559,4.823918902036079,2.3072023526496808,4.418594194898812,6.352936743250421,6.095144466483397,5.853085487032883,3.7503194820633063,14.42980021945478,6.945515602681373,6.691237871384211,6.4509380103866425,12.44718459367013,7.510338103682923,24.667533797037105,14.025962619724163,12.209271299677171,14.441219492094955,8.898437878727062
Lloyd:Errol_L=__1980,9.770539663939982,9.15131701054975,4.295879940054407,8.08416625164432,3.811036551090419,7.200019461162331,6.81336158803016,3.2290636986567964,6.1309007630139,2.9143644012641174,0.0,7.934427459986176,12.621208152189263,12.059797255090196,2.3072023526496808,2.209297097449406,6.352936743250421,2.0317148221611325,1.9510284956776276,0.0,0.0
Lo:Virginia_Mary__1983,3.600009730581166,0.0,0.0,6.1309007630139,0.0,5.549047000824661,5.2896183066574505,10.096966521751412,0.0,4.6144047052993615,2.209297097449406,2.117645581083474,4.063429644322265,3.902056991355255,3.7503194820633063,1.8037250274318477,0.0,6.691237871384211,0.0,6.223592296835065,7.510338103682923
Long:Darrell_D=_E=__1988,9.19635114452085,11.65745760505647,5.549047000824661,18.513664073301076,10.096966521751412,9.647837804072156,4.6144047052993615,4.418594194898812,12.705873486500842,6.095144466483397,9.755142478388136,9.375798705158266,12.626075192022933,19.100167907373773,11.70966627492237,14.514610523369946,10.891286519461364,6.0082704829463385,13.059282598431407,5.610385047889666,5.426342799856521
Lopresti:Daniel_P=__1987,3.40668079401508,3.2290636986567964,0.0,2.9143644012641174,11.098094001649322,7.934427459986176,5.048483260875706,4.823918902036079,6.921607057949043,6.6278912923482185,8.470582324333895,10.158574110805665,5.853085487032883,5.62547922309496,7.21490010972739,12.154652304692402,6.691237871384211,6.4509380103866425,3.1117961484175325,7.510338103682923,11.608251198605696
Louis:Sushil_J=__1993,2.3072023526496808,0.0,0.0,6.095144466483397,3.902056991355255,5.62547922309496,1.8037250274318477,0.0,6.691237871384211,6.4509380103866425,9.335388445252596,16.52274382810243,2.9020627996514237,19.636347667613833,4.06975709989239,2.625676271289992,6.356027056233616,3.694654372707577,3.581253346452926,8.103823635106245,3.3697770746336086
Lowe:David_G=__1984,0.0,10.800029191743496,3.40668079401508,6.458127397313593,3.06545038150695,5.828728802528235,5.549047000824661,5.2896183066574505,2.524241630437853,2.4119594510180393,4.6144047052993615,2.209297097449406,4.235291162166948,6.095144466483397,0.0,5.62547922309496,5.411175082295543,5.20913670201103,8.364047339230265,3.2254690051933212,6.223592296835065
Lowenthal:David_K=__1996,4.235291162166948,0.0,1.9510284956776276,1.8751597410316532,3.607450054863695,3.4727578013406863,1.6728094678460528,9.676407015579963,6.223592296835065,13.51860858662926,10.157219798779982,2.805192523944833,2.7131713999282603,2.625676271289992,2.5424108224934465,3.694654372707577,3.581253346452926,4.630756362917854,2.246518049755739,4.361450671303054,2.117818278403299
Lubiw:Anna__1986,3.2290636986567964,3.06545038150695,0.0,5.549047000824661,18.513664073301076,2.524241630437853,9.647837804072156,6.921607057949043,0.0,2.117645581083474,6.095144466483397,15.60822796542102,11.25095844618992,3.607450054863695,5.20913670201103,8.364047339230265,8.063672512983302,3.1117961484175325,4.506202862209754,4.353094199477136,7.012981309862083
Luger:George_F=__1973,0.0,0.0,4.575658505274875,0.0,0.0,0.0,0.0,0.0,0.0,0.0,0.0,0.0,0.0,2.524241630437853,4.823918902036079,0.0,0.0,4.235291162166948,2.0317148221611325,0.0,1.8751597410316532
Lutz:Jack_H=__1987,3.2290636986567964,3.06545038150695,2.9143644012641174,11.098094001649322,7.934427459986176,10.096966521751412,16.883716157126276,13.843214115898084,15.465079682145843,6.352936743250421,12.190288932966794,3.902056991355255,9.375798705158266,10.822350164591086,3.4727578013406863,3.3456189356921056,6.4509380103866425,9.335388445252596,13.51860858662926,7.255156999128559,7.012981309862083
M=uuml=ller:Hausi_A=__1986,3.40668079401508,0.0,3.06545038150695,0.0,0.0,2.6448091533287252,7.572724891313559,14.471756706108236,11.536011763248403,11.04648548724703,2.117645581083474,14.222003755127927,1.9510284956776276,7.500638964126613,9.018625137159235,6.945515602681373,10.036856807076315,4.838203507789982,6.223592296835065,9.012405724419509,7.255156999128559
MacGregor:Mike_H=__1991,0.0,2.4119594510180393,4.6144047052993615,0.0,0.0,4.063429644322265,1.9510284956776276,0.0,0.0,0.0,1.6728094678460528,3.2254690051933212,4.667694222626299,3.0041352414731692,5.804125599302847,2.805192523944833,4.06975709989239,5.251352542579984,3.81361623374017,8.620860202984346,2.3875022309686176
MacLennan:Bruce_J=__1975,0.0,0.0,4.575658505274875,8.591759880108814,8.08416625164432,3.811036551090419,3.600009730581166,0.0,0.0,3.06545038150695,0.0,0.0,0.0,0.0,4.823918902036079,2.3072023526496808,0.0,0.0,2.0317148221611325,0.0,1.8751597410316532
Madison:A=_Wayne__1978,0.0,0.0,0.0,0.0,0.0,0.0,0.0,0.0,0.0,0.0,0.0,0.0,0.0,0.0,0.0,0.0,0.0,0.0,2.209297097449406,0.0,2.0317148221611325
Mahadevan:Sridhar__1990,0.0,5.2896183066574505,5.048483260875706,2.4119594510180393,4.6144047052993615,0.0,8.470582324333895,0.0,5.853085487032883,1.8751597410316532,3.607450054863695,8.681894503351716,10.036856807076315,4.838203507789982,6.223592296835065,10.514473345156093,7.255156999128559,11.220770095779333,2.7131713999282603,9.189866949514972,5.084821644986893
Mahgoub:Imad__1989,0.0,0.0,0.0,7.572724891313559,2.4119594510180393,2.3072023526496808,2.209297097449406,0.0,4.063429644322265,5.853085487032883,1.8751597410316532,1.8037250274318477,0.0,0.0,0.0,4.667694222626299,0.0,2.9020627996514237,4.20778878591725,8.13951419978478,2.625676271289992
Maida:Anthony_S=__1980,3.811036551090419,3.600009730581166,0.0,6.458127397313593,0.0,2.9143644012641174,0.0,5.2896183066574505,2.524241630437853,4.823918902036079,0.0,2.209297097449406,0.0,2.0317148221611325,0.0,1.8751597410316532,1.8037250274318477,1.7363789006703432,0.0,1.6127345025966606,1.5558980742087662
Maier:David__1978,11.226922004270875,31.3760275786196,19.541079327879963,27.45395103164925,34.367039520435256,28.29458188075512,26.677255857632936,10.800029191743496,40.88016952818096,16.14531849328398,9.19635114452085,23.31491521011294,13.872617502061653,5.2896183066574505,10.096966521751412,19.295675608144315,11.536011763248403,11.04648548724703,8.470582324333895,6.095144466483397,9.755142478388136
Major:Fran=ccedil=ois__1990,0.0,4.418594194898812,0.0,0.0,0.0,0.0,0.0,0.0,1.6728094678460528,1.6127345025966606,1.5558980742087662,0.0,0.0,0.0,0.0,0.0,1.2712054112467233,0.0,1.1937511154843088,0.0,0.0
Makedon:Fillia__1982,8.08416625164432,0.0,3.600009730581166,0.0,3.2290636986567964,0.0,11.65745760505647,8.323570501236992,21.1584732266298,10.096966521751412,9.647837804072156,4.6144047052993615,6.6278912923482185,4.235291162166948,6.095144466483397,13.657199469743391,1.8751597410316532,5.411175082295543,0.0,1.6728094678460528,9.676407015579963
Makrakis:Dimitrios__1992,0.0,8.12685928864453,5.853085487032883,7.500638964126613,3.607450054863695,10.41827340402206,1.6728094678460528,6.4509380103866425,4.667694222626299,3.0041352414731692,1.4510313998257118,4.20778878591725,5.426342799856521,3.938514406934989,8.898437878727062,14.778617490830309,5.968755577421544,11.576890907294636,8.986072199022956,9.81326401043187,1.0589091392016494
Malaiya:Yashwant_K=__1978,5.613461002135438,0.0,0.0,13.726975515824623,4.295879940054407,4.04208312582216,3.811036551090419,3.600009730581166,0.0,3.2290636986567964,3.06545038150695,8.743093203792352,2.7745235004123305,18.513664073301076,20.193933043502824,19.295675608144315,9.228809410598725,8.837188389797625,4.235291162166948,6.095144466483397,3.902056991355255
Malik:Jitendra__1985,0.0,6.458127397313593,3.06545038150695,2.9143644012641174,8.323570501236992,0.0,7.572724891313559,7.235878353054118,9.228809410598725,8.837188389797625,16.94116464866779,16.25371857728906,17.55925646109865,15.001277928253224,3.607450054863695,17.36378900670343,10.036856807076315,9.676407015579963,14.003082667878896,10.514473345156093,10.157219798779982
Malony:Allen_D=__1990,5.048483260875706,9.647837804072156,11.536011763248403,17.67437677959525,2.117645581083474,2.0317148221611325,11.706170974065763,7.500638964126613,3.607450054863695,10.41827340402206,3.3456189356921056,16.127345025966605,7.779490371043831,22.531014311048768,23.21650239721139,15.428558881696585,13.5658569996413,10.502705085159969,6.356027056233616,11.083963118122732,5.968755577421544
Mann:Stephen__1992,2.4119594510180393,0.0,2.209297097449406,2.117645581083474,6.095144466483397,1.9510284956776276,3.7503194820633063,0.0,3.4727578013406863,8.364047339230265,6.4509380103866425,1.5558980742087662,1.5020676207365846,5.804125599302847,2.805192523944833,4.06975709989239,5.251352542579984,1.2712054112467233,1.2315514575691924,1.1937511154843088,2.315378181458927
Manning:Christopher_D=__1995,0.0,0.0,0.0,0.0,1.9510284956776276,0.0,1.8037250274318477,8.681894503351716,10.036856807076315,19.352814031159927,12.44718459367013,12.016540965892675,7.255156999128559,4.20778878591725,16.27902839956956,14.441219492094955,20.339286579947572,17.241720405968692,21.48752007871756,26.62684908677766,31.451252696580347
Martin:James_H=__1988,0.0,0.0,2.6448091533287252,7.572724891313559,2.4119594510180393,2.3072023526496808,4.418594194898812,0.0,4.063429644322265,0.0,0.0,3.607450054863695,0.0,1.6728094678460528,1.6127345025966606,3.1117961484175325,4.506202862209754,4.353094199477136,11.220770095779333,17.63561409953369,6.56419067822498
Martin:Patrick__1984,0.0,0.0,3.40668079401508,3.2290636986567964,3.06545038150695,2.9143644012641174,8.323570501236992,5.2896183066574505,5.048483260875706,7.235878353054118,9.228809410598725,6.6278912923482185,6.352936743250421,6.095144466483397,5.853085487032883,0.0,7.21490010972739,3.4727578013406863,11.70966627492237,6.4509380103866425,7.779490371043831
Martin:Worthy_N=__1981,12.88763982016322,4.04208312582216,0.0,0.0,3.40668079401508,6.458127397313593,3.06545038150695,5.828728802528235,5.549047000824661,5.2896183066574505,2.524241630437853,0.0,4.6144047052993615,8.837188389797625,4.235291162166948,2.0317148221611325,3.902056991355255,0.0,5.411175082295543,0.0,0.0
Martonosi:Margaret__1993,0.0,4.418594194898812,8.470582324333895,6.095144466483397,19.510284956776275,15.001277928253224,19.840975301750323,6.945515602681373,10.036856807076315,9.676407015579963,15.558980742087662,15.020676207365844,21.765470997385677,5.610385047889666,8.13951419978478,3.938514406934989,6.356027056233616,17.241720405968692,9.55000892387447,6.946134544376781,6.739554149267217
Masson:Gerald_M=__1971,7.083049905784299,0.0,6.044478515578415,11.226922004270875,15.6880137893098,9.770539663939982,0.0,8.591759880108814,12.12624937746648,3.811036551090419,3.600009730581166,6.81336158803016,9.68719109597039,9.19635114452085,2.9143644012641174,5.549047000824661,7.934427459986176,7.572724891313559,2.4119594510180393,0.0,11.04648548724703
Mataric:Maja_J=__1994,11.04648548724703,2.117645581083474,16.25371857728906,21.461313452453904,9.375798705158266,32.46705049377326,20.83654680804412,35.12899882476711,25.80375204154657,26.450267261549023,3.0041352414731692,15.96134539808283,8.4155775718345,16.27902839956956,15.754057627739954,11.44084870122051,16.0101689483995,7.162506692905852,8.103823635106245,7.862813174145087,5.451813339128817
Matta:Ibrahim__1995,6.6278912923482185,2.117645581083474,4.063429644322265,13.657199469743391,9.375798705158266,10.822350164591086,10.41827340402206,11.70966627492237,6.4509380103866425,14.003082667878896,9.012405724419509,4.353094199477136,11.220770095779333,5.426342799856521,5.251352542579984,3.81361623374017,7.389308745415154,3.581253346452926,2.315378181458927,4.493036099511478,0.0
Mazumder:Pinaki__1988,9.68719109597039,6.1309007630139,11.65745760505647,16.647141002473983,7.934427459986176,10.096966521751412,19.295675608144315,13.843214115898084,4.418594194898812,6.352936743250421,4.063429644322265,13.657199469743391,5.62547922309496,7.21490010972739,12.154652304692402,18.40090414630658,14.514610523369946,14.003082667878896,7.510338103682923,5.804125599302847,2.805192523944833
McCartney:Robert__1987,3.2290636986567964,0.0,0.0,0.0,0.0,0.0,4.823918902036079,0.0,4.418594194898812,4.235291162166948,2.0317148221611325,5.853085487032883,1.8751597410316532,1.8037250274318477,3.4727578013406863,0.0,3.2254690051933212,9.335388445252596,6.0082704829463385,7.255156999128559,14.025962619724163
McCoy:Kathleen_F=__1985,3.600009730581166,6.81336158803016,0.0,3.06545038150695,2.9143644012641174,5.549047000824661,0.0,7.572724891313559,0.0,4.6144047052993615,0.0,0.0,2.0317148221611325,7.80411398271051,1.8751597410316532,7.21490010972739,5.20913670201103,1.6728094678460528,4.838203507789982,3.1117961484175325,1.5020676207365846
McDowell:Charles_E=__1983,0.0,3.40668079401508,0.0,6.1309007630139,11.65745760505647,5.549047000824661,5.2896183066574505,2.524241630437853,7.235878353054118,0.0,0.0,6.352936743250421,2.0317148221611325,5.853085487032883,1.8751597410316532,3.607450054863695,0.0,3.3456189356921056,4.838203507789982,3.1117961484175325,0.0
McKeown:Kathleen__1982,4.295879940054407,12.12624937746648,7.622073102180838,7.200019461162331,3.40668079401508,6.458127397313593,3.06545038150695,0.0,11.098094001649322,15.868854919972351,5.048483260875706,7.235878353054118,9.228809410598725,6.6278912923482185,8.470582324333895,18.28543339945019,7.80411398271051,7.500638964126613,9.018625137159235,12.154652304692402,10.036856807076315
McKeown:Nick__1995,2.209297097449406,4.235291162166948,8.12685928864453,9.755142478388136,16.87643766928488,5.411175082295543,8.681894503351716,10.036856807076315,8.063672512983302,7.779490371043831,19.5268790695756,8.706188398954271,9.818173833806917,17.63561409953369,10.502705085159969,13.983259523713956,3.694654372707577,10.74376003935878,9.261512725835708,14.602367323412304,6.5421760069545805
McKinley:Philip_K=__1989,2.7745235004123305,5.2896183066574505,7.572724891313559,19.295675608144315,25.37922587914649,22.09297097449406,8.470582324333895,16.25371857728906,3.902056991355255,9.375798705158266,9.018625137159235,6.945515602681373,10.036856807076315,8.063672512983302,17.11487881629643,9.012405724419509,7.255156999128559,14.025962619724163,9.496099899748913,14.441219492094955,8.898437878727062
Melhem:Rami_G=__1983,3.811036551090419,7.200019461162331,6.81336158803016,16.14531849328398,9.19635114452085,17.486186407584704,8.323570501236992,18.513664073301076,7.572724891313559,7.235878353054118,18.45761882119745,15.465079682145843,8.470582324333895,20.31714822161133,13.657199469743391,20.626757151348183,12.626075192022933,13.891031205362744,10.036856807076315,20.96554853375659,23.338471113131497
Meng:Teresa_H=_Y=__1988,0.0,2.9143644012641174,2.7745235004123305,5.2896183066574505,10.096966521751412,9.647837804072156,29.99363058444585,13.255782584696435,10.58822790541737,6.095144466483397,17.55925646109865,13.126118187221572,9.018625137159235,8.681894503351716,5.0184284035381586,9.676407015579963,4.667694222626299,4.506202862209754,4.353094199477136,5.610385047889666,2.7131713999282603
Meng:Weiyi__1992,5.048483260875706,4.823918902036079,9.228809410598725,6.6278912923482185,2.117645581083474,8.12685928864453,7.80411398271051,13.126118187221572,7.21490010972739,8.681894503351716,10.036856807076315,11.289141518176624,12.44718459367013,10.514473345156093,13.059282598431407,19.636347667613833,5.426342799856521,9.189866949514972,6.356027056233616,4.9262058302767695,8.356257808390161
Metaxas:Dimitris_N=__1992,5.048483260875706,4.823918902036079,20.764821173847128,8.837188389797625,23.29410139191821,18.28543339945019,25.36337044380916,13.126118187221572,19.840975301750323,19.100167907373773,21.746523081998685,24.19101753894991,24.89436918734026,33.04548765620486,34.824753595817086,47.68827290706216,27.131713999282603,24.94392457725493,19.06808116870085,36.94654372707577,26.262524540654795
Micali:Silvio__1983,8.08416625164432,22.866219306542515,14.40003892232466,27.25344635212064,6.458127397313593,33.719954196576445,20.400550808848823,13.872617502061653,10.5792366133149,5.048483260875706,2.4119594510180393,4.6144047052993615,4.418594194898812,6.352936743250421,2.0317148221611325,3.902056991355255,18.75159741031653,10.822350164591086,10.41827340402206,5.0184284035381586,9.676407015579963
Miikkulainen:Risto__1990,2.7745235004123305,2.6448091533287252,2.524241630437853,0.0,20.764821173847128,11.04648548724703,8.470582324333895,18.28543339945019,7.80411398271051,5.62547922309496,12.626075192022933,0.0,11.70966627492237,11.289141518176624,15.558980742087662,22.531014311048768,23.21650239721139,12.623366357751747,12.209271299677171,11.815543220804964,15.25446493496068
Milenkovic:Victor_J=__1988,3.06545038150695,5.828728802528235,8.323570501236992,2.6448091533287252,2.524241630437853,16.883716157126276,2.3072023526496808,6.6278912923482185,8.470582324333895,10.158574110805665,3.902056991355255,1.8751597410316532,3.607450054863695,1.7363789006703432,1.6728094678460528,0.0,1.5558980742087662,0.0,1.4510313998257118,2.805192523944833,0.0
Miller:Ethan_L=__1995,4.6144047052993615,2.209297097449406,4.235291162166948,14.222003755127927,7.80411398271051,9.375798705158266,3.607450054863695,1.7363789006703432,5.0184284035381586,8.063672512983302,14.003082667878896,7.510338103682923,11.608251198605696,8.4155775718345,9.496099899748913,7.877028813869977,5.084821644986893,4.9262058302767695,7.162506692905852,6.946134544376781,5.616295124389348
Miller:John_A=__1986,0.0,0.0,0.0,2.9143644012641174,2.7745235004123305,7.934427459986176,7.572724891313559,7.235878353054118,4.6144047052993615,2.209297097449406,4.235291162166948,4.063429644322265,3.902056991355255,3.7503194820633063,5.411175082295543,6.945515602681373,8.364047339230265,8.063672512983302,10.891286519461364,10.514473345156093,7.255156999128559
Miller:Leslie_L=__1980,0.0,0.0,0.0,0.0,3.811036551090419,3.600009730581166,6.81336158803016,6.458127397313593,12.2618015260278,5.828728802528235,5.549047000824661,10.5792366133149,2.524241630437853,7.235878353054118,6.921607057949043,0.0,0.0,2.0317148221611325,3.902056991355255,1.8751597410316532,5.411175082295543
Miller:Russ__1985,10.800029191743496,0.0,9.68719109597039,9.19635114452085,14.571822006320588,5.549047000824661,10.5792366133149,5.048483260875706,9.647837804072156,11.536011763248403,2.209297097449406,2.117645581083474,0.0,1.9510284956776276,1.8751597410316532,1.8037250274318477,1.7363789006703432,1.6728094678460528,0.0,14.003082667878896,0.0
Mitchell:Tom_M=__1979,0.0,5.229337929769933,0.0,9.15131701054975,17.183519760217628,12.12624937746648,3.811036551090419,18.000048652905825,3.40668079401508,0.0,0.0,11.65745760505647,5.549047000824661,7.934427459986176,5.048483260875706,9.647837804072156,2.3072023526496808,8.837188389797625,2.117645581083474,8.12685928864453,7.80411398271051
Mizuno:Masaaki__1987,0.0,0.0,0.0,5.549047000824661,5.2896183066574505,12.621208152189263,4.823918902036079,6.921607057949043,0.0,10.58822790541737,2.0317148221611325,3.902056991355255,3.7503194820633063,1.8037250274318477,0.0,8.364047339230265,1.6127345025966606,3.1117961484175325,0.0,1.4510313998257118,0.0
Mohapatra:Prasant__1993,7.235878353054118,4.6144047052993615,11.04648548724703,14.823519067584316,10.158574110805665,9.755142478388136,7.500638964126613,7.21490010972739,8.681894503351716,13.382475742768422,20.96554853375659,15.558980742087662,12.016540965892675,24.667533797037105,29.45452150142075,14.922442699605432,11.815543220804964,19.06808116870085,40.641198099783345,20.293768963233248,35.88836181261337
Molloy:Michael__1994,8.470582324333895,12.190288932966794,11.706170974065763,7.500638964126613,5.411175082295543,6.945515602681373,13.382475742768422,8.063672512983302,9.335388445252596,4.506202862209754,4.353094199477136,1.4025962619724166,4.06975709989239,3.938514406934989,3.81361623374017,2.4631029151383848,5.968755577421544,3.4730672721883904,2.246518049755739,1.0903626678257634,1.0589091392016494
Mooney:Raymond_J=__1988,3.06545038150695,11.65745760505647,8.323570501236992,13.224045766643629,7.572724891313559,12.059797255090196,13.843214115898084,11.04648548724703,10.58822790541737,8.12685928864453,3.902056991355255,9.375798705158266,3.607450054863695,5.20913670201103,5.0184284035381586,9.676407015579963,10.891286519461364,19.5268790695756,8.706188398954271,12.623366357751747,9.496099899748913
Moret:Bernard_M=_E=__1980,4.885269831969991,0.0,4.295879940054407,8.08416625164432,0.0,0.0,0.0,0.0,0.0,0.0,2.7745235004123305,10.5792366133149,7.572724891313559,2.4119594510180393,0.0,4.418594194898812,0.0,4.063429644322265,1.9510284956776276,7.500638964126613,7.21490010972739
Morrisett:J=_Gregory__1995,6.352936743250421,2.0317148221611325,9.755142478388136,9.375798705158266,10.822350164591086,1.7363789006703432,10.036856807076315,6.4509380103866425,7.779490371043831,4.506202862209754,10.157219798779982,7.012981309862083,10.85268559971304,3.938514406934989,6.356027056233616,3.694654372707577,4.775004461937235,4.630756362917854,1.1232590248778695,2.180725335651527,3.1767274176049485
Morse:Bryan_S=__1995,9.228809410598725,0.0,0.0,2.0317148221611325,11.706170974065763,9.375798705158266,0.0,5.20913670201103,1.6728094678460528,1.6127345025966606,1.5558980742087662,6.0082704829463385,2.9020627996514237,5.610385047889666,4.06975709989239,7.877028813869977,7.62723246748034,1.2315514575691924,3.581253346452926,2.315378181458927,1.1232590248778695
Moss:J=_Eliot_B=__1981,0.0,10.22004238204524,16.14531849328398,3.06545038150695,5.828728802528235,8.323570501236992,2.6448091533287252,15.145449782627118,9.647837804072156,13.843214115898084,4.418594194898812,6.352936743250421,4.063429644322265,9.755142478388136,1.8751597410316532,7.21490010972739,6.945515602681373,10.036856807076315,4.838203507789982,9.335388445252596,7.510338103682923
Moss=eacute=:Daniel__1993,0.0,6.921607057949043,8.837188389797625,10.58822790541737,10.158574110805665,13.657199469743391,18.75159741031653,16.23352524688663,5.20913670201103,11.70966627492237,20.96554853375659,21.782573038922727,18.024811448839017,15.96134539808283,14.025962619724163,12.209271299677171,9.189866949514972,12.712054112467232,13.547066033261116,9.55000892387447,9.261512725835708
Mostow:David_J=__1981,10.800029191743496,3.40668079401508,9.68719109597039,3.06545038150695,14.571822006320588,2.7745235004123305,2.6448091533287252,0.0,7.235878353054118,9.228809410598725,2.209297097449406,0.0,2.0317148221611325,1.9510284956776276,1.8751597410316532,1.8037250274318477,0.0,8.364047339230265,6.4509380103866425,4.667694222626299,3.0041352414731692
Mowry:Todd_C=__1994,0.0,0.0,0.0,8.470582324333895,2.0317148221611325,7.80411398271051,3.7503194820633063,7.21490010972739,5.20913670201103,5.0184284035381586,0.0,3.1117961484175325,10.514473345156093,5.804125599302847,11.220770095779333,9.496099899748913,3.938514406934989,5.084821644986893,1.2315514575691924,5.968755577421544,3.4730672721883904
Mozer:Michael_C=__1987,3.06545038150695,5.828728802528235,8.323570501236992,13.224045766643629,10.096966521751412,4.823918902036079,6.921607057949043,4.418594194898812,2.117645581083474,8.12685928864453,3.902056991355255,7.500638964126613,5.411175082295543,8.681894503351716,1.6728094678460528,1.6127345025966606,4.667694222626299,4.506202862209754,2.9020627996514237,2.805192523944833,5.426342799856521
Mullin:Lenore_M=_Restifo__1988,0.0,4.823918902036079,0.0,0.0,2.117645581083474,0.0,0.0,1.8751597410316532,1.8037250274318477,0.0,1.6728094678460528,0.0,0.0,3.0041352414731692,1.4510313998257118,1.4025962619724166,1.35658569996413,1.312838135644996,0.0,0.0,0.0
Munson:Ethan_V=__1994,0.0,0.0,2.117645581083474,2.0317148221611325,5.853085487032883,3.7503194820633063,5.411175082295543,1.7363789006703432,3.3456189356921056,6.4509380103866425,15.558980742087662,12.016540965892675,4.353094199477136,4.20778878591725,6.782928499820651,10.502705085159969,5.084821644986893,6.157757287845962,1.1937511154843088,4.630756362917854,6.739554149267217
Murphy:Gail_C=__1996,6.352936743250421,6.095144466483397,9.755142478388136,7.500638964126613,7.21490010972739,5.20913670201103,6.691237871384211,12.901876020773283,6.223592296835065,16.52274382810243,13.059282598431407,11.220770095779333,8.13951419978478,9.189866949514972,11.44084870122051,9.85241166055354,4.775004461937235,4.630756362917854,11.232590248778695,9.81326401043187,6.353454835209897
Myrvold:Wendy_J=__1988,0.0,0.0,0.0,0.0,2.524241630437853,0.0,0.0,0.0,2.117645581083474,6.095144466483397,3.902056991355255,1.8751597410316532,1.8037250274318477,3.4727578013406863,0.0,0.0,4.667694222626299,6.0082704829463385,0.0,0.0,0.0
Najjar:Walid_A=__1988,5.828728802528235,5.549047000824661,5.2896183066574505,2.524241630437853,12.059797255090196,13.843214115898084,8.837188389797625,6.352936743250421,6.095144466483397,0.0,5.62547922309496,5.411175082295543,15.62741010603309,6.691237871384211,14.514610523369946,7.779490371043831,18.024811448839017,11.608251198605696,7.012981309862083,6.782928499820651,5.251352542579984
Narahari:Bhagirath__1987,0.0,0.0,2.9143644012641174,11.098094001649322,5.2896183066574505,17.66969141306497,9.647837804072156,2.3072023526496808,2.209297097449406,6.352936743250421,4.063429644322265,3.902056991355255,7.500638964126613,1.8037250274318477,0.0,0.0,4.838203507789982,3.1117961484175325,4.506202862209754,2.9020627996514237,2.805192523944833
Narasimhan:Giri__1989,2.9143644012641174,2.7745235004123305,2.6448091533287252,5.048483260875706,4.823918902036079,9.228809410598725,6.6278912923482185,0.0,6.095144466483397,5.853085487032883,5.62547922309496,3.607450054863695,10.41827340402206,13.382475742768422,6.4509380103866425,3.1117961484175325,7.510338103682923,10.157219798779982,11.220770095779333,9.496099899748913,5.251352542579984
Navathe:Shamkant_B=__1976,14.166099811568598,6.530830688885647,6.044478515578415,11.226922004270875,5.229337929769933,9.770539663939982,0.0,12.88763982016322,16.16833250328864,19.055182755452098,0.0,17.0334039700754,16.14531849328398,15.327251907534748,11.65745760505647,19.421664502886316,21.1584732266298,30.290899565254236,28.943513412216472,11.536011763248403,11.04648548724703
Nayar:Shree_K=__1990,5.2896183066574505,7.572724891313559,12.059797255090196,13.843214115898084,15.465079682145843,35.99997487841905,16.25371857728906,21.461313452453904,18.75159741031653,10.822350164591086,19.100167907373773,15.055285210614477,19.352814031159927,18.670776890505195,24.03308193178535,24.667533797037105,22.441540191558666,14.922442699605432,7.877028813869977,5.084821644986893,8.620860202984346
Neal:Radford_M=__1995,4.418594194898812,0.0,2.0317148221611325,1.9510284956776276,0.0,3.607450054863695,1.7363789006703432,0.0,1.6127345025966606,1.5558980742087662,1.5020676207365846,4.353094199477136,2.805192523944833,0.0,1.312838135644996,0.0,0.0,0.0,0.0,1.1232590248778695,0.0
Ng:Raymond_T=__1992,10.096966521751412,7.235878353054118,11.536011763248403,8.837188389797625,14.823519067584316,20.31714822161133,13.657199469743391,26.252236374443143,14.42980021945478,10.41827340402206,11.70966627492237,8.063672512983302,10.891286519461364,9.012405724419509,8.706188398954271,11.220770095779333,6.782928499820651,7.877028813869977,6.356027056233616,2.4631029151383848,4.775004461937235
Ng:Yiu=Kai__1991,5.2896183066574505,0.0,0.0,0.0,6.6278912923482185,6.352936743250421,8.12685928864453,5.853085487032883,9.375798705158266,3.607450054863695,8.681894503351716,3.3456189356921056,4.838203507789982,6.223592296835065,4.506202862209754,4.353094199477136,4.20778878591725,9.496099899748913,9.189866949514972,5.084821644986893,8.620860202984346
Nishimura:Naomi__1991,2.6448091533287252,2.524241630437853,2.4119594510180393,6.921607057949043,11.04648548724703,12.705873486500842,0.0,5.853085487032883,1.8751597410316532,5.411175082295543,6.945515602681373,3.3456189356921056,1.6127345025966606,6.223592296835065,4.506202862209754,2.9020627996514237,2.805192523944833,2.7131713999282603,0.0,0.0,0.0
Novak:Gordon_S=__1976,0.0,0.0,4.885269831969991,4.575658505274875,4.295879940054407,12.12624937746648,0.0,0.0,0.0,0.0,0.0,0.0,2.7745235004123305,5.2896183066574505,5.048483260875706,2.4119594510180393,2.3072023526496808,6.6278912923482185,0.0,2.0317148221611325,0.0
Nowick:Steven_M=__1993,2.4119594510180393,4.6144047052993615,11.04648548724703,8.470582324333895,14.222003755127927,7.80411398271051,3.7503194820633063,5.411175082295543,5.20913670201103,8.364047339230265,4.838203507789982,3.1117961484175325,4.506202862209754,1.4510313998257118,9.818173833806917,4.06975709989239,1.312838135644996,6.356027056233616,6.157757287845962,2.3875022309686176,3.4730672721883904
Ntafos:Simeon_C=__1979,5.229337929769933,0.0,13.726975515824623,0.0,0.0,19.055182755452098,0.0,10.22004238204524,3.2290636986567964,12.2618015260278,0.0,8.323570501236992,13.224045766643629,10.096966521751412,4.823918902036079,4.6144047052993615,2.209297097449406,0.0,0.0,5.853085487032883,0.0
Obradovic:Zoran__1991,0.0,2.524241630437853,2.4119594510180393,6.921607057949043,2.209297097449406,6.352936743250421,4.063429644322265,1.9510284956776276,0.0,19.840975301750323,12.154652304692402,6.691237871384211,8.063672512983302,7.779490371043831,9.012405724419509,8.706188398954271,7.012981309862083,9.496099899748913,9.189866949514972,11.44084870122051,14.778617490830309
Offutt:A=_Jefferson__1988,3.06545038150695,2.9143644012641174,2.7745235004123305,13.224045766643629,10.096966521751412,9.647837804072156,11.536011763248403,0.0,10.58822790541737,8.12685928864453,3.902056991355255,11.25095844618992,10.822350164591086,6.945515602681373,10.036856807076315,9.676407015579963,15.558980742087662,7.510338103682923,17.412376797908543,11.220770095779333,12.209271299677171
Olfman:Lorne__1987,0.0,3.06545038150695,2.9143644012641174,2.7745235004123305,5.2896183066574505,12.621208152189263,2.4119594510180393,13.843214115898084,6.6278912923482185,2.117645581083474,6.095144466483397,11.706170974065763,9.375798705158266,7.21490010972739,3.4727578013406863,3.3456189356921056,12.901876020773283,6.223592296835065,10.514473345156093,5.804125599302847,2.805192523944833
Oliveira:Suely__1993,0.0,0.0,0.0,2.0317148221611325,3.902056991355255,3.7503194820633063,5.411175082295543,5.20913670201103,3.3456189356921056,0.0,0.0,3.0041352414731692,2.9020627996514237,1.4025962619724166,4.06975709989239,0.0,0.0,1.2315514575691924,1.1937511154843088,0.0,0.0
Olsson:Ronald_A=__1986,3.40668079401508,3.2290636986567964,6.1309007630139,5.828728802528235,13.872617502061653,15.868854919972351,7.572724891313559,2.4119594510180393,0.0,6.6278912923482185,14.823519067584316,6.095144466483397,7.80411398271051,11.25095844618992,5.411175082295543,1.7363789006703432,8.364047339230265,4.838203507789982,3.1117961484175325,4.506202862209754,2.9020627996514237
Oommen:B=_John__1982,9.15131701054975,4.295879940054407,12.12624937746648,11.433109653271256,7.200019461162331,20.44008476409048,22.603445890597577,15.327251907534748,14.571822006320588,13.872617502061653,10.5792366133149,10.096966521751412,19.295675608144315,4.6144047052993615,11.04648548724703,12.705873486500842,14.222003755127927,9.755142478388136,11.25095844618992,12.626075192022933,10.41827340402206
Osborn:Sylvia_L=__1978,5.613461002135438,10.458675859539866,0.0,0.0,0.0,0.0,0.0,0.0,6.81336158803016,0.0,3.06545038150695,2.9143644012641174,0.0,5.2896183066574505,2.524241630437853,4.823918902036079,2.3072023526496808,4.418594194898812,4.235291162166948,2.0317148221611325,0.0
Ostroff:Jonathan_S=__1987,3.2290636986567964,0.0,8.743093203792352,2.7745235004123305,5.2896183066574505,5.048483260875706,0.0,0.0,2.209297097449406,2.117645581083474,2.0317148221611325,1.9510284956776276,5.62547922309496,3.607450054863695,5.20913670201103,3.3456189356921056,3.2254690051933212,6.223592296835065,1.5020676207365846,0.0,2.805192523944833
Ousterhout:John_K=__1980,4.885269831969991,0.0,21.479399700272033,4.04208312582216,26.677255857632936,10.800029191743496,3.40668079401508,6.458127397313593,12.2618015260278,2.9143644012641174,13.872617502061653,15.868854919972351,7.572724891313559,2.4119594510180393,2.3072023526496808,4.418594194898812,0.0,0.0,5.853085487032883,3.7503194820633063,0.0
Overstreet:C=_Michael__1982,4.575658505274875,0.0,4.04208312582216,0.0,3.600009730581166,0.0,6.458127397313593,3.06545038150695,2.9143644012641174,2.7745235004123305,10.5792366133149,12.621208152189263,2.4119594510180393,13.843214115898084,6.6278912923482185,8.470582324333895,6.095144466483397,7.80411398271051,1.8751597410316532,1.8037250274318477,1.7363789006703432
Pai:Dinesh_K=__1988,2.6448091533287252,2.524241630437853,4.823918902036079,9.228809410598725,13.255782584696435,8.470582324333895,16.25371857728906,5.853085487032883,16.87643766928488,10.822350164591086,12.154652304692402,18.40090414630658,16.127345025966605,6.223592296835065,16.52274382810243,8.706188398954271,8.4155775718345,6.782928499820651,2.625676271289992,2.5424108224934465,7.389308745415154
Panangaden:Prakash__1980,0.0,10.22004238204524,3.2290636986567964,21.45815267054865,8.743093203792352,11.098094001649322,10.5792366133149,10.096966521751412,9.647837804072156,2.3072023526496808,8.837188389797625,2.117645581083474,2.0317148221611325,3.902056991355255,5.62547922309496,5.411175082295543,6.945515602681373,8.364047339230265,6.4509380103866425,10.891286519461364,10.514473345156093
Panda:Dhabaleswar_K=__1991,7.934427459986176,0.0,12.059797255090196,9.228809410598725,8.837188389797625,16.94116464866779,28.444007510255854,15.60822796542102,15.001277928253224,18.03725027431847,22.57292570871446,20.07371361415263,35.480159057126535,40.45334992942792,37.55169051841462,37.72681639546851,39.27269533522767,24.418542599354343,24.94392457725493,17.796875757454124,23.399477693814656
Pang:Alex_T=__1990,2.7745235004123305,0.0,2.524241630437853,2.4119594510180393,4.6144047052993615,2.209297097449406,8.470582324333895,8.12685928864453,15.60822796542102,11.25095844618992,7.21490010972739,10.41827340402206,8.364047339230265,8.063672512983302,7.779490371043831,9.012405724419509,1.4510313998257118,1.4025962619724166,2.7131713999282603,1.312838135644996,0.0
Panne:Michiel_van_de__1994,4.823918902036079,0.0,0.0,4.235291162166948,4.063429644322265,3.902056991355255,1.8751597410316532,3.607450054863695,5.20913670201103,3.3456189356921056,1.6127345025966606,6.223592296835065,7.510338103682923,7.255156999128559,5.610385047889666,6.782928499820651,5.251352542579984,6.356027056233616,2.4631029151383848,3.581253346452926,3.4730672721883904
Pargas:Roy_P=__1982,4.295879940054407,0.0,3.811036551090419,0.0,0.0,0.0,9.19635114452085,0.0,2.7745235004123305,0.0,5.048483260875706,0.0,0.0,0.0,0.0,4.063429644322265,1.9510284956776276,3.7503194820633063,0.0,0.0,0.0
Park:Kihong__1996,2.117645581083474,4.063429644322265,3.902056991355255,9.375798705158266,5.411175082295543,5.20913670201103,3.3456189356921056,9.676407015579963,3.1117961484175325,3.0041352414731692,1.4510313998257118,8.4155775718345,6.782928499820651,1.312838135644996,0.0,0.0,0.0,0.0,0.0,2.180725335651527,1.0589091392016494
Pazzani:Michael_J=__1987,16.14531849328398,6.1309007630139,8.743093203792352,2.7745235004123305,13.224045766643629,7.572724891313559,12.059797255090196,16.150416468547764,17.67437677959525,14.823519067584316,16.25371857728906,11.706170974065763,26.252236374443143,18.03725027431847,13.891031205362744,10.036856807076315,1.6127345025966606,1.5558980742087662,1.5020676207365846,2.9020627996514237,2.805192523944833
Pemmaraju:Sriram_V=__1992,0.0,0.0,6.921607057949043,2.209297097449406,2.117645581083474,14.222003755127927,0.0,9.375798705158266,3.607450054863695,5.20913670201103,1.6728094678460528,1.6127345025966606,7.779490371043831,9.012405724419509,5.804125599302847,5.610385047889666,5.426342799856521,6.56419067822498,7.62723246748034,4.9262058302767695,3.581253346452926
Phatak:Dhananjay_S=__1994,4.6144047052993615,2.209297097449406,0.0,0.0,3.902056991355255,3.7503194820633063,3.607450054863695,5.20913670201103,5.0184284035381586,4.838203507789982,1.5558980742087662,6.0082704829463385,2.9020627996514237,0.0,0.0,0.0,2.5424108224934465,1.2315514575691924,1.1937511154843088,3.4730672721883904,2.246518049755739
Pitassi:Toniann__1992,4.6144047052993615,11.04648548724703,12.705873486500842,10.158574110805665,13.657199469743391,5.62547922309496,7.21490010972739,13.891031205362744,10.036856807076315,9.676407015579963,7.779490371043831,7.510338103682923,11.608251198605696,12.623366357751747,6.782928499820651,3.938514406934989,12.712054112467232,7.389308745415154,7.162506692905852,5.788445453647317,7.862813174145087
Plank:James_S=__1993,2.4119594510180393,6.921607057949043,4.418594194898812,2.117645581083474,6.095144466483397,5.853085487032883,11.25095844618992,1.8037250274318477,13.891031205362744,15.055285210614477,9.676407015579963,9.335388445252596,7.510338103682923,1.4510313998257118,1.4025962619724166,2.7131713999282603,3.938514406934989,1.2712054112467233,4.9262058302767695,2.3875022309686176,2.315378181458927
Pollack:Jordan_B=__1987,6.1309007630139,2.9143644012641174,8.323570501236992,2.6448091533287252,0.0,7.235878353054118,2.3072023526496808,6.6278912923482185,4.235291162166948,2.0317148221611325,11.706170974065763,7.500638964126613,21.64470032918217,10.41827340402206,6.691237871384211,8.063672512983302,6.223592296835065,19.5268790695756,4.353094199477136,2.805192523944833,0.0
Pollock:Lori_L=__1986,0.0,0.0,0.0,5.828728802528235,2.7745235004123305,0.0,2.524241630437853,2.4119594510180393,6.921607057949043,11.04648548724703,8.470582324333895,8.12685928864453,9.755142478388136,9.375798705158266,7.21490010972739,13.891031205362744,10.036856807076315,6.4509380103866425,7.779490371043831,22.531014311048768,10.157219798779982
Poplawski:David_A=__1978,0.0,0.0,0.0,0.0,3.2290636986567964,3.06545038150695,0.0,0.0,2.6448091533287252,0.0,0.0,0.0,0.0,0.0,0.0,0.0,0.0,0.0,0.0,0.0,0.0
Porter:Adam_A=__1991,2.6448091533287252,5.048483260875706,4.823918902036079,2.3072023526496808,6.6278912923482185,8.470582324333895,16.25371857728906,7.80411398271051,0.0,3.607450054863695,1.7363789006703432,3.3456189356921056,3.2254690051933212,9.335388445252596,9.012405724419509,2.9020627996514237,9.818173833806917,4.06975709989239,5.251352542579984,5.084821644986893,3.694654372707577
Potkonjak:Miodrag__1991,30.930159364291686,23.29410139191821,28.444007510255854,58.53085487032883,56.2547922309496,37.8782255760688,27.78206241072549,25.09214201769079,19.352814031159927,18.670776890505195,10.514473345156093,14.510313998257118,16.831155143669,10.85268559971304,13.12838135644996,13.983259523713956,12.315514575691925,21.48752007871756,24.311470905318732,24.71169854731313,13.08435201390916
Potter:Walter_D=__1987,0.0,6.1309007630139,2.9143644012641174,11.098094001649322,5.2896183066574505,2.524241630437853,4.823918902036079,4.6144047052993615,0.0,2.117645581083474,2.0317148221611325,7.80411398271051,1.8751597410316532,5.411175082295543,0.0,5.0184284035381586,4.838203507789982,10.891286519461364,9.012405724419509,5.804125599302847,4.20778878591725
Poulin:Pierre__1993,0.0,2.209297097449406,2.117645581083474,2.0317148221611325,7.80411398271051,1.8751597410316532,5.411175082295543,8.681894503351716,3.3456189356921056,1.6127345025966606,3.1117961484175325,6.0082704829463385,1.4510313998257118,2.805192523944833,10.85268559971304,5.251352542579984,3.81361623374017,6.157757287845962,3.581253346452926,8.103823635106245,2.246518049755739
Prakash:Atul__1989,0.0,5.549047000824661,5.2896183066574505,2.524241630437853,7.235878353054118,23.072023526496807,17.67437677959525,12.705873486500842,4.063429644322265,7.80411398271051,11.25095844618992,1.8037250274318477,3.4727578013406863,1.6728094678460528,4.838203507789982,1.5558980742087662,7.510338103682923,8.706188398954271,8.4155775718345,5.426342799856521,5.251352542579984
Prasad:Sushil_K=__1990,8.323570501236992,7.934427459986176,7.572724891313559,2.4119594510180393,2.3072023526496808,4.418594194898812,0.0,2.0317148221611325,3.902056991355255,0.0,1.8037250274318477,0.0,1.6728094678460528,12.901876020773283,7.779490371043831,12.016540965892675,7.255156999128559,9.818173833806917,5.426342799856521,5.251352542579984,5.084821644986893
Prins:Jan__1987,3.2290636986567964,9.19635114452085,2.9143644012641174,0.0,2.6448091533287252,5.048483260875706,2.4119594510180393,4.6144047052993615,2.209297097449406,2.117645581083474,4.063429644322265,3.902056991355255,3.7503194820633063,3.607450054863695,0.0,0.0,4.838203507789982,4.667694222626299,3.0041352414731692,5.804125599302847,4.20778878591725
Pugh:Bill__1988,3.06545038150695,5.828728802528235,11.098094001649322,10.5792366133149,10.096966521751412,4.823918902036079,16.150416468547764,11.04648548724703,10.58822790541737,4.063429644322265,3.902056991355255,7.500638964126613,1.8037250274318477,3.4727578013406863,1.6728094678460528,3.2254690051933212,6.223592296835065,9.012405724419509,8.706188398954271,8.4155775718345,4.06975709989239
Punch:William_F=__1989,0.0,2.7745235004123305,5.2896183066574505,2.524241630437853,2.4119594510180393,4.6144047052993615,6.6278912923482185,0.0,10.158574110805665,1.9510284956776276,1.8751597410316532,7.21490010972739,3.4727578013406863,0.0,8.063672512983302,12.44718459367013,3.0041352414731692,1.4510313998257118,2.805192523944833,0.0,2.625676271289992
Qiao:Chunming__1993,2.4119594510180393,4.6144047052993615,6.6278912923482185,8.470582324333895,8.12685928864453,9.755142478388136,18.75159741031653,21.64470032918217,13.891031205362744,18.40090414630658,38.70562806231985,35.78565570680162,9.012405724419509,15.96134539808283,16.831155143669,8.13951419978478,11.815543220804964,22.88169740244102,14.778617490830309,9.55000892387447,24.311470905318732
Quek:Francis_K=_H=__1990,4.823918902036079,0.0,2.209297097449406,4.235291162166948,2.0317148221611325,3.902056991355255,5.62547922309496,5.411175082295543,10.41827340402206,18.40090414630658,20.96554853375659,4.667694222626299,6.0082704829463385,11.608251198605696,0.0,12.209271299677171,6.56419067822498,13.983259523713956,6.157757287845962,16.712515616780323,12.7345799980241
Rackoff:Charles__1974,7.714444087643125,7.083049905784299,6.530830688885647,0.0,11.226922004270875,5.229337929769933,4.885269831969991,4.575658505274875,4.295879940054407,8.08416625164432,0.0,7.200019461162331,6.81336158803016,3.2290636986567964,9.19635114452085,8.743093203792352,0.0,2.6448091533287252,2.524241630437853,2.4119594510180393,0.0
Radhakrishnan:Sridhar__1990,13.872617502061653,0.0,2.524241630437853,7.235878353054118,0.0,2.209297097449406,2.117645581083474,2.0317148221611325,1.9510284956776276,3.7503194820633063,7.21490010972739,5.20913670201103,1.6728094678460528,8.063672512983302,3.1117961484175325,4.506202862209754,0.0,5.610385047889666,8.13951419978478,3.938514406934989,3.81361623374017
Rajasekaran:Sanguthevar__1988,6.1309007630139,5.828728802528235,2.7745235004123305,7.934427459986176,12.621208152189263,14.471756706108236,11.536011763248403,15.465079682145843,8.470582324333895,12.190288932966794,13.657199469743391,5.62547922309496,7.21490010972739,12.154652304692402,10.036856807076315,4.838203507789982,18.670776890505195,21.028946690312186,11.608251198605696,21.03894392958625,18.992199799497826
Rajopadhye:Sanjay_V=__1986,6.81336158803016,3.2290636986567964,0.0,2.9143644012641174,11.098094001649322,7.934427459986176,10.096966521751412,7.235878353054118,6.921607057949043,11.04648548724703,10.58822790541737,10.158574110805665,3.902056991355255,1.8751597410316532,12.626075192022933,10.41827340402206,3.3456189356921056,3.2254690051933212,1.5558980742087662,3.0041352414731692,4.353094199477136
Ramachandran:Vijaya__1983,8.08416625164432,0.0,0.0,13.62672317606032,9.68719109597039,12.2618015260278,11.65745760505647,8.323570501236992,15.868854919972351,10.096966521751412,7.235878353054118,18.45761882119745,6.6278912923482185,12.705873486500842,16.25371857728906,7.80411398271051,9.375798705158266,1.8037250274318477,1.7363789006703432,15.055285210614477,4.838203507789982
Ranganathan:N=__1988,9.19635114452085,5.828728802528235,8.323570501236992,7.934427459986176,17.66969141306497,21.707635059162353,16.150416468547764,24.302268071943463,29.647038135168632,6.095144466483397,27.314398939486782,22.50191689237984,10.822350164591086,10.41827340402206,15.055285210614477,24.19101753894991,17.11487881629643,9.012405724419509,20.314439597559964,12.623366357751747,9.496099899748913
Rangarajan:Anand__1990,8.837188389797625,14.823519067584316,8.12685928864453,3.902056991355255,13.126118187221572,7.21490010972739,8.681894503351716,5.0184284035381586,12.901876020773283,10.891286519461364,4.506202862209754,8.706188398954271,7.012981309862083,5.426342799856521,9.189866949514972,6.356027056233616,6.157757287845962,4.775004461937235,1.1576890907294637,8.986072199022956,4.361450671303054
Ranjan:Desh__1992,9.647837804072156,2.3072023526496808,4.418594194898812,2.117645581083474,4.063429644322265,9.755142478388136,5.62547922309496,3.607450054863695,1.7363789006703432,11.70966627492237,4.838203507789982,1.5558980742087662,4.506202862209754,4.353094199477136,4.20778878591725,0.0,2.625676271289992,3.81361623374017,4.9262058302767695,4.775004461937235,5.788445453647317
Rapaport:William_J=__1976,10.22004238204524,0.0,6.1309007630139,5.828728802528235,0.0,0.0,0.0,4.823918902036079,0.0,2.209297097449406,0.0,2.0317148221611325,1.9510284956776276,0.0,3.607450054863695,0.0,1.6728094678460528,1.6127345025966606,0.0,4.506202862209754,1.4510313998257118
Rau=Chaplin:Andrew__1993,6.921607057949043,4.418594194898812,2.117645581083474,8.12685928864453,7.80411398271051,9.375798705158266,0.0,8.681894503351716,3.3456189356921056,8.063672512983302,4.667694222626299,7.510338103682923,7.255156999128559,8.4155775718345,6.782928499820651,2.625676271289992,1.2712054112467233,0.0,5.968755577421544,10.41920181656517,5.616295124389348
Ravishankar:Chinya_V=__1987,0.0,0.0,0.0,0.0,0.0,7.934427459986176,5.048483260875706,4.823918902036079,16.150416468547764,13.255782584696435,8.470582324333895,8.12685928864453,9.755142478388136,1.8751597410316532,0.0,0.0,0.0,4.838203507789982,10.891286519461364,13.51860858662926,10.157219798779982
Rawlins:Gregory_J=_E=__1987,3.2290636986567964,6.1309007630139,0.0,0.0,7.934427459986176,2.524241630437853,9.647837804072156,2.3072023526496808,2.209297097449406,0.0,0.0,1.9510284956776276,0.0,1.8037250274318477,0.0,0.0,0.0,0.0,0.0,0.0,0.0
Rees:G=_H=_John_van__1978,0.0,0.0,0.0,0.0,4.295879940054407,0.0,3.811036551090419,0.0,0.0,0.0,3.06545038150695,2.9143644012641174,0.0,5.2896183066574505,0.0,0.0,0.0,0.0,0.0,0.0,0.0
Reeves:Douglas_S=__1987,3.2290636986567964,0.0,0.0,5.549047000824661,2.6448091533287252,5.048483260875706,0.0,11.536011763248403,4.418594194898812,2.117645581083474,10.158574110805665,1.9510284956776276,1.8751597410316532,7.21490010972739,6.945515602681373,6.691237871384211,4.838203507789982,14.003082667878896,7.510338103682923,1.4510313998257118,7.012981309862083
Reif:John_H=__1977,5.613461002135438,26.146689648849662,19.541079327879963,13.726975515824623,25.77527964032644,24.25249875493296,22.866219306542515,39.60010703639282,27.25344635212064,25.83250958925437,27.589053433562547,26.229279611377056,27.745235004123305,21.1584732266298,35.33938282612994,24.11959451018039,34.60803528974521,19.883673877044657,12.705873486500842,16.25371857728906,5.853085487032883
Renka:Robert_J=__1981,11.433109653271256,0.0,0.0,0.0,9.19635114452085,0.0,0.0,0.0,0.0,2.4119594510180393,0.0,2.209297097449406,4.235291162166948,4.063429644322265,3.902056991355255,15.001277928253224,1.8037250274318477,0.0,0.0,1.6127345025966606,6.223592296835065
Reps:Thomas_W=__1982,0.0,3.40668079401508,6.458127397313593,21.45815267054865,11.65745760505647,8.323570501236992,10.5792366133149,7.572724891313559,7.235878353054118,9.228809410598725,15.465079682145843,14.823519067584316,10.158574110805665,5.853085487032883,16.87643766928488,9.018625137159235,5.20913670201103,8.364047339230265,12.901876020773283,14.003082667878896,22.531014311048768
Revesz:Peter_Z=__1991,2.524241630437853,4.823918902036079,2.3072023526496808,11.04648548724703,0.0,16.25371857728906,5.853085487032883,5.62547922309496,14.42980021945478,3.4727578013406863,6.691237871384211,8.063672512983302,10.891286519461364,6.0082704829463385,5.804125599302847,5.610385047889666,5.426342799856521,9.189866949514972,3.81361623374017,7.389308745415154,1.1937511154843088
Ribbens:Calvin_J=__1986,6.458127397313593,0.0,8.743093203792352,5.549047000824661,13.224045766643629,5.048483260875706,7.235878353054118,0.0,0.0,0.0,2.0317148221611325,0.0,1.8751597410316532,1.8037250274318477,1.7363789006703432,1.6728094678460528,1.6127345025966606,0.0,1.5020676207365846,0.0,5.610385047889666
Riedl:John__1990,2.7745235004123305,2.6448091533287252,0.0,12.059797255090196,16.150416468547764,13.255782584696435,6.352936743250421,10.158574110805665,9.755142478388136,7.500638964126613,7.21490010972739,8.681894503351716,8.364047339230265,6.4509380103866425,10.891286519461364,9.012405724419509,15.96134539808283,9.818173833806917,5.426342799856521,9.189866949514972,5.084821644986893
Rinard:Martin_C=__1994,0.0,2.209297097449406,12.705873486500842,12.190288932966794,7.80411398271051,16.87643766928488,5.411175082295543,15.62741010603309,8.364047339230265,24.19101753894991,12.44718459367013,21.028946690312186,13.059282598431407,12.623366357751747,6.782928499820651,11.815543220804964,6.356027056233616,11.083963118122732,16.712515616780323,9.261512725835708,3.3697770746336086
Robertson:Edward_L=__1970,9.28811371456388,0.0,15.42888817528625,0.0,13.061661377771294,0.0,11.226922004270875,10.458675859539866,0.0,13.726975515824623,0.0,0.0,3.811036551090419,3.600009730581166,0.0,3.2290636986567964,0.0,0.0,0.0,0.0,0.0
Robins:Gabriel__1992,7.572724891313559,14.471756706108236,13.843214115898084,13.255782584696435,4.235291162166948,2.0317148221611325,7.80411398271051,7.500638964126613,7.21490010972739,3.4727578013406863,3.3456189356921056,3.2254690051933212,1.5558980742087662,6.0082704829463385,1.4510313998257118,4.20778878591725,2.7131713999282603,0.0,1.2712054112467233,1.2315514575691924,1.1937511154843088
Rogaway:Phillip__1990,4.6144047052993615,8.837188389797625,4.235291162166948,10.158574110805665,7.80411398271051,7.500638964126613,12.626075192022933,10.41827340402206,15.055285210614477,9.676407015579963,12.44718459367013,3.0041352414731692,10.157219798779982,5.610385047889666,2.7131713999282603,7.877028813869977,3.81361623374017,2.4631029151383848,8.356257808390161,4.630756362917854,7.862813174145087
Rogers:Anne__1990,2.7745235004123305,0.0,7.572724891313559,2.4119594510180393,11.536011763248403,13.255782584696435,4.235291162166948,4.063429644322265,3.902056991355255,5.62547922309496,1.8037250274318477,5.20913670201103,1.6728094678460528,0.0,1.5558980742087662,3.0041352414731692,0.0,2.805192523944833,1.35658569996413,0.0,1.2712054112467233
Rogers:John_D=__1995,2.209297097449406,2.117645581083474,2.0317148221611325,3.902056991355255,1.8751597410316532,0.0,0.0,1.6728094678460528,3.2254690051933212,0.0,0.0,1.4510313998257118,1.4025962619724166,1.35658569996413,0.0,1.2712054112467233,0.0,0.0,1.1576890907294637,0.0,1.0903626678257634
Rose:John_R=__1991,2.4119594510180393,0.0,0.0,0.0,0.0,0.0,0.0,0.0,1.7363789006703432,5.0184284035381586,3.2254690051933212,1.5558980742087662,3.0041352414731692,0.0,0.0,1.35658569996413,0.0,0.0,0.0,1.1937511154843088,1.1576890907294637
Rosenbloom:Paul_S=__1983,3.811036551090419,3.600009730581166,6.81336158803016,9.68719109597039,3.06545038150695,5.828728802528235,13.872617502061653,7.934427459986176,5.048483260875706,9.647837804072156,4.6144047052993615,8.837188389797625,8.470582324333895,4.063429644322265,0.0,0.0,3.607450054863695,0.0,0.0,3.2254690051933212,1.5558980742087662
Ross:Rockford_J=__1978,0.0,0.0,3.600009730581166,0.0,0.0,0.0,0.0,0.0,2.6448091533287252,0.0,0.0,2.3072023526496808,2.209297097449406,4.235291162166948,2.0317148221611325,1.9510284956776276,1.8751597410316532,0.0,3.4727578013406863,1.6728094678460528,1.6127345025966606
Rothermel:Gregg__1996,8.470582324333895,6.095144466483397,15.60822796542102,7.500638964126613,10.822350164591086,20.83654680804412,15.055285210614477,16.127345025966605,12.44718459367013,15.020676207365844,14.510313998257118,11.220770095779333,8.13951419978478,3.938514406934989,7.62723246748034,6.157757287845962,8.356257808390161,12.7345799980241,12.355849273656563,3.2710880034772902,3.1767274176049485
Roussopoulos:Nick__1977,0.0,5.613461002135438,15.6880137893098,4.885269831969991,0.0,8.591759880108814,12.12624937746648,11.433109653271256,25.20006811406816,20.44008476409048,12.916254794627186,9.19635114452085,2.9143644012641174,11.098094001649322,18.513664073301076,5.048483260875706,16.883716157126276,6.921607057949043,6.6278912923482185,2.117645581083474,8.12685928864453
Rudie:Karen__1992,0.0,0.0,0.0,2.117645581083474,0.0,0.0,0.0,3.607450054863695,0.0,0.0,1.6127345025966606,0.0,0.0,1.4510313998257118,4.20778878591725,6.782928499820651,1.312838135644996,3.81361623374017,2.4631029151383848,0.0,4.630756362917854
Ruiz:Carolina__1996,0.0,6.095144466483397,1.9510284956776276,0.0,0.0,1.7363789006703432,1.6728094678460528,3.2254690051933212,1.5558980742087662,4.506202862209754,4.353094199477136,2.805192523944833,2.7131713999282603,0.0,3.81361623374017,3.694654372707577,2.3875022309686176,5.788445453647317,2.246518049755739,1.0903626678257634,2.117818278403299
Rundensteiner:Elke_A=__1992,31.764683716252108,26.412292688094723,35.1185129221973,26.252236374443143,32.46705049377326,17.36378900670343,30.11057042122895,32.25469005193321,29.56206340996656,25.53514955252194,30.47165939633995,25.246732715503494,17.63561409953369,21.005410170319937,22.88169740244102,20.93637477867627,2.3875022309686176,18.523025451671415,20.218662447801652,5.451813339128817,12.706909670419794
Russell:Stuart_J=__1986,6.81336158803016,6.458127397313593,9.19635114452085,17.486186407584704,0.0,10.5792366133149,7.572724891313559,12.059797255090196,4.6144047052993615,15.465079682145843,4.235291162166948,20.31714822161133,13.657199469743391,7.500638964126613,5.411175082295543,6.945515602681373,8.364047339230265,6.4509380103866425,0.0,7.510338103682923,5.804125599302847
Sabry:Amr__1993,0.0,4.235291162166948,6.095144466483397,3.902056991355255,3.7503194820633063,0.0,5.20913670201103,3.3456189356921056,1.6127345025966606,3.1117961484175325,1.5020676207365846,2.9020627996514237,4.20778878591725,1.35658569996413,6.56419067822498,1.2712054112467233,0.0,3.581253346452926,2.315378181458927,0.0,2.180725335651527
Sahni:Sartaj__1973,0.0,23.143332262929377,35.41524952892149,32.65415344442823,18.13343554673525,16.840383006406313,20.917351719079733,29.311618991819945,22.878292526374373,25.77527964032644,28.29458188075512,26.677255857632936,10.800029191743496,30.66012714613572,25.83250958925437,30.654503815069496,26.229279611377056,30.51975850453564,23.803282379958528,22.718174673940677,33.76743231425255
Salem:Kenneth__1989,3.06545038150695,2.9143644012641174,5.549047000824661,5.2896183066574505,5.048483260875706,4.823918902036079,4.6144047052993615,6.6278912923482185,2.117645581083474,4.063429644322265,0.0,1.8751597410316532,1.8037250274318477,0.0,3.3456189356921056,0.0,3.1117961484175325,7.510338103682923,2.9020627996514237,9.818173833806917,6.782928499820651
Sandholm:Tuomas__1996,4.235291162166948,6.095144466483397,13.657199469743391,20.626757151348183,25.252150384045866,8.681894503351716,33.45618935692106,43.54383157010984,34.22975763259286,33.04548765620486,23.21650239721139,25.246732715503494,14.922442699605432,7.877028813869977,17.796875757454124,12.315514575691925,17.906266732264633,10.41920181656517,12.355849273656563,19.62652802086374,9.530182252814845
Santos:Eunice_E=__1995,2.209297097449406,4.235291162166948,6.095144466483397,0.0,7.500638964126613,3.607450054863695,1.7363789006703432,10.036856807076315,9.676407015579963,10.891286519461364,1.5020676207365846,5.804125599302847,1.4025962619724166,5.426342799856521,2.625676271289992,0.0,7.389308745415154,5.968755577421544,2.315378181458927,3.3697770746336086,0.0
Sarkar:Dilip__1988,0.0,2.9143644012641174,5.549047000824661,5.2896183066574505,10.096966521751412,4.823918902036079,9.228809410598725,4.418594194898812,2.117645581083474,2.0317148221611325,0.0,0.0,0.0,5.20913670201103,5.0184284035381586,6.4509380103866425,4.667694222626299,3.0041352414731692,7.255156999128559,4.20778878591725,0.0
Sarkar:Sudeep__1993,4.823918902036079,4.6144047052993615,2.209297097449406,6.352936743250421,6.095144466483397,19.510284956776275,3.7503194820633063,16.23352524688663,8.681894503351716,13.382475742768422,6.4509380103866425,17.11487881629643,6.0082704829463385,13.059282598431407,9.818173833806917,8.13951419978478,9.189866949514972,7.62723246748034,8.620860202984346,4.775004461937235,5.788445453647317
Sarrafzadeh:Majid__1987,9.68719109597039,0.0,8.743093203792352,33.294282004947966,26.448091533287258,32.81514119569209,31.35547286323451,27.68642823179617,26.51156516939287,4.235291162166948,16.25371857728906,15.60822796542102,24.37707663341149,39.681950603500646,31.25482021206618,28.4377609533829,20.96554853375659,18.670776890505195,16.52274382810243,17.412376797908543,22.441540191558666
Schaeffer:Jonathan__1986,14.40003892232466,3.40668079401508,6.458127397313593,3.06545038150695,14.571822006320588,5.549047000824661,7.934427459986176,7.572724891313559,12.059797255090196,2.3072023526496808,4.418594194898812,16.94116464866779,10.158574110805665,17.55925646109865,7.500638964126613,12.626075192022933,10.41827340402206,20.07371361415263,14.514610523369946,14.003082667878896,19.5268790695756
Scheidler:Renate__1993,0.0,2.3072023526496808,2.209297097449406,4.235291162166948,2.0317148221611325,3.902056991355255,0.0,5.411175082295543,1.7363789006703432,0.0,1.6127345025966606,1.5558980742087662,0.0,1.4510313998257118,4.20778878591725,5.426342799856521,0.0,2.5424108224934465,0.0,2.3875022309686176,0.0
Schmidt:David_A=__1981,3.811036551090419,14.40003892232466,0.0,0.0,3.06545038150695,0.0,5.549047000824661,0.0,5.048483260875706,4.823918902036079,2.3072023526496808,2.209297097449406,8.470582324333895,6.095144466483397,7.80411398271051,3.7503194820633063,1.8037250274318477,3.4727578013406863,3.3456189356921056,0.0,3.1117961484175325
Schmidt:Douglas_C=__1994,18.45761882119745,13.255782584696435,16.94116464866779,18.28543339945019,17.55925646109865,24.37707663341149,28.85960043890956,31.25482021206618,30.11057042122895,24.19101753894991,28.006165335757792,24.03308193178535,30.47165939633995,25.246732715503494,29.844885399210863,28.88243898418991,17.796875757454124,22.167926236245464,4.775004461937235,4.630756362917854,10.109331223900826
Schneider:Fred_B=__1978,16.840383006406313,0.0,9.770539663939982,9.15131701054975,8.591759880108814,12.12624937746648,26.677255857632936,18.000048652905825,13.62672317606032,9.68719109597039,0.0,2.9143644012641174,2.7745235004123305,5.2896183066574505,7.572724891313559,4.823918902036079,6.921607057949043,13.255782584696435,10.58822790541737,4.063429644322265,9.755142478388136
Schr=ouml=der:Peter__1994,4.418594194898812,2.117645581083474,2.0317148221611325,3.902056991355255,11.25095844618992,7.21490010972739,12.154652304692402,10.036856807076315,14.514610523369946,4.667694222626299,16.52274382810243,10.157219798779982,9.818173833806917,1.35658569996413,0.0,5.084821644986893,1.2315514575691924,0.0,4.630756362917854,2.246518049755739,2.180725335651527
Schubert:Lenhart_K=__1970,8.442065432556712,15.42888817528625,14.166099811568598,6.530830688885647,0.0,0.0,10.458675859539866,0.0,4.575658505274875,4.295879940054407,4.04208312582216,7.622073102180838,0.0,6.81336158803016,3.2290636986567964,6.1309007630139,2.9143644012641174,2.7745235004123305,2.6448091533287252,2.524241630437853,12.059797255090196
Schwiebert:Loren__1995,4.418594194898812,4.235291162166948,4.063429644322265,1.9510284956776276,1.8751597410316532,1.8037250274318477,10.41827340402206,10.036856807076315,8.063672512983302,6.223592296835065,6.0082704829463385,2.9020627996514237,2.805192523944833,4.06975709989239,0.0,0.0,0.0,0.0,3.4730672721883904,2.246518049755739,2.180725335651527
Sclaroff:Stan__1995,2.209297097449406,2.117645581083474,2.0317148221611325,7.80411398271051,9.375798705158266,10.822350164591086,17.36378900670343,10.036856807076315,11.289141518176624,7.779490371043831,25.53514955252194,5.804125599302847,5.610385047889666,12.209271299677171,10.502705085159969,7.62723246748034,7.389308745415154,13.131262270327396,6.946134544376781,10.109331223900826,9.81326401043187
Scott:Michael_L=__1985,0.0,3.40668079401508,3.2290636986567964,12.2618015260278,8.743093203792352,5.549047000824661,15.868854919972351,7.572724891313559,7.235878353054118,9.228809410598725,15.465079682145843,6.352936743250421,10.158574110805665,3.902056991355255,7.500638964126613,3.607450054863695,1.7363789006703432,8.364047339230265,11.289141518176624,10.891286519461364,9.012405724419509
Seales:W=_Brent__1991,0.0,5.048483260875706,0.0,0.0,8.837188389797625,0.0,0.0,7.80411398271051,5.62547922309496,1.8037250274318477,10.41827340402206,3.3456189356921056,1.6127345025966606,4.667694222626299,4.506202862209754,1.4510313998257118,2.805192523944833,0.0,7.877028813869977,1.2712054112467233,0.0
Sederberg:Thomas_W=__1983,0.0,22.866219306542515,14.40003892232466,10.22004238204524,3.2290636986567964,6.1309007630139,5.828728802528235,11.098094001649322,2.6448091533287252,5.048483260875706,4.823918902036079,6.921607057949043,11.04648548724703,2.117645581083474,6.095144466483397,7.80411398271051,1.8751597410316532,3.607450054863695,6.945515602681373,5.0184284035381586,4.838203507789982
Segre:Alberto_Maria__1987,3.2290636986567964,0.0,0.0,0.0,7.934427459986176,5.048483260875706,7.235878353054118,13.843214115898084,0.0,4.235291162166948,4.063429644322265,0.0,1.8751597410316532,0.0,1.7363789006703432,5.0184284035381586,0.0,0.0,0.0,4.353094199477136,5.610385047889666
Seiferas:Joel_I=__1974,7.714444087643125,0.0,13.061661377771294,42.311349609048904,16.840383006406313,0.0,9.770539663939982,22.878292526374373,0.0,4.04208312582216,0.0,3.600009730581166,3.40668079401508,0.0,6.1309007630139,0.0,2.7745235004123305,2.6448091533287252,0.0,0.0,6.921607057949043
Selman:Alan_L=__1970,9.28811371456388,0.0,15.42888817528625,7.083049905784299,6.530830688885647,6.044478515578415,5.613461002135438,15.6880137893098,0.0,4.575658505274875,12.88763982016322,8.08416625164432,19.055182755452098,7.200019461162331,3.40668079401508,3.2290636986567964,9.19635114452085,2.9143644012641174,5.549047000824661,2.6448091533287252,5.048483260875706
Seltzer:Margo_I=__1992,2.524241630437853,4.823918902036079,0.0,11.04648548724703,14.823519067584316,8.12685928864453,3.902056991355255,7.500638964126613,9.018625137159235,6.945515602681373,10.036856807076315,9.676407015579963,7.779490371043831,12.016540965892675,8.706188398954271,5.610385047889666,5.426342799856521,9.189866949514972,5.084821644986893,6.157757287845962,4.775004461937235
Sen:Sandip__1993,7.235878353054118,23.072023526496807,17.67437677959525,6.352936743250421,8.12685928864453,11.706170974065763,9.375798705158266,25.252150384045866,8.681894503351716,10.036856807076315,17.740079528563268,10.891286519461364,22.531014311048768,13.059282598431407,19.636347667613833,5.426342799856521,15.754057627739954,12.712054112467232,8.620860202984346,4.775004461937235,6.946134544376781
Serra:Micaela__1987,3.2290636986567964,3.06545038150695,0.0,5.549047000824661,0.0,5.048483260875706,2.4119594510180393,4.6144047052993615,4.418594194898812,0.0,2.0317148221611325,1.9510284956776276,5.62547922309496,5.411175082295543,0.0,3.3456189356921056,3.2254690051933212,1.5558980742087662,0.0,0.0,1.4025962619724166
Sha:Edwin_Hsing=Mean__1992,5.048483260875706,16.883716157126276,16.150416468547764,24.302268071943463,25.411746973001684,16.25371857728906,13.657199469743391,11.25095844618992,18.03725027431847,20.83654680804412,13.382475742768422,14.514610523369946,31.117961484175325,27.03721717325852,20.314439597559964,15.428558881696585,17.63561409953369,22.318248305964932,13.983259523713956,14.778617490830309,15.518764501296014
Shaffer:Clifford_A=__1986,6.458127397313593,6.1309007630139,2.9143644012641174,13.872617502061653,7.934427459986176,2.524241630437853,4.823918902036079,2.3072023526496808,2.209297097449406,2.117645581083474,4.063429644322265,3.902056991355255,7.500638964126613,0.0,3.4727578013406863,6.691237871384211,6.4509380103866425,10.891286519461364,1.5020676207365846,5.804125599302847,5.610385047889666
Shah:Mubarak__1986,3.40668079401508,0.0,6.1309007630139,2.9143644012641174,8.323570501236992,5.2896183066574505,10.096966521751412,12.059797255090196,16.150416468547764,6.6278912923482185,6.352936743250421,4.063429644322265,7.80411398271051,7.500638964126613,10.822350164591086,15.62741010603309,15.055285210614477,24.19101753894991,23.338471113131497,55.576501967253634,27.569596596688523
Shahrokhi:Farhad__1988,0.0,5.828728802528235,5.549047000824661,0.0,5.048483260875706,4.823918902036079,9.228809410598725,2.209297097449406,8.470582324333895,4.063429644322265,3.902056991355255,1.8751597410316532,5.411175082295543,1.7363789006703432,1.6728094678460528,3.2254690051933212,0.0,0.0,0.0,2.805192523944833,0.0
Shang:Weijia__1990,2.7745235004123305,7.934427459986176,10.096966521751412,4.823918902036079,9.228809410598725,0.0,6.352936743250421,0.0,1.9510284956776276,1.8751597410316532,1.8037250274318477,0.0,5.0184284035381586,1.6127345025966606,1.5558980742087662,0.0,1.4510313998257118,4.20778878591725,0.0,6.56419067822498,5.084821644986893
Shankar:A=_Udaya__1982,4.04208312582216,7.622073102180838,0.0,0.0,6.458127397313593,6.1309007630139,11.65745760505647,5.549047000824661,10.5792366133149,20.193933043502824,7.235878353054118,11.536011763248403,13.255782584696435,4.235291162166948,2.0317148221611325,1.9510284956776276,1.8751597410316532,0.0,1.7363789006703432,8.364047339230265,3.2254690051933212
Shao:Zhong__1994,4.6144047052993615,2.209297097449406,2.117645581083474,4.063429644322265,7.80411398271051,5.62547922309496,5.411175082295543,3.4727578013406863,6.691237871384211,8.063672512983302,4.667694222626299,3.0041352414731692,2.9020627996514237,8.4155775718345,2.7131713999282603,3.938514406934989,5.084821644986893,3.694654372707577,7.162506692905852,2.315378181458927,5.616295124389348
Shavlik:Jude_W=__1988,0.0,17.486186407584704,11.098094001649322,13.224045766643629,10.096966521751412,14.471756706108236,16.150416468547764,13.255782584696435,8.470582324333895,8.12685928864453,0.0,5.62547922309496,5.411175082295543,1.7363789006703432,10.036856807076315,8.063672512983302,12.44718459367013,7.510338103682923,8.706188398954271,9.818173833806917,2.7131713999282603
Shaw:Mary__1972,9.28811371456388,0.0,15.42888817528625,0.0,19.59249206665694,12.08895703115683,5.613461002135438,0.0,24.426349159849956,4.575658505274875,4.295879940054407,4.04208312582216,3.811036551090419,0.0,3.40668079401508,0.0,0.0,2.9143644012641174,5.549047000824661,2.6448091533287252,5.048483260875706
Shekhar:Shashi__1989,5.828728802528235,2.7745235004123305,5.2896183066574505,20.193933043502824,16.883716157126276,11.536011763248403,8.837188389797625,8.470582324333895,10.158574110805665,5.853085487032883,9.375798705158266,9.018625137159235,12.154652304692402,11.70966627492237,12.901876020773283,9.335388445252596,12.016540965892675,14.510313998257118,15.428558881696585,23.06195689939021,13.12838135644996
Shen:Stewart_N=_T=__1972,0.0,0.0,0.0,0.0,0.0,0.0,0.0,0.0,0.0,5.549047000824661,0.0,0.0,0.0,2.3072023526496808,2.209297097449406,0.0,2.0317148221611325,1.9510284956776276,1.8751597410316532,1.8037250274318477,1.7363789006703432
Shen:Xiaojun__1989,2.9143644012641174,2.7745235004123305,7.934427459986176,5.048483260875706,9.647837804072156,6.921607057949043,15.465079682145843,6.352936743250421,8.12685928864453,1.9510284956776276,9.375798705158266,3.607450054863695,5.20913670201103,5.0184284035381586,0.0,1.5558980742087662,4.506202862209754,13.059282598431407,9.818173833806917,6.782928499820651,2.625676271289992
Sherman:Alan_T=__1987,0.0,0.0,3.06545038150695,0.0,5.549047000824661,0.0,0.0,2.4119594510180393,9.228809410598725,2.209297097449406,0.0,4.063429644322265,0.0,0.0,0.0,0.0,0.0,1.6127345025966606,0.0,0.0,1.4510313998257118
Shieber:Stuart_M=__1989,2.9143644012641174,5.549047000824661,2.6448091533287252,2.524241630437853,2.4119594510180393,13.843214115898084,6.6278912923482185,6.352936743250421,10.158574110805665,0.0,0.0,0.0,0.0,3.3456189356921056,4.838203507789982,1.5558980742087662,3.0041352414731692,8.706188398954271,4.20778878591725,5.426342799856521,5.251352542579984
Shih:Frank_Y=__1987,3.06545038150695,2.9143644012641174,5.549047000824661,7.934427459986176,20.193933043502824,9.647837804072156,11.536011763248403,17.67437677959525,8.470582324333895,2.0317148221611325,3.902056991355255,1.8751597410316532,1.8037250274318477,3.4727578013406863,0.0,3.2254690051933212,20.22667496471396,18.024811448839017,8.706188398954271,14.025962619724163,10.85268559971304
Shimada:Kenji__1993,0.0,0.0,5.853085487032883,3.7503194820633063,10.822350164591086,6.945515602681373,6.691237871384211,3.2254690051933212,7.779490371043831,7.510338103682923,7.255156999128559,9.818173833806917,4.06975709989239,7.877028813869977,3.81361623374017,6.157757287845962,4.775004461937235,8.103823635106245,4.493036099511478,0.0,1.0589091392016494
Shing:Man=tak__1981,4.575658505274875,4.295879940054407,8.08416625164432,3.811036551090419,3.600009730581166,0.0,0.0,0.0,0.0,2.7745235004123305,0.0,0.0,2.4119594510180393,2.3072023526496808,2.209297097449406,2.117645581083474,0.0,0.0,3.7503194820633063,5.411175082295543,1.7363789006703432
Shipman_III:Frank_M=__1993,8.837188389797625,4.235291162166948,8.12685928864453,1.9510284956776276,11.25095844618992,12.626075192022933,12.154652304692402,5.0184284035381586,16.127345025966605,15.558980742087662,7.510338103682923,4.353094199477136,7.012981309862083,6.782928499820651,7.877028813869977,15.25446493496068,11.083963118122732,7.162506692905852,6.946134544376781,8.986072199022956,7.632538674780344
Shneiderman:Ben__1973,25.326196297670137,30.8577763505725,7.083049905784299,26.12332275554259,24.17791406231366,33.680766012812626,15.6880137893098,24.426349159849956,9.15131701054975,25.77527964032644,16.16833250328864,7.622073102180838,0.0,17.0334039700754,9.68719109597039,12.2618015260278,26.229279611377056,16.647141002473983,15.868854919972351,20.193933043502824,19.295675608144315
Shoham:Yoav__1987,12.2618015260278,8.743093203792352,8.323570501236992,18.513664073301076,25.24241630437853,12.059797255090196,9.228809410598725,11.04648548724703,2.117645581083474,18.28543339945019,3.902056991355255,7.500638964126613,5.411175082295543,5.20913670201103,10.036856807076315,8.063672512983302,12.44718459367013,9.012405724419509,4.353094199477136,11.220770095779333,16.27902839956956
Shroff:Ness_B=__1994,2.3072023526496808,2.209297097449406,10.58822790541737,8.12685928864453,9.755142478388136,15.001277928253224,7.21490010972739,22.57292570871446,5.0184284035381586,11.289141518176624,12.44718459367013,22.531014311048768,21.765470997385677,19.636347667613833,17.63561409953369,21.005410170319937,27.966519047427912,23.399477693814656,27.456275656139105,37.04605090334283,22.46518049755739
Simha:Rahul__1990,0.0,5.2896183066574505,5.048483260875706,2.4119594510180393,9.228809410598725,4.418594194898812,8.470582324333895,4.063429644322265,1.9510284956776276,7.500638964126613,3.607450054863695,3.4727578013406863,3.3456189356921056,4.838203507789982,4.667694222626299,6.0082704829463385,5.804125599302847,4.20778878591725,2.7131713999282603,5.251352542579984,1.2712054112467233
Singh:Ambuj_K=__1989,2.9143644012641174,2.7745235004123305,13.224045766643629,10.096966521751412,12.059797255090196,18.45761882119745,8.837188389797625,10.58822790541737,30.47572233241699,5.853085487032883,7.500638964126613,3.607450054863695,8.681894503351716,5.0184284035381586,20.96554853375659,14.003082667878896,12.016540965892675,10.157219798779982,4.20778878591725,5.426342799856521,7.877028813869977
Singh:Gurdip__1991,2.6448091533287252,5.048483260875706,7.235878353054118,13.843214115898084,4.418594194898812,8.470582324333895,10.158574110805665,1.9510284956776276,3.7503194820633063,3.607450054863695,1.7363789006703432,13.382475742768422,3.2254690051933212,9.335388445252596,3.0041352414731692,0.0,0.0,4.06975709989239,6.56419067822498,2.5424108224934465,0.0
Singh:Munindar_P=__1993,6.6278912923482185,12.705873486500842,28.444007510255854,29.265427435164415,28.1273961154748,23.448425356614017,19.100167907373773,28.4377609533829,29.02922104673989,35.78565570680162,21.028946690312186,15.96134539808283,22.441540191558666,13.5658569996413,21.005410170319937,10.169643289973786,18.473271863537885,15.518764501296014,18.523025451671415,17.972144398045913,17.445802685212215
Singh:Satinder_P=__1993,10.58822790541737,2.0317148221611325,17.55925646109865,9.375798705158266,18.03725027431847,13.891031205362744,6.691237871384211,4.838203507789982,15.558980742087662,12.016540965892675,10.157219798779982,11.220770095779333,8.13951419978478,5.251352542579984,10.169643289973786,7.389308745415154,10.74376003935878,3.4730672721883904,10.109331223900826,5.451813339128817,10.589091392016494
Singh:Suresh__1990,0.0,2.6448091533287252,2.524241630437853,2.4119594510180393,6.921607057949043,2.209297097449406,12.705873486500842,4.063429644322265,7.80411398271051,3.7503194820633063,3.607450054863695,3.4727578013406863,3.3456189356921056,4.838203507789982,9.335388445252596,6.0082704829463385,1.4510313998257118,7.012981309862083,6.782928499820651,3.938514406934989,1.2712054112467233
Singhal:Mukesh__1986,6.81336158803016,6.458127397313593,6.1309007630139,8.743093203792352,11.098094001649322,21.1584732266298,12.621208152189263,4.823918902036079,16.150416468547764,22.09297097449406,29.647038135168632,26.412292688094723,29.265427435164415,35.62803507960141,7.21490010972739,8.681894503351716,10.036856807076315,12.901876020773283,6.223592296835065,15.020676207365844,14.510313998257118
Sistla:A=_Prasad__1983,16.16833250328864,15.244146204361677,14.40003892232466,3.40668079401508,9.68719109597039,0.0,5.828728802528235,2.7745235004123305,5.2896183066574505,7.572724891313559,7.235878353054118,9.228809410598725,13.255782584696435,8.470582324333895,16.25371857728906,9.755142478388136,13.126118187221572,5.411175082295543,3.4727578013406863,5.0184284035381586,1.6127345025966606
Sitharam:Meera__1990,0.0,0.0,2.3072023526496808,4.418594194898812,4.235291162166948,6.095144466483397,0.0,1.8751597410316532,3.607450054863695,6.945515602681373,1.6728094678460528,3.2254690051933212,3.1117961484175325,0.0,5.804125599302847,2.805192523944833,0.0,3.938514406934989,3.81361623374017,2.4631029151383848,2.3875022309686176
Sivasubramaniam:Anand__1995,6.6278912923482185,0.0,12.190288932966794,9.755142478388136,13.126118187221572,16.23352524688663,26.04568351005515,26.764951485536844,29.02922104673989,26.450267261549023,16.52274382810243,23.21650239721139,9.818173833806917,18.992199799497826,3.938514406934989,8.898437878727062,8.620860202984346,9.55000892387447,13.892269088753562,11.232590248778695,7.632538674780344
Skjellum:Anthony__1990,4.823918902036079,4.6144047052993615,4.418594194898812,4.235291162166948,4.063429644322265,1.9510284956776276,7.500638964126613,5.411175082295543,8.681894503351716,5.0184284035381586,8.063672512983302,6.223592296835065,6.0082704829463385,2.9020627996514237,0.0,2.7131713999282603,0.0,5.084821644986893,2.4631029151383848,2.3875022309686176,1.1576890907294637
Slator:Brian_M=__1988,3.06545038150695,5.828728802528235,8.323570501236992,0.0,0.0,0.0,2.3072023526496808,0.0,6.352936743250421,0.0,0.0,3.7503194820633063,0.0,5.20913670201103,5.0184284035381586,1.6127345025966606,3.1117961484175325,3.0041352414731692,0.0,0.0,1.35658569996413
Sloan:Kenneth_R=__1977,9.15131701054975,4.295879940054407,0.0,3.811036551090419,3.600009730581166,3.40668079401508,0.0,3.06545038150695,0.0,0.0,0.0,2.524241630437853,0.0,0.0,2.209297097449406,2.117645581083474,2.0317148221611325,0.0,0.0,0.0,0.0
Sloan:Robert_H=__1989,5.549047000824661,0.0,5.048483260875706,4.823918902036079,11.536011763248403,4.418594194898812,4.235291162166948,8.12685928864453,5.853085487032883,5.62547922309496,5.411175082295543,1.7363789006703432,8.364047339230265,4.838203507789982,9.335388445252596,9.012405724419509,7.255156999128559,8.4155775718345,8.13951419978478,1.312838135644996,2.5424108224934465
Slonim:Jacob__1979,0.0,0.0,0.0,0.0,8.323570501236992,13.224045766643629,10.096966521751412,9.647837804072156,11.536011763248403,6.6278912923482185,2.117645581083474,2.0317148221611325,1.9510284956776276,1.8751597410316532,1.8037250274318477,1.7363789006703432,5.0184284035381586,1.6127345025966606,0.0,3.0041352414731692,1.4510313998257118
Smith:Jonathan_M=__1989,11.65745760505647,2.7745235004123305,10.5792366133149,5.048483260875706,7.235878353054118,6.921607057949043,2.209297097449406,6.352936743250421,6.095144466483397,7.80411398271051,11.25095844618992,5.411175082295543,3.4727578013406863,6.691237871384211,9.676407015579963,3.1117961484175325,3.0041352414731692,2.9020627996514237,5.610385047889666,2.7131713999282603,10.502705085159969
Smith:Michael_D=__1993,0.0,9.228809410598725,6.6278912923482185,10.58822790541737,8.12685928864453,7.80411398271051,5.62547922309496,1.8037250274318477,0.0,5.0184284035381586,8.063672512983302,9.335388445252596,6.0082704829463385,8.706188398954271,11.220770095779333,6.782928499820651,3.938514406934989,7.62723246748034,6.157757287845962,3.581253346452926,1.1576890907294637
Smith:Scott_F=__1989,3.06545038150695,0.0,0.0,7.934427459986176,7.572724891313559,4.823918902036079,2.3072023526496808,15.465079682145843,6.352936743250421,4.063429644322265,0.0,3.7503194820633063,3.607450054863695,3.4727578013406863,5.0184284035381586,0.0,4.667694222626299,6.0082704829463385,5.804125599302847,4.20778878591725,6.782928499820651
Smotherman:Mark__1984,3.811036551090419,3.600009730581166,6.81336158803016,3.2290636986567964,3.06545038150695,5.828728802528235,2.7745235004123305,2.6448091533287252,0.0,2.4119594510180393,2.3072023526496808,4.418594194898812,0.0,4.063429644322265,0.0,3.7503194820633063,0.0,0.0,0.0,0.0,0.0
Smyth:Padhraic__1988,14.823519067584316,22.348863043772457,3.902056991355255,13.126118187221572,16.23352524688663,8.681894503351716,13.382475742768422,17.740079528563268,7.779490371043831,6.0082704829463385,17.412376797908543,7.012981309862083,6.782928499820651,5.251352542579984,10.169643289973786,8.620860202984346,7.162506692905852,8.103823635106245,4.493036099511478,3.2710880034772902,2.117818278403299
Sohn:Andrew__1991,0.0,5.048483260875706,7.235878353054118,9.228809410598725,11.04648548724703,16.94116464866779,8.12685928864453,7.80411398271051,1.8751597410316532,1.8037250274318477,3.4727578013406863,1.6728094678460528,0.0,0.0,0.0,0.0,2.805192523944833,2.7131713999282603,0.0,1.2712054112467233,2.4631029151383848
Solomon:Marvin_H=__1976,0.0,0.0,5.613461002135438,5.229337929769933,9.770539663939982,9.15131701054975,25.77527964032644,0.0,11.433109653271256,3.600009730581166,3.40668079401508,9.68719109597039,0.0,0.0,8.323570501236992,2.6448091533287252,0.0,0.0,4.6144047052993615,4.418594194898812,4.235291162166948
Son:Sang_Hyuk__1986,13.62672317606032,12.916254794627186,9.19635114452085,26.229279611377056,13.872617502061653,15.868854919972351,17.66969141306497,21.707635059162353,16.150416468547764,26.51156516939287,14.823519067584316,24.38057786593359,13.657199469743391,13.126118187221572,16.23352524688663,10.41827340402206,21.746523081998685,17.740079528563268,15.558980742087662,7.510338103682923,14.510313998257118
Spetsakis:Minas_E=__1989,2.7745235004123305,2.6448091533287252,5.048483260875706,2.4119594510180393,4.6144047052993615,2.209297097449406,0.0,2.0317148221611325,0.0,0.0,1.8037250274318477,0.0,0.0,0.0,4.667694222626299,0.0,1.4510313998257118,0.0,0.0,0.0,1.2712054112467233
Spielman:Daniel_A=__1995,12.705873486500842,6.095144466483397,5.853085487032883,0.0,3.607450054863695,10.41827340402206,1.6728094678460528,6.4509380103866425,6.223592296835065,6.0082704829463385,2.9020627996514237,2.805192523944833,4.06975709989239,7.877028813869977,0.0,4.9262058302767695,3.581253346452926,6.946134544376781,3.3697770746336086,2.180725335651527,1.0589091392016494
Spooner:David_L=__1981,0.0,0.0,0.0,7.622073102180838,0.0,13.62672317606032,12.916254794627186,6.1309007630139,2.9143644012641174,5.549047000824661,5.2896183066574505,0.0,2.4119594510180393,11.536011763248403,4.418594194898812,6.352936743250421,10.158574110805665,3.902056991355255,1.8751597410316532,3.607450054863695,6.945515602681373
Sprague:Alan_P=__1988,0.0,0.0,0.0,5.2896183066574505,5.048483260875706,0.0,4.6144047052993615,2.209297097449406,2.117645581083474,2.0317148221611325,3.902056991355255,5.62547922309496,0.0,1.7363789006703432,0.0,0.0,17.11487881629643,4.506202862209754,5.804125599302847,2.805192523944833,2.7131713999282603
Srihari:Rohini_K=__1992,0.0,4.823918902036079,11.536011763248403,13.255782584696435,6.352936743250421,0.0,3.902056991355255,13.126118187221572,12.626075192022933,0.0,8.364047339230265,17.740079528563268,9.335388445252596,4.506202862209754,5.804125599302847,8.4155775718345,8.13951419978478,5.251352542579984,3.81361623374017,4.9262058302767695,0.0
Srihari:Sargur_N=__1976,6.530830688885647,0.0,0.0,15.6880137893098,9.770539663939982,4.575658505274875,25.77527964032644,12.12624937746648,7.622073102180838,3.600009730581166,10.22004238204524,12.916254794627186,6.1309007630139,20.400550808848823,5.549047000824661,2.6448091533287252,10.096966521751412,19.295675608144315,18.45761882119745,35.3487535591905,29.647038135168632
Steenkiste:Peter__1987,3.2290636986567964,3.06545038150695,8.743093203792352,5.549047000824661,7.934427459986176,7.572724891313559,4.823918902036079,13.843214115898084,11.04648548724703,10.58822790541737,10.158574110805665,15.60822796542102,11.25095844618992,7.21490010972739,10.41827340402206,18.40090414630658,20.96554853375659,15.558980742087662,16.52274382810243,11.608251198605696,12.623366357751747
Steinfield:Charles__1983,0.0,0.0,0.0,0.0,0.0,0.0,0.0,2.7745235004123305,0.0,0.0,0.0,0.0,6.6278912923482185,2.117645581083474,0.0,1.9510284956776276,7.500638964126613,1.8037250274318477,3.4727578013406863,11.70966627492237,1.6127345025966606
Stevenson:Suzanne__1994,0.0,0.0,0.0,3.902056991355255,1.8751597410316532,3.607450054863695,3.4727578013406863,3.3456189356921056,3.2254690051933212,3.1117961484175325,3.0041352414731692,4.353094199477136,2.805192523944833,9.496099899748913,1.312838135644996,7.62723246748034,2.4631029151383848,3.581253346452926,4.630756362917854,4.493036099511478,3.2710880034772902
Stewart:Lorna__1985,0.0,3.2290636986567964,0.0,0.0,5.549047000824661,0.0,2.524241630437853,7.235878353054118,2.3072023526496808,6.6278912923482185,2.117645581083474,4.063429644322265,3.902056991355255,9.375798705158266,1.8037250274318477,1.7363789006703432,1.6728094678460528,1.6127345025966606,0.0,1.5020676207365846,1.4510313998257118
Sticklen:Jon__1987,0.0,0.0,8.743093203792352,0.0,7.934427459986176,5.048483260875706,2.4119594510180393,2.3072023526496808,2.209297097449406,2.117645581083474,2.0317148221611325,5.853085487032883,1.8751597410316532,1.8037250274318477,0.0,3.3456189356921056,1.6127345025966606,0.0,0.0,0.0,1.4025962619724166
Stotts:P=_David__1985,3.600009730581166,0.0,0.0,6.1309007630139,14.571822006320588,22.196188003298644,10.5792366133149,10.096966521751412,2.4119594510180393,6.921607057949043,6.6278912923482185,10.58822790541737,6.095144466483397,1.9510284956776276,0.0,1.8037250274318477,0.0,8.364047339230265,4.838203507789982,4.667694222626299,1.5020676207365846
Subrahmanian:V=_S=__1989,20.400550808848823,16.647141002473983,23.803282379958528,27.766657934816383,19.295675608144315,16.150416468547764,28.72086226684228,40.235266040586005,20.31714822161133,25.36337044380916,15.001277928253224,19.840975301750323,12.154652304692402,8.364047339230265,14.514610523369946,17.11487881629643,15.020676207365844,14.510313998257118,22.441540191558666,16.27902839956956,11.815543220804964
Subramanian:Devika__1989,8.743093203792352,2.7745235004123305,2.6448091533287252,2.524241630437853,9.647837804072156,4.6144047052993615,6.6278912923482185,2.117645581083474,10.158574110805665,1.9510284956776276,3.7503194820633063,1.8037250274318477,1.7363789006703432,1.6728094678460528,1.6127345025966606,3.1117961484175325,1.5020676207365846,1.4510313998257118,0.0,1.35658569996413,1.312838135644996
Subramanian:Kalpathi_R=__1990,0.0,0.0,0.0,0.0,4.063429644322265,0.0,0.0,0.0,3.4727578013406863,1.6728094678460528,1.6127345025966606,4.667694222626299,7.510338103682923,0.0,0.0,1.35658569996413,0.0,2.5424108224934465,0.0,0.0,4.630756362917854
Tadepalli:Prasad__1989,5.828728802528235,2.7745235004123305,5.2896183066574505,2.524241630437853,4.823918902036079,2.3072023526496808,0.0,8.470582324333895,12.190288932966794,9.755142478388136,3.7503194820633063,0.0,1.7363789006703432,3.3456189356921056,0.0,0.0,3.0041352414731692,2.9020627996514237,11.220770095779333,9.496099899748913,10.502705085159969
Tamassia:Roberto__1988,18.3927022890417,23.31491521011294,16.647141002473983,26.448091533287258,20.193933043502824,26.531553961198433,18.45761882119745,15.465079682145843,46.58820278383642,22.348863043772457,19.510284956776275,16.87643766928488,21.64470032918217,12.154652304692402,8.364047339230265,9.676407015579963,10.891286519461364,9.012405724419509,2.9020627996514237,11.220770095779333,17.63561409953369
Tamon:Christino__1996,8.470582324333895,4.063429644322265,7.80411398271051,3.7503194820633063,3.607450054863695,0.0,3.3456189356921056,3.2254690051933212,3.1117961484175325,1.5020676207365846,2.9020627996514237,1.4025962619724166,1.35658569996413,0.0,1.2712054112467233,1.2315514575691924,1.1937511154843088,3.4730672721883904,0.0,0.0,1.0589091392016494
Tao:Lixin__1988,0.0,0.0,2.7745235004123305,2.6448091533287252,2.524241630437853,7.235878353054118,0.0,8.837188389797625,4.235291162166948,0.0,0.0,1.8751597410316532,0.0,1.7363789006703432,1.6728094678460528,0.0,0.0,0.0,2.9020627996514237,1.4025962619724166,1.35658569996413
Tarjan:Robert_Endre__1972,46.440568572819394,50.652392595340274,54.00110861350188,35.41524952892149,65.30830688885646,48.35582812462732,22.45384400854175,52.29337929769933,48.85269831969991,22.878292526374373,21.479399700272033,24.25249875493296,45.73243861308503,43.200116766973984,44.28685032219604,19.37438219194078,33.719954196576445,26.229279611377056,19.421664502886316,18.513664073301076,32.81514119569209
Taylor:David_J=__1977,12.08895703115683,0.0,0.0,9.770539663939982,9.15131701054975,8.591759880108814,0.0,0.0,0.0,17.0334039700754,0.0,0.0,0.0,8.323570501236992,7.934427459986176,0.0,2.4119594510180393,6.921607057949043,8.837188389797625,4.235291162166948,8.12685928864453
Taylor:Valerie_E=__1991,2.6448091533287252,5.048483260875706,0.0,2.3072023526496808,2.209297097449406,10.58822790541737,8.12685928864453,9.755142478388136,11.25095844618992,10.822350164591086,12.154652304692402,11.70966627492237,6.4509380103866425,1.5558980742087662,1.5020676207365846,4.353094199477136,0.0,4.06975709989239,3.938514406934989,1.2712054112467233,4.9262058302767695
Teller:Patricia_J=__1991,0.0,2.4119594510180393,2.3072023526496808,8.837188389797625,0.0,0.0,1.9510284956776276,5.62547922309496,5.411175082295543,1.7363789006703432,1.6728094678460528,3.2254690051933212,3.1117961484175325,3.0041352414731692,10.157219798779982,8.4155775718345,0.0,1.312838135644996,0.0,1.2315514575691924,1.1937511154843088
Teng:Shang=Hua__1991,11.536011763248403,15.465079682145843,8.470582324333895,22.348863043772457,19.510284956776275,24.37707663341149,9.018625137159235,5.20913670201103,5.0184284035381586,4.838203507789982,6.223592296835065,4.506202862209754,13.059282598431407,14.025962619724163,12.209271299677171,26.25676271289992,8.898437878727062,11.083963118122732,4.775004461937235,8.103823635106245,4.493036099511478
Teorey:Toby_J=__1972,18.57622742912776,0.0,0.0,7.083049905784299,13.061661377771294,6.044478515578415,16.840383006406313,10.458675859539866,9.770539663939982,0.0,4.295879940054407,0.0,3.811036551090419,0.0,3.40668079401508,3.2290636986567964,3.06545038150695,14.571822006320588,5.549047000824661,23.803282379958528,2.524241630437853
Thompson:William_B=__1975,7.083049905784299,6.530830688885647,6.044478515578415,0.0,0.0,14.655809495909972,9.15131701054975,4.295879940054407,16.16833250328864,0.0,14.40003892232466,6.81336158803016,6.458127397313593,0.0,5.828728802528235,2.7745235004123305,0.0,7.572724891313559,4.823918902036079,4.6144047052993615,0.0
Thornton:Mitchell_A=__1995,2.209297097449406,0.0,4.063429644322265,1.9510284956776276,3.7503194820633063,9.018625137159235,5.20913670201103,15.055285210614477,8.063672512983302,6.223592296835065,9.012405724419509,7.255156999128559,8.4155775718345,5.426342799856521,6.56419067822498,2.5424108224934465,3.694654372707577,7.162506692905852,3.4730672721883904,4.493036099511478,5.451813339128817
Tolmach:Andrew_P=__1992,0.0,2.4119594510180393,2.3072023526496808,2.209297097449406,0.0,0.0,7.80411398271051,1.8751597410316532,0.0,1.7363789006703432,0.0,1.6127345025966606,3.1117961484175325,1.5020676207365846,0.0,1.4025962619724166,0.0,0.0,1.2712054112467233,1.2315514575691924,0.0
Tomasi:Carlo__1991,0.0,2.524241630437853,4.823918902036079,4.6144047052993615,8.837188389797625,4.235291162166948,2.0317148221611325,11.706170974065763,18.75159741031653,3.607450054863695,12.154652304692402,5.0184284035381586,6.4509380103866425,4.667694222626299,1.5020676207365846,1.4510313998257118,5.610385047889666,2.7131713999282603,3.938514406934989,3.81361623374017,7.389308745415154
Tompa:Frank_Wm=__1974,7.714444087643125,0.0,6.530830688885647,0.0,0.0,0.0,4.885269831969991,9.15131701054975,17.183519760217628,4.04208312582216,0.0,3.600009730581166,6.81336158803016,6.458127397313593,6.1309007630139,5.828728802528235,5.549047000824661,0.0,2.524241630437853,2.4119594510180393,2.3072023526496808
Toussaint:Godfried_T=__1972,74.30490971651103,0.0,15.42888817528625,21.249149717352896,0.0,12.08895703115683,16.840383006406313,10.458675859539866,9.770539663939982,13.726975515824623,17.183519760217628,32.33666500657728,15.244146204361677,25.20006811406816,17.0334039700754,9.68719109597039,9.19635114452085,8.743093203792352,8.323570501236992,21.1584732266298,5.048483260875706
Trinkle:Jeffrey_C=__1987,6.1309007630139,5.828728802528235,2.7745235004123305,0.0,7.572724891313559,7.235878353054118,6.921607057949043,13.255782584696435,6.352936743250421,4.063429644322265,3.902056991355255,1.8751597410316532,9.018625137159235,3.4727578013406863,6.691237871384211,0.0,7.779490371043831,1.5020676207365846,2.9020627996514237,4.20778878591725,1.35658569996413
Tripathi:Satish_K=__1979,0.0,4.885269831969991,4.575658505274875,34.367039520435256,0.0,11.433109653271256,7.200019461162331,20.44008476409048,6.458127397313593,18.3927022890417,20.400550808848823,13.872617502061653,23.803282379958528,17.66969141306497,26.531553961198433,23.072023526496807,8.837188389797625,19.058810229751263,22.348863043772457,25.36337044380916,7.500638964126613
Tsatsoulis:Costas__1987,6.1309007630139,2.9143644012641174,2.7745235004123305,2.6448091533287252,5.048483260875706,4.823918902036079,2.3072023526496808,2.209297097449406,0.0,2.0317148221611325,3.902056991355255,7.500638964126613,5.411175082295543,1.7363789006703432,6.691237871384211,3.2254690051933212,3.1117961484175325,3.0041352414731692,0.0,1.4025962619724166,1.35658569996413
Tsitsiklis:John_N=__1984,0.0,0.0,3.600009730581166,3.40668079401508,12.916254794627186,3.06545038150695,14.571822006320588,5.549047000824661,15.868854919972351,5.048483260875706,19.295675608144315,11.536011763248403,8.837188389797625,8.470582324333895,14.222003755127927,0.0,15.001277928253224,10.822350164591086,6.945515602681373,5.0184284035381586,9.676407015579963
Tsotras:Vassilis_J=__1991,8.323570501236992,0.0,2.524241630437853,2.4119594510180393,0.0,11.04648548724703,2.117645581083474,0.0,3.902056991355255,11.25095844618992,5.411175082295543,12.154652304692402,18.40090414630658,6.4509380103866425,9.335388445252596,18.024811448839017,5.804125599302847,7.012981309862083,13.5658569996413,31.508115255479908,7.62723246748034
Turner:Jonathan_S=__1982,4.04208312582216,0.0,7.200019461162331,6.81336158803016,0.0,6.1309007630139,17.486186407584704,2.7745235004123305,2.6448091533287252,0.0,12.059797255090196,4.6144047052993615,4.418594194898812,2.117645581083474,12.190288932966794,3.902056991355255,1.8751597410316532,1.8037250274318477,10.41827340402206,15.055285210614477,14.514610523369946
Turner:Roy_M=__1989,0.0,0.0,0.0,7.80411398271051,7.500638964126613,1.8037250274318477,3.4727578013406863,0.0,1.6127345025966606,1.5558980742087662,1.5020676207365846,0.0,1.4025962619724166,0.0,0.0,1.2712054112467233,1.2315514575691924,0.0,1.1576890907294637,0.0,3.2710880034772902
Tzeng:Nian=Feng__1986,3.2290636986567964,3.06545038150695,5.828728802528235,16.647141002473983,23.803282379958528,10.096966521751412,16.883716157126276,16.150416468547764,8.837188389797625,14.823519067584316,14.222003755127927,1.9510284956776276,5.62547922309496,7.21490010972739,0.0,5.0184284035381586,4.838203507789982,6.223592296835065,6.0082704829463385,7.255156999128559,15.428558881696585
Vahid:Frank__1994,9.228809410598725,17.67437677959525,6.352936743250421,12.190288932966794,11.706170974065763,11.25095844618992,12.626075192022933,10.41827340402206,30.11057042122895,24.19101753894991,18.670776890505195,22.531014311048768,10.157219798779982,14.025962619724163,10.85268559971304,10.502705085159969,2.5424108224934465,4.9262058302767695,8.356257808390161,9.261512725835708,1.1232590248778695
Valavanis:Kimon_P=__1986,10.22004238204524,6.458127397313593,6.1309007630139,5.828728802528235,11.098094001649322,13.224045766643629,2.524241630437853,9.647837804072156,11.536011763248403,6.6278912923482185,8.470582324333895,8.12685928864453,5.853085487032883,9.375798705158266,7.21490010972739,3.4727578013406863,6.691237871384211,6.4509380103866425,20.22667496471396,13.51860858662926,14.510313998257118
Valtorta:Marco__1987,3.06545038150695,2.9143644012641174,5.549047000824661,10.5792366133149,10.096966521751412,2.4119594510180393,0.0,6.6278912923482185,0.0,0.0,1.9510284956776276,0.0,1.8037250274318477,1.7363789006703432,1.6728094678460528,1.6127345025966606,3.1117961484175325,4.506202862209754,4.353094199477136,0.0,4.06975709989239
VanLehn:Kurt__1983,3.600009730581166,3.40668079401508,6.458127397313593,0.0,8.743093203792352,0.0,10.5792366133149,0.0,2.4119594510180393,2.3072023526496808,2.209297097449406,2.117645581083474,0.0,5.853085487032883,1.8751597410316532,12.626075192022933,3.4727578013406863,8.364047339230265,6.4509380103866425,14.003082667878896,16.52274382810243
Varshney:Amitabh__1994,4.6144047052993615,4.418594194898812,10.58822790541737,6.095144466483397,3.902056991355255,3.7503194820633063,3.607450054863695,5.20913670201103,1.6728094678460528,3.2254690051933212,3.1117961484175325,4.506202862209754,8.706188398954271,5.610385047889666,1.35658569996413,5.251352542579984,1.2712054112467233,4.9262058302767695,2.3875022309686176,1.1576890907294637,1.1232590248778695
Veloso:Manuela_M=__1992,0.0,4.823918902036079,11.536011763248403,11.04648548724703,10.58822790541737,34.539151976739255,44.873655400585434,33.75287533856976,52.30802579552358,24.309304609384803,30.11057042122895,22.57828303635325,34.22975763259286,19.5268790695756,34.824753595817086,26.64932897747591,25.77512829931847,22.318248305964932,22.88169740244102,20.93637477867627,33.425031233560645
Verma:Rakesh_M=__1989,8.743093203792352,2.7745235004123305,2.6448091533287252,5.048483260875706,4.823918902036079,4.6144047052993615,6.6278912923482185,4.235291162166948,8.12685928864453,3.902056991355255,3.7503194820633063,0.0,6.945515602681373,5.0184284035381586,1.6127345025966606,4.667694222626299,3.0041352414731692,1.4510313998257118,0.0,6.782928499820651,1.312838135644996
Vijay=Shanker:K=__1987,3.2290636986567964,3.06545038150695,5.828728802528235,8.323570501236992,0.0,10.096966521751412,4.823918902036079,4.6144047052993615,6.6278912923482185,0.0,0.0,3.902056991355255,1.8751597410316532,1.8037250274318477,3.4727578013406863,0.0,1.6127345025966606,1.5558980742087662,4.506202862209754,4.353094199477136,8.4155775718345
Vitter:Jeffrey_Scott__1980,4.885269831969991,9.15131701054975,8.591759880108814,12.12624937746648,26.677255857632936,21.600058383486992,13.62672317606032,12.916254794627186,15.327251907534748,14.571822006320588,16.647141002473983,34.38251899327343,30.290899565254236,31.35547286323451,20.764821173847128,22.09297097449406,31.764683716252108,26.412292688094723,27.314398939486782,26.252236374443143,21.64470032918217
Vrbsky:Susan_V=__1993,0.0,2.4119594510180393,2.3072023526496808,0.0,4.235291162166948,8.12685928864453,9.755142478388136,3.7503194820633063,3.607450054863695,0.0,5.0184284035381586,6.4509380103866425,3.1117961484175325,9.012405724419509,2.9020627996514237,7.012981309862083,12.209271299677171,5.251352542579984,3.81361623374017,3.694654372707577,3.581253346452926
Wakefield:Gregory_H=__1988,3.40668079401508,0.0,0.0,0.0,2.7745235004123305,0.0,0.0,0.0,4.6144047052993615,4.418594194898812,12.705873486500842,6.095144466483397,0.0,9.375798705158266,5.411175082295543,1.7363789006703432,1.6728094678460528,1.6127345025966606,4.667694222626299,3.0041352414731692,1.4510313998257118
Walker:Robert_A=__1988,2.9143644012641174,0.0,2.6448091533287252,0.0,4.823918902036079,9.228809410598725,4.418594194898812,4.235291162166948,2.0317148221611325,0.0,5.62547922309496,1.8037250274318477,1.7363789006703432,1.6728094678460528,1.6127345025966606,4.667694222626299,1.5020676207365846,2.9020627996514237,2.805192523944833,4.06975709989239,0.0
Wang:DeLiang__1991,0.0,2.524241630437853,7.235878353054118,2.3072023526496808,6.6278912923482185,8.470582324333895,4.063429644322265,5.853085487032883,13.126118187221572,9.018625137159235,13.891031205362744,10.036856807076315,16.127345025966605,10.891286519461364,12.016540965892675,17.412376797908543,8.4155775718345,10.85268559971304,15.754057627739954,12.712054112467232,17.241720405968692
Wang:Paul_S=__1971,15.42888817528625,0.0,6.530830688885647,0.0,0.0,10.458675859539866,0.0,4.575658505274875,4.295879940054407,4.04208312582216,7.622073102180838,10.800029191743496,6.81336158803016,3.2290636986567964,3.06545038150695,2.9143644012641174,8.323570501236992,7.934427459986176,5.048483260875706,2.4119594510180393,6.921607057949043
Wang:Yuan=Fang__1987,9.68719109597039,0.0,2.9143644012641174,2.7745235004123305,13.224045766643629,10.096966521751412,0.0,0.0,4.418594194898812,4.235291162166948,4.063429644322265,5.853085487032883,5.62547922309496,0.0,3.4727578013406863,6.691237871384211,8.063672512983302,17.11487881629643,6.0082704829463385,2.9020627996514237,1.4025962619724166
Watson:Daniel_W=__1993,0.0,2.3072023526496808,0.0,4.235291162166948,4.063429644322265,3.902056991355255,1.8751597410316532,0.0,0.0,0.0,0.0,0.0,1.5020676207365846,1.4510313998257118,0.0,0.0,2.625676271289992,0.0,1.2315514575691924,0.0,0.0
Wechsler:Harry__1975,0.0,12.08895703115683,0.0,5.229337929769933,4.885269831969991,0.0,8.591759880108814,4.04208312582216,11.433109653271256,0.0,0.0,6.458127397313593,9.19635114452085,8.743093203792352,11.098094001649322,10.5792366133149,5.048483260875706,4.823918902036079,6.921607057949043,6.6278912923482185,23.29410139191821
Weide:Bruce_W=__1978,11.226922004270875,5.229337929769933,9.770539663939982,0.0,8.591759880108814,0.0,3.811036551090419,0.0,3.40668079401508,6.458127397313593,0.0,2.9143644012641174,2.7745235004123305,7.934427459986176,2.524241630437853,4.823918902036079,6.921607057949043,8.837188389797625,0.0,2.0317148221611325,3.902056991355255
Weissman:Jon_B=__1995,2.209297097449406,4.235291162166948,2.0317148221611325,5.853085487032883,5.62547922309496,7.21490010972739,12.154652304692402,6.691237871384211,6.4509380103866425,4.667694222626299,6.0082704829463385,4.353094199477136,8.4155775718345,6.782928499820651,11.815543220804964,2.5424108224934465,4.9262058302767695,2.3875022309686176,4.630756362917854,6.739554149267217,3.2710880034772902
Welch:Jennifer_L=__1988,5.828728802528235,5.549047000824661,7.934427459986176,5.048483260875706,12.059797255090196,4.6144047052993615,15.465079682145843,8.470582324333895,8.12685928864453,1.9510284956776276,1.8751597410316532,7.21490010972739,10.41827340402206,6.691237871384211,6.4509380103866425,7.779490371043831,12.016540965892675,4.353094199477136,0.0,4.06975709989239,14.441219492094955
Wellman:Michael_P=__1988,10.096966521751412,4.823918902036079,13.843214115898084,22.09297097449406,12.705873486500842,8.12685928864453,23.41234194813153,9.375798705158266,12.626075192022933,12.154652304692402,6.691237871384211,17.740079528563268,17.11487881629643,13.51860858662926,8.706188398954271,12.623366357751747,8.13951419978478,13.12838135644996,12.712054112467232,4.9262058302767695,9.55000892387447
Weng:Juyang__1989,12.621208152189263,9.647837804072156,4.6144047052993615,6.6278912923482185,14.823519067584316,10.158574110805665,11.706170974065763,7.500638964126613,10.822350164591086,6.945515602681373,3.3456189356921056,8.063672512983302,9.335388445252596,6.0082704829463385,2.9020627996514237,12.623366357751747,6.782928499820651,6.56419067822498,10.169643289973786,12.315514575691925,5.968755577421544
Wenger:Rephael__1988,13.872617502061653,5.2896183066574505,2.524241630437853,0.0,4.6144047052993615,2.209297097449406,4.235291162166948,12.190288932966794,3.902056991355255,0.0,7.21490010972739,6.945515602681373,1.6728094678460528,1.6127345025966606,4.667694222626299,1.5020676207365846,2.9020627996514237,4.20778878591725,1.35658569996413,1.312838135644996,2.5424108224934465
Weymouth:Terry_E=__1984,0.0,0.0,0.0,3.06545038150695,2.9143644012641174,11.098094001649322,10.5792366133149,10.096966521751412,7.235878353054118,9.228809410598725,8.837188389797625,2.117645581083474,0.0,1.9510284956776276,1.8751597410316532,0.0,0.0,0.0,0.0,0.0,0.0
Whalley:David_B=__1990,5.549047000824661,2.6448091533287252,12.621208152189263,4.823918902036079,11.536011763248403,15.465079682145843,2.117645581083474,4.063429644322265,5.853085487032883,13.126118187221572,5.411175082295543,8.681894503351716,6.691237871384211,6.4509380103866425,7.779490371043831,16.52274382810243,10.157219798779982,9.818173833806917,2.7131713999282603,3.938514406934989,2.5424108224934465
Whitaker:Ross_T=__1993,2.117645581083474,6.095144466483397,5.853085487032883,5.62547922309496,3.607450054863695,12.154652304692402,11.70966627492237,12.901876020773283,10.891286519461364,15.020676207365844,8.706188398954271,15.428558881696585,8.13951419978478,13.12838135644996,8.898437878727062,7.389308745415154,8.356257808390161,8.103823635106245,6.739554149267217,6.5421760069545805,7.412363974411546
Widom:Jennifer__1987,12.059797255090196,20.764821173847128,28.72086226684228,27.52939255408516,26.412292688094723,15.60822796542102,16.87643766928488,25.252150384045866,6.945515602681373,8.364047339230265,16.127345025966605,17.11487881629643,13.51860858662926,14.510313998257118,4.20778878591725,5.426342799856521,7.877028813869977,7.62723246748034,6.157757287845962,5.968755577421544,4.630756362917854
Wilensky:Robert__1978,11.226922004270875,10.458675859539866,9.770539663939982,13.726975515824623,12.88763982016322,4.04208312582216,7.622073102180838,0.0,3.40668079401508,3.2290636986567964,3.06545038150695,0.0,5.549047000824661,5.2896183066574505,0.0,0.0,0.0,4.418594194898812,8.470582324333895,2.0317148221611325,0.0
Wilkins:Dawn__1995,2.209297097449406,2.117645581083474,4.063429644322265,7.80411398271051,1.8751597410316532,1.8037250274318477,0.0,0.0,0.0,0.0,0.0,1.4510313998257118,2.805192523944833,1.35658569996413,2.625676271289992,3.81361623374017,2.4631029151383848,4.775004461937235,2.315378181458927,2.246518049755739,1.0903626678257634
Wills:Craig_E=__1988,0.0,2.6448091533287252,0.0,4.823918902036079,6.921607057949043,4.418594194898812,4.235291162166948,6.095144466483397,3.902056991355255,7.500638964126613,3.607450054863695,8.681894503351716,5.0184284035381586,6.4509380103866425,0.0,0.0,5.804125599302847,2.805192523944833,1.35658569996413,3.938514406934989,3.81361623374017
Wing:Jeannette_M=__1983,0.0,0.0,7.200019461162331,3.40668079401508,19.37438219194078,15.327251907534748,29.143644012641175,16.647141002473983,7.934427459986176,5.048483260875706,12.059797255090196,9.228809410598725,17.67437677959525,6.352936743250421,6.095144466483397,5.853085487032883,3.7503194820633063,12.626075192022933,3.4727578013406863,8.364047339230265,4.838203507789982
Winslett:Marianne__1987,6.458127397313593,9.19635114452085,8.743093203792352,0.0,13.224045766643629,15.145449782627118,16.883716157126276,20.764821173847128,11.04648548724703,12.705873486500842,14.222003755127927,7.80411398271051,7.500638964126613,5.411175082295543,17.36378900670343,25.09214201769079,22.57828303635325,17.11487881629643,12.016540965892675,24.667533797037105,25.246732715503494
Wishart:David_S=__1991,0.0,0.0,2.0317148221611325,0.0,0.0,1.8037250274318477,0.0,0.0,1.6127345025966606,10.891286519461364,10.514473345156093,5.804125599302847,7.012981309862083,9.496099899748913,3.938514406934989,7.62723246748034,3.694654372707577,8.356257808390161,5.788445453647317,6.739554149267217,8.722901342606107
Wolfe:Victor_Fay__1991,5.2896183066574505,0.0,12.059797255090196,9.228809410598725,0.0,6.352936743250421,6.095144466483397,3.902056991355255,7.500638964126613,3.607450054863695,3.4727578013406863,0.0,1.6127345025966606,1.5558980742087662,4.506202862209754,0.0,1.4025962619724166,1.35658569996413,0.0,0.0,0.0
Woodfield:Scott_N=__1980,0.0,9.15131701054975,0.0,4.04208312582216,0.0,0.0,0.0,9.68719109597039,3.06545038150695,2.9143644012641174,0.0,0.0,2.524241630437853,2.4119594510180393,9.228809410598725,6.6278912923482185,2.117645581083474,2.0317148221611325,0.0,0.0,0.0
Wu:Shyhtsun_Felix__1995,0.0,2.117645581083474,4.063429644322265,3.902056991355255,5.62547922309496,7.21490010972739,12.154652304692402,10.036856807076315,14.514610523369946,17.11487881629643,10.514473345156093,10.157219798779982,7.012981309862083,8.13951419978478,15.754057627739954,8.898437878727062,14.778617490830309,4.775004461937235,8.103823635106245,1.1232590248778695,4.361450671303054
Wu_0001:Jie__1989,2.9143644012641174,2.7745235004123305,2.6448091533287252,15.145449782627118,4.823918902036079,13.843214115898084,19.883673877044657,12.705873486500842,16.25371857728906,19.510284956776275,5.62547922309496,19.840975301750323,24.309304609384803,35.12899882476711,58.05844209347978,42.009248003636685,57.078569587990216,46.43300479442278,42.0778878591725,50.19367089867281,51.200687290154846
Xie:Geoffrey_G=__1996,4.235291162166948,10.158574110805665,1.9510284956776276,0.0,0.0,0.0,1.6728094678460528,0.0,3.1117961484175325,3.0041352414731692,0.0,2.805192523944833,4.06975709989239,7.877028813869977,2.5424108224934465,4.9262058302767695,3.581253346452926,4.630756362917854,7.862813174145087,2.180725335651527,1.0589091392016494
Yao:Andrew_Chi=Chih__1975,21.249149717352896,45.71581482219953,12.08895703115683,28.067305010677188,20.917351719079733,43.96742848772992,32.02960953692413,42.958799400544066,12.12624937746648,0.0,25.20006811406816,3.40668079401508,3.2290636986567964,6.1309007630139,14.571822006320588,8.323570501236992,13.224045766643629,5.048483260875706,9.647837804072156,9.228809410598725,15.465079682145843
Yap:Chee=Keng__1979,0.0,9.770539663939982,0.0,8.591759880108814,16.16833250328864,22.866219306542515,25.20006811406816,17.0334039700754,32.29063698656796,27.589053433562547,14.571822006320588,13.872617502061653,13.224045766643629,10.096966521751412,14.471756706108236,2.3072023526496808,11.04648548724703,10.58822790541737,10.158574110805665,1.9510284956776276,1.8751597410316532
Yarowsky:David__1996,0.0,0.0,0.0,3.7503194820633063,7.21490010972739,3.4727578013406863,10.036856807076315,4.838203507789982,0.0,1.5020676207365846,1.4510313998257118,1.4025962619724166,5.426342799856521,9.189866949514972,3.81361623374017,4.9262058302767695,1.1937511154843088,5.788445453647317,1.1232590248778695,4.361450671303054,4.235636556806598
Yelick:Katherine_A=__1991,0.0,5.048483260875706,12.059797255090196,6.921607057949043,13.255782584696435,8.470582324333895,10.158574110805665,1.9510284956776276,5.62547922309496,3.607450054863695,1.7363789006703432,5.0184284035381586,8.063672512983302,10.891286519461364,10.514473345156093,13.059282598431407,18.233751405641417,8.13951419978478,15.754057627739954,1.2712054112467233,6.157757287845962
Yen:I=Ling__1992,5.048483260875706,7.235878353054118,4.6144047052993615,13.255782584696435,6.352936743250421,4.063429644322265,5.853085487032883,5.62547922309496,3.607450054863695,13.891031205362744,11.70966627492237,14.514610523369946,20.22667496471396,27.03721717325852,20.314439597559964,18.233751405641417,17.63561409953369,11.815543220804964,17.796875757454124,11.083963118122732,14.325013385811705
Yesha:Yelena__1989,0.0,0.0,0.0,5.048483260875706,21.707635059162353,20.764821173847128,6.6278912923482185,8.470582324333895,8.12685928864453,9.755142478388136,7.500638964126613,3.607450054863695,3.4727578013406863,15.055285210614477,11.289141518176624,9.335388445252596,7.510338103682923,13.059282598431407,7.012981309862083,4.06975709989239,5.251352542579984
Yew:Pen=Chung__1981,22.603445890597577,15.327251907534748,8.743093203792352,19.421664502886316,29.092900686615977,7.572724891313559,7.235878353054118,11.536011763248403,8.837188389797625,23.29410139191821,8.12685928864453,15.60822796542102,13.126118187221572,10.822350164591086,5.20913670201103,10.036856807076315,9.676407015579963,10.891286519461364,12.016540965892675,7.255156999128559,11.220770095779333
Young:Neal_E=__1991,6.6278912923482185,12.705873486500842,6.095144466483397,5.853085487032883,7.500638964126613,5.411175082295543,3.4727578013406863,5.0184284035381586,0.0,1.5558980742087662,3.0041352414731692,5.804125599302847,8.4155775718345,4.06975709989239,5.251352542579984,0.0,3.694654372707577,2.3875022309686176,3.4730672721883904,3.3697770746336086,3.2710880034772902
Yu:Sheng__1986,0.0,3.06545038150695,2.9143644012641174,2.7745235004123305,15.868854919972351,10.096966521751412,9.647837804072156,18.45761882119745,11.04648548724703,8.470582324333895,12.190288932966794,11.706170974065763,15.001277928253224,9.018625137159235,13.891031205362744,23.41933254984474,8.063672512983302,9.335388445252596,9.012405724419509,8.706188398954271,14.025962619724163
Yuan:Li=Yan__1986,10.22004238204524,16.14531849328398,6.1309007630139,2.9143644012641174,8.323570501236992,13.224045766643629,10.096966521751412,7.235878353054118,13.843214115898084,11.04648548724703,4.235291162166948,12.190288932966794,3.902056991355255,5.62547922309496,3.607450054863695,6.945515602681373,1.6728094678460528,3.2254690051933212,3.1117961484175325,1.5020676207365846,0.0
Zanden:Bradley_T=_Vander__1988,8.323570501236992,5.2896183066574505,5.048483260875706,2.4119594510180393,6.921607057949043,2.209297097449406,4.235291162166948,2.0317148221611325,1.9510284956776276,1.8751597410316532,1.8037250274318477,3.4727578013406863,0.0,0.0,1.5558980742087662,1.5020676207365846,0.0,1.4025962619724166,0.0,0.0,0.0
Zeil:Steven_J=__1981,4.575658505274875,0.0,4.04208312582216,3.811036551090419,3.600009730581166,0.0,0.0,9.19635114452085,5.828728802528235,0.0,0.0,7.572724891313559,4.823918902036079,0.0,0.0,2.117645581083474,2.0317148221611325,1.9510284956776276,0.0,1.8037250274318477,0.0
Zemel:Richard_S=__1993,4.235291162166948,2.0317148221611325,3.902056991355255,3.7503194820633063,3.607450054863695,1.7363789006703432,3.3456189356921056,4.838203507789982,7.779490371043831,1.5020676207365846,7.255156999128559,2.805192523944833,13.5658569996413,3.938514406934989,3.81361623374017,3.694654372707577,13.131262270327396,6.946134544376781,6.739554149267217,7.632538674780344,2.117818278403299
Zhang:Aidong__1994,4.6144047052993615,4.418594194898812,14.823519067584316,22.348863043772457,15.60822796542102,15.001277928253224,16.23352524688663,12.154652304692402,41.82023669615132,32.25469005193321,23.338471113131497,25.53514955252194,13.059282598431407,9.818173833806917,12.209271299677171,7.877028813869977,13.983259523713956,7.389308745415154,16.712515616780323,19.68071454240088,12.355849273656563
Zhang:Hantao__1988,15.327251907534748,5.828728802528235,11.098094001649322,10.5792366133149,15.145449782627118,9.647837804072156,4.6144047052993615,11.04648548724703,8.470582324333895,4.063429644322265,3.902056991355255,0.0,5.411175082295543,3.4727578013406863,5.0184284035381586,8.063672512983302,9.335388445252596,3.0041352414731692,1.4510313998257118,0.0,4.06975709989239
Zhang:Weining__1988,0.0,2.9143644012641174,5.549047000824661,2.6448091533287252,7.572724891313559,9.647837804072156,0.0,6.6278912923482185,0.0,4.063429644322265,0.0,1.8751597410316532,1.8037250274318477,1.7363789006703432,0.0,1.6127345025966606,1.5558980742087662,1.5020676207365846,1.4510313998257118,1.4025962619724166,1.35658569996413
Zheng:Si=Qing__1987,0.0,3.06545038150695,8.743093203792352,2.7745235004123305,5.2896183066574505,22.718174673940677,19.295675608144315,6.921607057949043,11.04648548724703,21.17645581083474,12.190288932966794,11.706170974065763,13.126118187221572,9.018625137159235,6.945515602681373,8.364047339230265,9.676407015579963,14.003082667878896,15.020676207365844,14.510313998257118,12.623366357751747
Zhuang:Hanqi__1989,2.9143644012641174,0.0,2.6448091533287252,15.145449782627118,16.883716157126276,16.150416468547764,22.09297097449406,12.705873486500842,14.222003755127927,7.80411398271051,1.8751597410316532,0.0,5.20913670201103,1.6728094678460528,0.0,6.223592296835065,4.506202862209754,0.0,4.20778878591725,2.7131713999282603,6.56419067822498
Zilberstein:Shlomo__1993,2.4119594510180393,2.3072023526496808,8.837188389797625,16.94116464866779,2.0317148221611325,3.902056991355255,5.62547922309496,10.822350164591086,12.154652304692402,3.3456189356921056,14.514610523369946,18.670776890505195,9.012405724419509,7.255156999128559,14.025962619724163,10.85268559971304,21.005410170319937,15.25446493496068,16.0101689483995,3.581253346452926,5.788445453647317
Znati:Taieb__1988,0.0,0.0,0.0,7.934427459986176,5.048483260875706,7.235878353054118,11.536011763248403,8.837188389797625,10.58822790541737,4.063429644322265,15.60822796542102,7.500638964126613,10.822350164591086,17.36378900670343,8.364047339230265,8.063672512983302,14.003082667878896,22.531014311048768,18.863408197734255,16.831155143669,13.5658569996413
Zuckerman:David__1991,2.3072023526496808,4.418594194898812,10.58822790541737,8.12685928864453,5.853085487032883,11.25095844618992,1.8037250274318477,10.41827340402206,5.0184284035381586,1.6127345025966606,4.667694222626299,4.506202862209754,7.255156999128559,5.610385047889666,4.06975709989239,3.938514406934989,7.62723246748034,4.9262058302767695,2.3875022309686176,6.946134544376781,5.616295124389348
